date,y2,y5,y10,y30,2s10s_bp,2s30s_bp,5s30s_bp
1990-01-02,7.87,7.87,7.94,8.0,7.0,13.0,13.0
1990-01-03,7.94,7.92,7.99,8.04,5.0,10.0,12.0
1990-01-04,7.92,7.91,7.98,8.04,6.0,12.0,13.0
1990-01-05,7.9,7.92,7.99,8.06,9.0,16.0,14.0
1990-01-08,7.9,7.92,8.02,8.09,12.0,19.0,17.0
1990-01-09,7.91,7.92,8.02,8.1,11.0,19.0,18.0
1990-01-10,7.91,7.92,8.03,8.11,12.0,20.0,19.0
1990-01-11,7.91,7.94,8.04,8.11,13.0,20.0,17.0
1990-01-12,7.93,7.99,8.1,8.17,17.0,24.0,18.0
1990-01-16,8.1,8.11,8.2,8.25,10.0,15.0,14.0
1990-01-17,8.09,8.11,8.19,8.25,10.0,16.0,14.0
1990-01-18,8.25,8.27,8.32,8.35,7.0,10.0,8.0
1990-01-19,8.2,8.2,8.26,8.29,6.0,9.0,9.0
1990-01-22,8.18,8.19,8.27,8.31,9.0,13.0,12.0
1990-01-23,8.18,8.18,8.26,8.29,8.0,11.0,11.0
1990-01-24,8.2,8.28,8.38,8.41,18.0,21.0,13.0
1990-01-25,8.24,8.31,8.42,8.46,18.0,22.0,15.0
1990-01-26,8.28,8.38,8.49,8.55,21.0,27.0,17.0
1990-01-29,8.3,8.39,8.5,8.54,20.0,24.0,15.0
1990-01-30,8.3,8.43,8.51,8.55,21.0,25.0,12.0
1990-01-31,8.28,8.35,8.43,8.46,15.0,18.0,11.0
1990-02-01,8.28,8.35,8.42,8.44,14.0,16.0,9.0
1990-02-02,8.37,8.42,8.5,8.51,13.0,14.0,9.0
1990-02-05,8.37,8.44,8.53,8.53,16.0,16.0,9.0
1990-02-06,8.42,8.49,8.57,8.58,15.0,16.0,9.0
1990-02-07,8.42,8.51,8.52,8.57,10.0,15.0,6.0
1990-02-08,8.37,8.45,8.49,8.5,12.0,13.0,5.0
1990-02-09,8.25,8.29,8.31,8.36,6.0,11.0,7.0
1990-02-12,8.32,8.37,8.4,8.43,8.0,11.0,6.0
1990-02-13,8.21,8.29,8.35,8.39,14.0,18.0,10.0
1990-02-14,8.27,8.34,8.36,8.41,9.0,14.0,7.0
1990-02-15,8.35,8.4,8.43,8.47,8.0,12.0,7.0
1990-02-16,8.36,8.41,8.42,8.46,6.0,10.0,5.0
1990-02-20,8.52,8.58,8.62,8.66,10.0,14.0,8.0
1990-02-21,8.5,8.6,8.62,8.66,12.0,16.0,6.0
1990-02-22,8.45,8.48,8.54,8.56,9.0,11.0,8.0
1990-02-23,8.43,8.47,8.53,8.56,10.0,13.0,9.0
1990-02-26,8.38,8.4,8.46,8.49,8.0,11.0,9.0
1990-02-27,8.34,8.34,8.41,8.45,7.0,11.0,11.0
1990-02-28,8.43,8.44,8.51,8.54,8.0,11.0,10.0
1990-03-01,8.53,8.53,8.59,8.61,6.0,8.0,8.0
1990-03-02,8.48,8.5,8.54,8.55,6.0,7.0,5.0
1990-03-05,8.55,8.58,8.65,8.66,10.0,11.0,8.0
1990-03-06,8.54,8.57,8.59,8.59,5.0,5.0,2.0
1990-03-07,8.54,8.56,8.58,8.58,4.0,4.0,2.0
1990-03-08,8.59,8.57,8.57,8.56,-2.0,-3.0,-1.0
1990-03-09,8.73,8.68,8.65,8.63,-8.0,-10.0,-5.0
1990-03-12,8.71,8.67,8.63,8.62,-8.0,-9.0,-5.0
1990-03-13,8.77,8.75,8.73,8.72,-4.0,-5.0,-3.0
1990-03-14,8.69,8.67,8.65,8.61,-4.0,-8.0,-6.0
1990-03-15,8.71,8.69,8.66,8.63,-5.0,-8.0,-6.0
1990-03-16,8.64,8.61,8.59,8.55,-5.0,-9.0,-6.0
1990-03-19,8.68,8.65,8.59,8.54,-9.0,-14.0,-11.0
1990-03-20,8.68,8.61,8.54,8.47,-14.0,-21.0,-14.0
1990-03-21,8.69,8.62,8.55,8.47,-14.0,-22.0,-15.0
1990-03-22,8.62,8.56,8.53,8.49,-9.0,-13.0,-7.0
1990-03-23,8.61,8.54,8.52,8.48,-9.0,-13.0,-6.0
1990-03-26,8.61,8.52,8.51,8.47,-10.0,-14.0,-5.0
1990-03-27,8.59,8.55,8.52,8.48,-7.0,-11.0,-7.0
1990-03-28,8.57,8.53,8.51,8.47,-6.0,-10.0,-6.0
1990-03-29,8.62,8.6,8.6,8.58,-2.0,-4.0,-2.0
1990-03-30,8.64,8.65,8.65,8.63,1.0,-1.0,-2.0
1990-04-02,8.62,8.65,8.65,8.63,3.0,1.0,-2.0
1990-04-03,8.61,8.64,8.63,8.61,2.0,0.0,-3.0
1990-04-04,8.54,8.56,8.55,8.52,1.0,-2.0,-4.0
1990-04-05,8.54,8.57,8.57,8.52,3.0,-2.0,-5.0
1990-04-06,8.52,8.55,8.56,8.52,4.0,0.0,-3.0
1990-04-09,8.54,8.58,8.59,8.55,5.0,1.0,-3.0
1990-04-10,8.54,8.58,8.6,8.57,6.0,3.0,-1.0
1990-04-11,8.56,8.6,8.63,8.58,7.0,2.0,-2.0
1990-04-12,8.57,8.62,8.64,8.6,7.0,3.0,-2.0
1990-04-16,8.61,8.65,8.68,8.64,7.0,3.0,-1.0
1990-04-17,8.7,8.73,8.77,8.74,7.0,4.0,1.0
1990-04-18,8.79,8.84,8.86,8.85,7.0,6.0,1.0
1990-04-19,8.81,8.84,8.87,8.86,6.0,5.0,2.0
1990-04-20,8.82,8.88,8.95,8.93,13.0,11.0,5.0
1990-04-23,8.87,8.92,8.98,8.96,11.0,9.0,4.0
1990-04-24,8.92,8.96,9.0,8.98,8.0,6.0,2.0
1990-04-25,8.95,9.0,9.01,8.98,6.0,3.0,-2.0
1990-04-26,9.03,9.09,9.07,9.04,4.0,1.0,-5.0
1990-04-27,8.98,9.06,9.06,9.04,8.0,6.0,-2.0
1990-04-30,8.96,9.04,9.04,9.0,8.0,4.0,-4.0
1990-05-01,9.02,9.08,9.08,9.04,6.0,2.0,-4.0
1990-05-02,9.05,9.1,9.09,9.05,4.0,0.0,-5.0
1990-05-03,8.98,9.04,9.04,8.99,6.0,1.0,-5.0
1990-05-04,8.7,8.8,8.84,8.83,14.0,13.0,3.0
1990-05-07,8.74,8.83,8.87,8.85,13.0,11.0,2.0
1990-05-08,8.68,8.79,8.84,8.81,16.0,13.0,2.0
1990-05-09,8.75,8.87,8.88,8.9,13.0,15.0,3.0
1990-05-10,8.69,8.8,8.82,8.81,13.0,12.0,1.0
1990-05-11,8.55,8.64,8.64,8.64,9.0,9.0,0.0
1990-05-14,8.51,8.6,8.61,8.58,10.0,7.0,-2.0
1990-05-15,8.54,8.64,8.65,8.62,11.0,8.0,-2.0
1990-05-16,8.54,8.66,8.68,8.64,14.0,10.0,-2.0
1990-05-17,8.56,8.69,8.69,8.65,13.0,9.0,-4.0
1990-05-18,8.63,8.74,8.75,8.7,12.0,7.0,-4.0
1990-05-21,8.61,8.74,8.74,8.69,13.0,8.0,-5.0
1990-05-22,8.54,8.66,8.65,8.61,11.0,7.0,-5.0
1990-05-23,8.51,8.61,8.61,8.59,10.0,8.0,-2.0
1990-05-24,8.5,8.58,8.63,8.6,13.0,10.0,2.0
1990-05-25,8.53,8.61,8.69,8.67,16.0,14.0,6.0
1990-05-29,8.52,8.59,8.66,8.64,14.0,12.0,5.0
1990-05-30,8.48,8.56,8.62,8.6,14.0,12.0,4.0
1990-05-31,8.5,8.56,8.6,8.58,10.0,8.0,2.0
1990-06-01,8.33,8.38,8.44,8.43,11.0,10.0,5.0
1990-06-04,8.31,8.39,8.44,8.43,13.0,12.0,4.0
1990-06-05,8.34,8.42,8.47,8.46,13.0,12.0,4.0
1990-06-06,8.34,8.43,8.46,8.44,12.0,10.0,1.0
1990-06-07,8.34,8.41,8.46,8.43,12.0,9.0,2.0
1990-06-08,8.33,8.42,8.46,8.44,13.0,11.0,2.0
1990-06-11,8.36,8.43,8.48,8.45,12.0,9.0,2.0
1990-06-12,8.36,8.44,8.48,8.45,12.0,9.0,1.0
1990-06-13,8.27,8.35,8.4,8.39,13.0,12.0,4.0
1990-06-14,8.24,8.32,8.38,8.36,14.0,12.0,4.0
1990-06-15,8.33,8.41,8.46,8.43,13.0,10.0,2.0
1990-06-18,8.39,8.45,8.5,8.47,11.0,8.0,2.0
1990-06-19,8.41,8.47,8.51,8.48,10.0,7.0,1.0
1990-06-20,8.43,8.51,8.55,8.52,12.0,9.0,1.0
1990-06-21,8.41,8.48,8.52,8.5,11.0,9.0,2.0
1990-06-22,8.4,8.46,8.51,8.49,11.0,9.0,3.0
1990-06-25,8.45,8.53,8.58,8.56,13.0,11.0,3.0
1990-06-26,8.41,8.51,8.56,8.53,15.0,12.0,2.0
1990-06-27,8.37,8.47,8.52,8.49,15.0,12.0,2.0
1990-06-28,8.31,8.41,8.47,8.45,16.0,14.0,4.0
1990-06-29,8.24,8.35,8.43,8.41,19.0,17.0,6.0
1990-07-02,8.25,8.35,8.43,8.41,18.0,16.0,6.0
1990-07-03,8.2,8.32,8.4,8.4,20.0,20.0,8.0
1990-07-05,8.22,8.34,8.42,8.42,20.0,20.0,8.0
1990-07-06,8.32,8.44,8.51,8.51,19.0,19.0,7.0
1990-07-09,8.39,8.49,8.57,8.55,18.0,16.0,6.0
1990-07-10,8.4,8.5,8.57,8.56,17.0,16.0,6.0
1990-07-11,8.4,8.49,8.57,8.56,17.0,16.0,7.0
1990-07-12,8.2,8.37,8.5,8.5,30.0,30.0,13.0
1990-07-13,8.13,8.32,8.45,8.46,32.0,33.0,14.0
1990-07-16,8.15,8.31,8.44,8.46,29.0,31.0,15.0
1990-07-17,8.13,8.3,8.44,8.46,31.0,33.0,16.0
1990-07-18,8.13,8.34,8.5,8.55,37.0,42.0,21.0
1990-07-19,8.13,8.33,8.51,8.56,38.0,43.0,23.0
1990-07-20,8.08,8.28,8.48,8.54,40.0,46.0,26.0
1990-07-23,8.05,8.28,8.48,8.54,43.0,49.0,26.0
1990-07-24,8.12,8.35,8.53,8.59,41.0,47.0,24.0
1990-07-25,8.08,8.31,8.49,8.55,41.0,47.0,24.0
1990-07-26,8.08,8.31,8.49,8.54,41.0,46.0,23.0
1990-07-27,8.0,8.25,8.42,8.48,42.0,48.0,23.0
1990-07-30,7.93,8.14,8.34,8.4,41.0,47.0,26.0
1990-07-31,7.91,8.13,8.36,8.42,45.0,51.0,29.0
1990-08-01,7.85,8.06,8.29,8.36,44.0,51.0,30.0
1990-08-02,7.9,8.15,8.41,8.46,51.0,56.0,31.0
1990-08-03,7.79,8.11,8.43,8.55,64.0,76.0,44.0
1990-08-06,7.9,8.29,8.71,8.82,81.0,92.0,53.0
1990-08-07,8.04,8.41,8.78,8.86,74.0,82.0,45.0
1990-08-08,8.02,8.43,8.77,8.87,75.0,85.0,44.0
1990-08-09,7.99,8.33,8.66,8.75,67.0,76.0,42.0
1990-08-10,7.95,8.35,8.68,8.79,73.0,84.0,44.0
1990-08-13,7.94,8.36,8.71,8.83,77.0,89.0,47.0
1990-08-14,7.94,8.34,8.66,8.78,72.0,84.0,44.0
1990-08-15,7.94,8.33,8.64,8.76,70.0,82.0,43.0
1990-08-16,8.09,8.45,8.76,8.91,67.0,82.0,46.0
1990-08-17,8.11,8.49,8.8,8.94,69.0,83.0,45.0
1990-08-20,8.13,8.5,8.81,8.92,68.0,79.0,42.0
1990-08-21,8.19,8.56,8.84,8.94,65.0,75.0,38.0
1990-08-22,8.26,8.62,8.91,9.03,65.0,77.0,41.0
1990-08-23,8.26,8.69,9.0,9.11,74.0,85.0,42.0
1990-08-24,8.32,8.75,9.05,9.17,73.0,85.0,42.0
1990-08-27,8.21,8.61,8.9,9.02,69.0,81.0,41.0
1990-08-28,8.23,8.67,8.94,9.07,71.0,84.0,40.0
1990-08-29,8.16,8.52,8.84,8.95,68.0,79.0,43.0
1990-08-30,8.12,8.52,8.86,8.98,74.0,86.0,46.0
1990-08-31,8.07,8.5,8.86,8.99,79.0,92.0,49.0
1990-09-04,8.09,8.53,8.9,9.03,81.0,94.0,50.0
1990-09-05,8.04,8.47,8.86,8.98,82.0,94.0,51.0
1990-09-06,8.06,8.47,8.84,8.96,78.0,90.0,49.0
1990-09-07,8.04,8.45,8.81,8.92,77.0,88.0,47.0
1990-09-10,8.09,8.5,8.85,8.98,76.0,89.0,48.0
1990-09-11,8.1,8.48,8.83,8.96,73.0,86.0,48.0
1990-09-12,8.05,8.45,8.82,8.96,77.0,91.0,51.0
1990-09-13,8.01,8.44,8.82,8.96,81.0,95.0,52.0
1990-09-14,8.03,8.48,8.87,9.01,84.0,98.0,53.0
1990-09-17,8.05,8.49,8.9,9.06,85.0,101.0,57.0
1990-09-18,8.03,8.48,8.9,9.05,87.0,102.0,57.0
1990-09-19,8.08,8.51,8.88,9.02,80.0,94.0,51.0
1990-09-20,8.1,8.53,8.91,9.05,81.0,95.0,52.0
1990-09-21,8.12,8.58,8.99,9.13,87.0,101.0,55.0
1990-09-24,8.21,8.64,9.04,9.18,83.0,97.0,54.0
1990-09-25,8.18,8.64,9.02,9.15,84.0,97.0,51.0
1990-09-26,8.16,8.63,9.0,9.14,84.0,98.0,51.0
1990-09-27,8.05,8.52,8.91,9.05,86.0,100.0,53.0
1990-09-28,8.02,8.47,8.82,8.96,80.0,94.0,49.0
1990-10-01,7.94,8.38,8.71,8.84,77.0,90.0,46.0
1990-10-02,7.92,8.35,8.69,8.84,77.0,92.0,49.0
1990-10-03,7.88,8.33,8.71,8.85,83.0,97.0,52.0
1990-10-04,7.87,8.3,8.67,8.81,80.0,94.0,51.0
1990-10-05,7.81,8.27,8.65,8.79,84.0,98.0,52.0
1990-10-09,7.94,8.43,8.83,8.98,89.0,104.0,55.0
1990-10-10,7.99,8.49,8.89,9.03,90.0,104.0,54.0
1990-10-11,7.99,8.51,8.92,9.08,93.0,109.0,57.0
1990-10-12,7.94,8.44,8.84,8.98,90.0,104.0,54.0
1990-10-15,7.92,8.39,8.8,8.95,88.0,103.0,56.0
1990-10-16,7.92,8.39,8.79,8.94,87.0,102.0,55.0
1990-10-17,7.92,8.37,8.76,8.89,84.0,97.0,52.0
1990-10-18,7.91,8.32,8.71,8.85,80.0,94.0,53.0
1990-10-19,7.85,8.25,8.62,8.75,77.0,90.0,50.0
1990-10-22,7.85,8.25,8.63,8.76,78.0,91.0,51.0
1990-10-23,7.84,8.25,8.65,8.79,81.0,95.0,54.0
1990-10-24,7.84,8.26,8.66,8.79,82.0,95.0,53.0
1990-10-25,7.8,8.21,8.62,8.74,82.0,94.0,53.0
1990-10-26,7.8,8.23,8.63,8.76,83.0,96.0,53.0
1990-10-29,7.82,8.27,8.7,8.84,88.0,102.0,57.0
1990-10-30,7.79,8.28,8.7,8.83,91.0,104.0,55.0
1990-10-31,7.77,8.24,8.65,8.78,88.0,101.0,54.0
1990-11-01,7.68,8.15,8.57,8.7,89.0,102.0,55.0
1990-11-02,7.68,8.16,8.57,8.7,89.0,102.0,54.0
1990-11-05,7.63,8.1,8.5,8.63,87.0,100.0,53.0
1990-11-06,7.65,8.11,8.52,8.64,87.0,99.0,53.0
1990-11-07,7.67,8.16,8.57,8.71,90.0,104.0,55.0
1990-11-08,7.67,8.18,8.58,8.73,91.0,106.0,55.0
1990-11-09,7.61,8.1,8.49,8.63,88.0,102.0,53.0
1990-11-13,7.6,8.01,8.37,8.52,77.0,92.0,51.0
1990-11-14,7.58,8.01,8.36,8.51,78.0,93.0,50.0
1990-11-15,7.6,8.01,8.37,8.53,77.0,93.0,52.0
1990-11-16,7.58,7.96,8.3,8.46,72.0,88.0,50.0
1990-11-19,7.62,8.01,8.35,8.51,73.0,89.0,50.0
1990-11-20,7.62,7.98,8.31,8.47,69.0,85.0,49.0
1990-11-21,7.55,7.92,8.27,8.44,72.0,89.0,52.0
1990-11-23,7.53,7.92,8.28,8.44,75.0,91.0,52.0
1990-11-26,7.55,7.92,8.27,8.42,72.0,87.0,50.0
1990-11-27,7.5,7.94,8.28,8.44,78.0,94.0,50.0
1990-11-28,7.56,7.94,8.3,8.46,74.0,90.0,52.0
1990-11-29,7.58,7.96,8.32,8.47,74.0,89.0,51.0
1990-11-30,7.53,7.91,8.26,8.4,73.0,87.0,49.0
1990-12-03,7.51,7.88,8.22,8.36,71.0,85.0,48.0
1990-12-04,7.46,7.83,8.2,8.37,74.0,91.0,54.0
1990-12-05,7.46,7.82,8.16,8.32,70.0,86.0,50.0
1990-12-06,7.48,7.82,8.18,8.35,70.0,87.0,53.0
1990-12-07,7.33,7.67,8.03,8.19,70.0,86.0,52.0
1990-12-10,7.28,7.63,7.98,8.14,70.0,86.0,51.0
1990-12-11,7.26,7.6,7.94,8.1,68.0,84.0,50.0
1990-12-12,7.22,7.59,7.91,8.07,69.0,85.0,48.0
1990-12-13,7.31,7.68,7.98,8.14,67.0,83.0,46.0
1990-12-14,7.35,7.74,8.05,8.2,70.0,85.0,46.0
1990-12-17,7.31,7.71,8.02,8.18,71.0,87.0,47.0
1990-12-18,7.28,7.67,7.99,8.15,71.0,87.0,48.0
1990-12-19,7.21,7.64,8.0,8.19,79.0,98.0,55.0
1990-12-20,7.25,7.67,8.05,8.22,80.0,97.0,55.0
1990-12-21,7.3,7.75,8.11,8.28,81.0,98.0,53.0
1990-12-24,7.35,7.84,8.2,8.36,85.0,101.0,52.0
1990-12-26,7.27,7.78,8.15,8.3,88.0,103.0,52.0
1990-12-27,7.25,7.75,8.11,8.25,86.0,100.0,50.0
1990-12-28,7.25,7.78,8.14,8.31,89.0,106.0,53.0
1990-12-31,7.15,7.68,8.08,8.26,93.0,111.0,58.0
1991-01-02,7.08,7.59,7.97,8.14,89.0,106.0,55.0
1991-01-03,7.08,7.56,7.93,8.11,85.0,103.0,55.0
1991-01-04,7.17,7.65,8.02,8.2,85.0,103.0,55.0
1991-01-07,7.2,7.75,8.13,8.32,93.0,112.0,57.0
1991-01-08,7.15,7.74,8.16,8.37,101.0,122.0,63.0
1991-01-09,7.1,7.81,8.25,8.46,115.0,136.0,65.0
1991-01-10,7.14,7.76,8.16,8.37,102.0,123.0,61.0
1991-01-11,7.14,7.79,8.2,8.39,106.0,125.0,60.0
1991-01-14,7.18,7.82,8.23,8.41,105.0,123.0,59.0
1991-01-15,7.16,7.79,8.22,8.41,106.0,125.0,62.0
1991-01-16,7.21,7.83,8.24,8.4,103.0,119.0,57.0
1991-01-17,7.19,7.71,8.05,8.18,86.0,99.0,47.0
1991-01-18,7.14,7.68,8.03,8.17,89.0,103.0,49.0
1991-01-22,7.13,7.7,8.07,8.23,94.0,110.0,53.0
1991-01-23,7.08,7.67,8.04,8.21,96.0,113.0,54.0
1991-01-24,7.04,7.61,8.0,8.18,96.0,114.0,57.0
1991-01-25,7.1,7.67,8.06,8.24,96.0,114.0,57.0
1991-01-28,7.12,7.67,8.06,8.23,94.0,111.0,56.0
1991-01-29,7.1,7.64,8.03,8.2,93.0,110.0,56.0
1991-01-30,7.07,7.64,8.05,8.23,98.0,116.0,59.0
1991-01-31,7.05,7.62,8.03,8.21,98.0,116.0,59.0
1991-02-01,6.83,7.45,7.91,8.09,108.0,126.0,64.0
1991-02-04,6.82,7.43,7.88,8.05,106.0,123.0,62.0
1991-02-05,6.8,7.4,7.85,8.02,105.0,122.0,62.0
1991-02-06,6.82,7.4,7.79,8.02,97.0,120.0,62.0
1991-02-07,6.8,7.42,7.82,8.01,102.0,121.0,59.0
1991-02-08,6.8,7.4,7.77,7.95,97.0,115.0,55.0
1991-02-11,6.78,7.39,7.78,7.97,100.0,119.0,58.0
1991-02-12,6.78,7.39,7.78,7.96,100.0,118.0,57.0
1991-02-13,6.78,7.39,7.78,7.97,100.0,119.0,58.0
1991-02-14,6.77,7.38,7.8,7.99,103.0,122.0,61.0
1991-02-15,6.82,7.41,7.78,7.97,96.0,115.0,56.0
1991-02-19,6.87,7.46,7.8,7.99,93.0,112.0,53.0
1991-02-20,6.87,7.49,7.84,8.02,97.0,115.0,53.0
1991-02-21,6.9,7.51,7.88,8.04,98.0,114.0,53.0
1991-02-22,6.98,7.57,7.91,8.07,93.0,109.0,50.0
1991-02-25,6.99,7.57,7.91,8.05,92.0,106.0,48.0
1991-02-26,7.0,7.62,7.96,8.14,96.0,114.0,52.0
1991-02-27,7.02,7.64,7.98,8.15,96.0,113.0,51.0
1991-02-28,7.04,7.66,8.02,8.19,98.0,115.0,53.0
1991-03-01,7.18,7.78,8.12,8.28,94.0,110.0,50.0
1991-03-04,7.16,7.77,8.12,8.29,96.0,113.0,52.0
1991-03-05,7.13,7.73,8.08,8.25,95.0,112.0,52.0
1991-03-06,7.15,7.77,8.11,8.29,96.0,114.0,52.0
1991-03-07,7.12,7.73,8.07,8.23,95.0,111.0,50.0
1991-03-08,7.08,7.77,8.13,8.3,105.0,122.0,53.0
1991-03-11,7.05,7.71,8.06,8.23,101.0,118.0,52.0
1991-03-12,7.07,7.74,8.09,8.26,102.0,119.0,52.0
1991-03-13,7.0,7.67,8.02,8.2,102.0,120.0,53.0
1991-03-14,6.95,7.64,8.02,8.2,107.0,125.0,56.0
1991-03-15,7.01,7.73,8.1,8.3,109.0,129.0,57.0
1991-03-18,7.09,7.79,8.15,8.34,106.0,125.0,55.0
1991-03-19,7.22,7.93,8.25,8.42,103.0,120.0,49.0
1991-03-20,7.2,7.88,8.2,8.37,100.0,117.0,49.0
1991-03-21,7.13,7.82,8.16,8.34,103.0,121.0,52.0
1991-03-22,7.13,7.82,8.13,8.33,100.0,120.0,51.0
1991-03-25,7.14,7.83,8.13,8.32,99.0,118.0,49.0
1991-03-26,7.16,7.84,8.13,8.31,97.0,115.0,47.0
1991-03-27,7.07,7.76,8.08,8.26,101.0,119.0,50.0
1991-03-28,7.02,7.73,8.05,8.24,103.0,122.0,51.0
1991-04-01,7.01,7.74,8.07,8.25,106.0,124.0,51.0
1991-04-02,6.97,7.68,8.03,8.22,106.0,125.0,54.0
1991-04-03,6.99,7.71,8.05,8.24,106.0,125.0,53.0
1991-04-04,6.94,7.67,8.0,8.19,106.0,125.0,52.0
1991-04-05,6.92,7.65,7.99,8.18,107.0,126.0,53.0
1991-04-08,6.91,7.63,7.98,8.16,107.0,125.0,53.0
1991-04-09,6.94,7.68,8.03,8.2,109.0,126.0,52.0
1991-04-10,7.02,7.75,8.1,8.27,108.0,125.0,52.0
1991-04-11,6.95,7.74,8.09,8.27,114.0,132.0,53.0
1991-04-12,6.88,7.64,7.98,8.16,110.0,128.0,52.0
1991-04-15,6.9,7.64,7.95,8.12,105.0,122.0,48.0
1991-04-16,6.92,7.66,7.97,8.13,105.0,121.0,47.0
1991-04-17,6.9,7.64,7.95,8.11,105.0,121.0,47.0
1991-04-18,6.99,7.74,8.02,8.18,103.0,119.0,44.0
1991-04-19,7.03,7.8,8.1,8.24,107.0,121.0,44.0
1991-04-22,7.07,7.83,8.15,8.3,108.0,123.0,47.0
1991-04-23,7.05,7.78,8.12,8.28,107.0,123.0,50.0
1991-04-24,6.95,7.73,8.06,8.22,111.0,127.0,49.0
1991-04-25,6.93,7.7,8.07,8.24,114.0,131.0,54.0
1991-04-26,6.89,7.68,8.06,8.22,117.0,133.0,54.0
1991-04-29,6.9,7.7,8.07,8.23,117.0,133.0,53.0
1991-04-30,6.8,7.63,8.02,8.2,122.0,140.0,57.0
1991-05-01,6.8,7.63,8.01,8.18,121.0,138.0,55.0
1991-05-02,6.76,7.59,7.97,8.14,121.0,138.0,55.0
1991-05-03,6.8,7.67,8.04,8.22,124.0,142.0,55.0
1991-05-06,6.82,7.67,8.05,8.23,123.0,141.0,56.0
1991-05-07,6.82,7.67,8.06,8.24,124.0,142.0,57.0
1991-05-08,6.84,7.68,8.04,8.24,120.0,140.0,56.0
1991-05-09,6.84,7.68,8.02,8.21,118.0,137.0,53.0
1991-05-10,6.87,7.76,8.12,8.33,125.0,146.0,57.0
1991-05-13,6.84,7.72,8.07,8.27,123.0,143.0,55.0
1991-05-14,6.86,7.78,8.14,8.36,128.0,150.0,58.0
1991-05-15,6.84,7.77,8.13,8.34,129.0,150.0,57.0
1991-05-16,6.84,7.77,8.12,8.33,128.0,149.0,56.0
1991-05-17,6.86,7.77,8.08,8.28,122.0,142.0,51.0
1991-05-20,6.86,7.78,8.1,8.3,124.0,144.0,52.0
1991-05-21,6.84,7.74,8.06,8.26,122.0,142.0,52.0
1991-05-22,6.77,7.72,8.06,8.28,129.0,151.0,56.0
1991-05-23,6.74,7.71,8.1,8.31,136.0,157.0,60.0
1991-05-24,6.69,7.68,8.1,8.31,141.0,162.0,63.0
1991-05-28,6.66,7.66,8.07,8.28,141.0,162.0,62.0
1991-05-29,6.61,7.66,8.07,8.29,146.0,168.0,63.0
1991-05-30,6.6,7.63,8.02,8.22,142.0,162.0,59.0
1991-05-31,6.68,7.69,8.06,8.26,138.0,158.0,57.0
1991-06-03,6.79,7.8,8.14,8.34,135.0,155.0,54.0
1991-06-04,6.79,7.8,8.14,8.34,135.0,155.0,54.0
1991-06-05,6.83,7.84,8.19,8.39,136.0,156.0,55.0
1991-06-06,6.86,7.89,8.23,8.42,137.0,156.0,53.0
1991-06-07,6.98,7.96,8.29,8.48,131.0,150.0,52.0
1991-06-10,7.01,7.95,8.29,8.48,128.0,147.0,53.0
1991-06-11,6.99,7.96,8.29,8.48,130.0,149.0,52.0
1991-06-12,7.08,8.02,8.36,8.55,128.0,147.0,53.0
1991-06-13,7.08,8.0,8.34,8.53,126.0,145.0,53.0
1991-06-14,7.02,7.94,8.29,8.47,127.0,145.0,53.0
1991-06-17,7.02,7.96,8.3,8.49,128.0,147.0,53.0
1991-06-18,7.0,7.97,8.32,8.52,132.0,152.0,55.0
1991-06-19,6.95,7.97,8.33,8.52,138.0,157.0,55.0
1991-06-20,6.87,7.91,8.3,8.48,143.0,161.0,57.0
1991-06-21,6.94,7.95,8.32,8.51,138.0,157.0,56.0
1991-06-24,6.96,7.98,8.33,8.51,137.0,155.0,53.0
1991-06-25,7.04,7.99,8.33,8.51,129.0,147.0,52.0
1991-06-26,7.01,7.98,8.33,8.51,132.0,150.0,53.0
1991-06-27,7.0,7.97,8.32,8.49,132.0,149.0,52.0
1991-06-28,6.9,7.9,8.24,8.42,134.0,152.0,52.0
1991-07-01,6.97,7.93,8.26,8.44,129.0,147.0,51.0
1991-07-02,7.0,7.95,8.27,8.44,127.0,144.0,49.0
1991-07-03,6.97,7.92,8.26,8.42,129.0,145.0,50.0
1991-07-05,7.04,8.01,8.34,8.49,130.0,145.0,48.0
1991-07-08,7.0,8.0,8.34,8.51,134.0,151.0,51.0
1991-07-09,7.0,8.02,8.36,8.53,136.0,153.0,51.0
1991-07-10,6.97,8.0,8.35,8.53,138.0,156.0,53.0
1991-07-11,6.92,7.95,8.3,8.47,138.0,155.0,52.0
1991-07-12,6.88,7.9,8.26,8.44,138.0,156.0,54.0
1991-07-15,6.88,7.9,8.26,8.44,138.0,156.0,54.0
1991-07-16,6.9,7.91,8.27,8.46,137.0,156.0,55.0
1991-07-17,6.94,7.94,8.3,8.49,136.0,155.0,55.0
1991-07-18,6.91,7.95,8.31,8.5,140.0,159.0,55.0
1991-07-19,6.89,7.91,8.28,8.48,139.0,159.0,57.0
1991-07-22,6.91,7.92,8.28,8.48,137.0,157.0,56.0
1991-07-23,6.94,7.96,8.31,8.5,137.0,156.0,54.0
1991-07-24,6.88,7.86,8.24,8.42,136.0,154.0,56.0
1991-07-25,6.87,7.81,8.2,8.38,133.0,151.0,57.0
1991-07-26,6.85,7.82,8.2,8.39,135.0,154.0,57.0
1991-07-29,6.82,7.81,8.2,8.39,138.0,157.0,58.0
1991-07-30,6.84,7.81,8.21,8.39,137.0,155.0,58.0
1991-07-31,6.81,7.77,8.2,8.36,139.0,155.0,59.0
1991-08-01,6.84,7.78,8.2,8.38,136.0,154.0,60.0
1991-08-02,6.69,7.62,8.06,8.25,137.0,156.0,63.0
1991-08-05,6.69,7.62,8.04,8.24,135.0,155.0,62.0
1991-08-06,6.57,7.54,7.97,8.18,140.0,161.0,64.0
1991-08-07,6.54,7.51,7.93,8.17,139.0,163.0,66.0
1991-08-08,6.52,7.53,7.98,8.22,146.0,170.0,69.0
1991-08-09,6.49,7.51,7.98,8.23,149.0,174.0,72.0
1991-08-12,6.49,7.49,7.95,8.21,146.0,172.0,72.0
1991-08-13,6.48,7.46,7.91,8.17,143.0,169.0,71.0
1991-08-14,6.37,7.37,7.82,8.08,145.0,171.0,71.0
1991-08-15,6.33,7.37,7.84,8.09,151.0,176.0,72.0
1991-08-16,6.31,7.33,7.84,8.09,153.0,178.0,76.0
1991-08-19,6.24,7.31,7.83,8.11,159.0,187.0,80.0
1991-08-20,6.17,7.24,7.81,8.09,164.0,192.0,85.0
1991-08-21,6.27,7.27,7.8,8.07,153.0,180.0,80.0
1991-08-22,6.27,7.25,7.78,8.05,151.0,178.0,80.0
1991-08-23,6.46,7.39,7.88,8.13,142.0,167.0,74.0
1991-08-26,6.48,7.44,7.91,8.15,143.0,167.0,71.0
1991-08-27,6.41,7.42,7.89,8.14,148.0,173.0,72.0
1991-08-28,6.3,7.32,7.82,8.06,152.0,176.0,74.0
1991-08-29,6.25,7.24,7.74,7.99,149.0,174.0,75.0
1991-08-30,6.36,7.34,7.82,8.06,146.0,170.0,72.0
1991-09-03,6.33,7.32,7.81,8.05,148.0,172.0,73.0
1991-09-04,6.31,7.31,7.81,8.06,150.0,175.0,75.0
1991-09-05,6.31,7.32,7.83,8.09,152.0,178.0,77.0
1991-09-06,6.26,7.24,7.76,8.02,150.0,176.0,78.0
1991-09-09,6.23,7.2,7.73,8.0,150.0,177.0,80.0
1991-09-10,6.21,7.2,7.73,8.01,152.0,180.0,81.0
1991-09-11,6.23,7.21,7.74,8.02,151.0,179.0,81.0
1991-09-12,6.2,7.15,7.67,7.96,147.0,176.0,81.0
1991-09-13,6.18,7.13,7.66,7.95,148.0,177.0,82.0
1991-09-16,6.17,7.11,7.63,7.93,146.0,176.0,82.0
1991-09-17,6.18,7.1,7.62,7.92,144.0,174.0,82.0
1991-09-18,6.18,7.1,7.62,7.92,144.0,174.0,82.0
1991-09-19,6.2,7.1,7.61,7.92,141.0,172.0,82.0
1991-09-20,6.18,7.09,7.57,7.89,139.0,171.0,80.0
1991-09-23,6.17,7.09,7.55,7.88,138.0,171.0,79.0
1991-09-24,6.11,7.09,7.56,7.89,145.0,178.0,80.0
1991-09-25,6.12,7.06,7.58,7.91,146.0,179.0,85.0
1991-09-26,6.05,7.03,7.56,7.89,151.0,184.0,86.0
1991-09-27,6.02,6.95,7.49,7.83,147.0,181.0,88.0
1991-09-30,5.99,6.92,7.47,7.82,148.0,183.0,90.0
1991-10-01,5.99,6.9,7.45,7.81,146.0,182.0,91.0
1991-10-02,5.99,6.9,7.47,7.83,148.0,184.0,93.0
1991-10-03,5.98,6.88,7.47,7.84,149.0,186.0,96.0
1991-10-04,5.91,6.81,7.39,7.79,148.0,188.0,98.0
1991-10-07,5.93,6.81,7.4,7.79,147.0,186.0,98.0
1991-10-08,5.89,6.82,7.43,7.82,154.0,193.0,100.0
1991-10-09,5.93,6.87,7.51,7.91,158.0,198.0,104.0
1991-10-10,5.98,6.93,7.58,7.98,160.0,200.0,105.0
1991-10-11,5.91,6.84,7.49,7.9,158.0,199.0,106.0
1991-10-15,5.85,6.81,7.46,7.87,161.0,202.0,106.0
1991-10-16,5.86,6.79,7.45,7.88,159.0,202.0,109.0
1991-10-17,5.93,6.9,7.55,8.0,162.0,207.0,110.0
1991-10-18,5.95,6.88,7.53,7.97,158.0,202.0,109.0
1991-10-21,5.99,6.95,7.62,8.06,163.0,207.0,111.0
1991-10-22,6.02,6.99,7.67,8.1,165.0,208.0,111.0
1991-10-23,6.01,7.0,7.69,8.09,168.0,208.0,109.0
1991-10-24,5.93,6.91,7.65,8.03,172.0,210.0,112.0
1991-10-25,5.93,6.96,7.68,8.05,175.0,212.0,109.0
1991-10-28,5.88,6.91,7.65,8.03,177.0,215.0,112.0
1991-10-29,5.78,6.8,7.51,7.91,173.0,213.0,111.0
1991-10-30,5.73,6.77,7.48,7.9,175.0,217.0,113.0
1991-10-31,5.7,6.74,7.47,7.91,177.0,221.0,117.0
1991-11-01,5.65,6.71,7.48,7.93,183.0,228.0,122.0
1991-11-04,5.63,6.74,7.5,7.95,187.0,232.0,121.0
1991-11-05,5.7,6.79,7.56,8.02,186.0,232.0,123.0
1991-11-06,5.63,6.72,7.51,8.01,188.0,238.0,129.0
1991-11-07,5.62,6.65,7.43,7.92,181.0,230.0,127.0
1991-11-08,5.63,6.66,7.41,7.88,178.0,225.0,122.0
1991-11-12,5.65,6.65,7.37,7.8,172.0,215.0,115.0
1991-11-13,5.65,6.69,7.41,7.88,176.0,223.0,119.0
1991-11-14,5.6,6.62,7.35,7.82,175.0,222.0,120.0
1991-11-15,5.54,6.58,7.33,7.84,179.0,230.0,126.0
1991-11-18,5.55,6.57,7.33,7.84,178.0,229.0,127.0
1991-11-19,5.5,6.55,7.37,7.9,187.0,240.0,135.0
1991-11-20,5.52,6.56,7.38,7.92,186.0,240.0,136.0
1991-11-21,5.5,6.54,7.39,7.96,189.0,246.0,142.0
1991-11-22,5.49,6.56,7.44,7.99,195.0,250.0,143.0
1991-11-25,5.5,6.61,7.45,7.99,195.0,249.0,138.0
1991-11-26,5.45,6.53,7.42,7.95,197.0,250.0,142.0
1991-11-27,5.43,6.53,7.42,7.97,199.0,254.0,144.0
1991-11-29,5.38,6.48,7.38,7.94,200.0,256.0,146.0
1991-12-02,5.33,6.43,7.32,7.92,199.0,259.0,149.0
1991-12-03,5.29,6.39,7.28,7.9,199.0,261.0,151.0
1991-12-04,5.22,6.27,7.17,7.84,195.0,262.0,157.0
1991-12-05,5.22,6.3,7.21,7.86,199.0,264.0,156.0
1991-12-06,5.19,6.31,7.26,7.78,207.0,259.0,147.0
1991-12-09,5.09,6.23,7.22,7.78,213.0,269.0,155.0
1991-12-10,5.07,6.25,7.21,7.79,214.0,272.0,154.0
1991-12-11,5.04,6.26,7.22,7.81,218.0,277.0,155.0
1991-12-12,5.06,6.23,7.19,7.77,213.0,271.0,154.0
1991-12-13,5.09,6.3,7.22,7.79,213.0,270.0,149.0
1991-12-16,5.06,6.28,7.21,7.77,215.0,271.0,149.0
1991-12-17,5.02,6.24,7.18,7.75,216.0,273.0,151.0
1991-12-18,5.11,6.3,7.19,7.76,208.0,265.0,146.0
1991-12-19,5.05,6.19,7.11,7.68,206.0,263.0,149.0
1991-12-20,4.8,6.02,6.97,7.59,217.0,279.0,157.0
1991-12-23,4.79,6.0,6.88,7.53,209.0,274.0,153.0
1991-12-24,4.84,6.01,6.88,7.53,204.0,269.0,152.0
1991-12-26,4.85,6.0,6.85,7.51,200.0,266.0,151.0
1991-12-27,4.85,6.0,6.82,7.52,197.0,267.0,152.0
1991-12-30,4.8,5.97,6.76,7.45,196.0,265.0,148.0
1991-12-31,4.77,5.93,6.71,7.41,194.0,264.0,148.0
1992-01-02,4.77,5.98,6.78,7.46,201.0,269.0,148.0
1992-01-03,4.8,6.05,6.85,7.48,205.0,268.0,143.0
1992-01-06,4.76,6.02,6.82,7.44,206.0,268.0,142.0
1992-01-07,4.67,5.94,6.76,7.39,209.0,272.0,145.0
1992-01-08,4.66,5.96,6.77,7.41,211.0,275.0,145.0
1992-01-09,4.77,6.02,6.79,7.42,202.0,265.0,140.0
1992-01-10,4.85,6.1,6.85,7.47,200.0,262.0,137.0
1992-01-13,4.93,6.21,6.92,7.49,199.0,256.0,128.0
1992-01-14,5.0,6.34,7.03,7.54,203.0,254.0,120.0
1992-01-15,5.07,6.37,7.05,7.57,198.0,250.0,120.0
1992-01-16,5.07,6.41,7.13,7.65,206.0,258.0,124.0
1992-01-17,5.02,6.36,7.09,7.61,207.0,259.0,125.0
1992-01-21,4.97,6.27,7.03,7.57,206.0,260.0,130.0
1992-01-22,4.95,6.28,7.09,7.62,214.0,267.0,134.0
1992-01-23,5.02,6.32,7.2,7.71,218.0,269.0,139.0
1992-01-24,5.13,6.4,7.25,7.71,212.0,258.0,131.0
1992-01-27,5.15,6.41,7.24,7.71,209.0,256.0,130.0
1992-01-28,5.1,6.32,7.16,7.66,206.0,256.0,134.0
1992-01-29,5.15,6.42,7.25,7.75,210.0,260.0,133.0
1992-01-30,5.17,6.48,7.31,7.79,214.0,262.0,131.0
1992-01-31,5.11,6.44,7.31,7.77,220.0,266.0,133.0
1992-02-03,5.15,6.52,7.36,7.82,221.0,267.0,130.0
1992-02-04,5.12,6.46,7.29,7.76,217.0,264.0,130.0
1992-02-05,5.07,6.4,7.21,7.74,214.0,267.0,134.0
1992-02-06,5.05,6.4,7.2,7.75,215.0,270.0,135.0
1992-02-07,4.97,6.4,7.2,7.77,223.0,280.0,137.0
1992-02-10,4.94,6.38,7.21,7.79,227.0,285.0,141.0
1992-02-11,5.01,6.4,7.23,7.79,222.0,278.0,139.0
1992-02-12,5.08,6.46,7.3,7.81,222.0,273.0,135.0
1992-02-13,5.22,6.61,7.4,7.92,218.0,270.0,131.0
1992-02-14,5.27,6.65,7.41,7.91,214.0,264.0,126.0
1992-02-18,5.24,6.69,7.47,7.97,223.0,273.0,128.0
1992-02-19,5.28,6.67,7.42,7.93,214.0,265.0,126.0
1992-02-20,5.3,6.67,7.41,7.91,211.0,261.0,124.0
1992-02-21,5.46,6.77,7.45,7.95,199.0,249.0,118.0
1992-02-24,5.46,6.81,7.47,7.97,201.0,251.0,116.0
1992-02-25,5.43,6.78,7.44,7.94,201.0,251.0,116.0
1992-02-26,5.37,6.66,7.33,7.85,196.0,248.0,119.0
1992-02-27,5.34,6.67,7.35,7.86,201.0,252.0,119.0
1992-02-28,5.27,6.58,7.27,7.8,200.0,253.0,122.0
1992-03-02,5.45,6.73,7.38,7.9,193.0,245.0,117.0
1992-03-03,5.48,6.76,7.43,7.93,195.0,245.0,117.0
1992-03-04,5.5,6.76,7.43,7.9,193.0,240.0,114.0
1992-03-05,5.62,6.87,7.51,7.95,189.0,233.0,108.0
1992-03-06,5.6,6.85,7.48,7.93,188.0,233.0,108.0
1992-03-09,5.54,6.77,7.42,7.88,188.0,234.0,111.0
1992-03-10,5.56,6.78,7.43,7.89,187.0,233.0,111.0
1992-03-11,5.58,6.86,7.51,7.96,193.0,238.0,110.0
1992-03-12,5.74,7.01,7.62,8.04,188.0,230.0,103.0
1992-03-13,5.86,7.14,7.71,8.06,185.0,220.0,92.0
1992-03-16,5.87,7.12,7.69,8.07,182.0,220.0,95.0
1992-03-17,5.83,7.06,7.62,8.02,179.0,219.0,96.0
1992-03-18,5.84,7.06,7.62,8.01,178.0,217.0,95.0
1992-03-19,5.79,7.03,7.57,7.98,178.0,219.0,95.0
1992-03-20,5.86,7.12,7.64,8.05,178.0,219.0,93.0
1992-03-23,5.87,7.1,7.62,8.04,175.0,217.0,94.0
1992-03-24,5.78,7.0,7.53,7.94,175.0,216.0,94.0
1992-03-25,5.72,6.96,7.53,7.94,181.0,222.0,98.0
1992-03-26,5.69,6.98,7.57,7.99,188.0,230.0,101.0
1992-03-27,5.68,6.97,7.54,7.94,186.0,226.0,97.0
1992-03-30,5.61,6.93,7.54,7.95,193.0,234.0,102.0
1992-03-31,5.6,6.94,7.54,7.96,194.0,236.0,102.0
1992-04-01,5.53,6.82,7.46,7.9,193.0,237.0,108.0
1992-04-02,5.55,6.85,7.47,7.92,192.0,237.0,107.0
1992-04-03,5.37,6.76,7.42,7.88,205.0,251.0,112.0
1992-04-06,5.36,6.74,7.41,7.88,205.0,252.0,114.0
1992-04-07,5.34,6.73,7.41,7.9,207.0,256.0,117.0
1992-04-08,5.33,6.76,7.44,7.94,211.0,261.0,118.0
1992-04-09,5.09,6.59,7.35,7.85,226.0,276.0,126.0
1992-04-10,5.16,6.62,7.37,7.89,221.0,273.0,127.0
1992-04-13,5.11,6.58,7.33,7.86,222.0,275.0,128.0
1992-04-14,5.15,6.6,7.35,7.88,220.0,273.0,128.0
1992-04-15,5.22,6.66,7.37,7.87,215.0,265.0,121.0
1992-04-16,5.34,6.76,7.45,7.93,211.0,259.0,117.0
1992-04-20,5.45,6.9,7.59,8.02,214.0,257.0,112.0
1992-04-21,5.41,6.89,7.58,8.03,217.0,262.0,114.0
1992-04-22,5.41,6.89,7.57,8.04,216.0,263.0,115.0
1992-04-23,5.41,6.91,7.59,8.06,218.0,265.0,115.0
1992-04-24,5.33,6.85,7.55,8.06,222.0,273.0,121.0
1992-04-27,5.42,6.9,7.6,8.1,218.0,268.0,120.0
1992-04-28,5.4,6.87,7.57,8.06,217.0,266.0,119.0
1992-04-29,5.39,6.88,7.6,8.08,221.0,269.0,120.0
1992-04-30,5.46,6.91,7.61,8.06,215.0,260.0,115.0
1992-05-01,5.33,6.82,7.56,8.01,223.0,268.0,119.0
1992-05-04,5.32,6.82,7.58,8.03,226.0,271.0,121.0
1992-05-05,5.3,6.8,7.56,8.01,226.0,271.0,121.0
1992-05-06,5.25,6.76,7.46,7.97,221.0,272.0,121.0
1992-05-07,5.34,6.8,7.49,8.0,215.0,266.0,120.0
1992-05-08,5.29,6.73,7.41,7.9,212.0,261.0,117.0
1992-05-11,5.24,6.71,7.4,7.9,216.0,266.0,119.0
1992-05-12,5.19,6.66,7.36,7.86,217.0,267.0,120.0
1992-05-13,5.14,6.64,7.34,7.85,220.0,271.0,121.0
1992-05-14,5.13,6.63,7.34,7.87,221.0,274.0,124.0
1992-05-15,5.11,6.6,7.28,7.81,217.0,270.0,121.0
1992-05-18,5.12,6.59,7.28,7.82,216.0,270.0,123.0
1992-05-19,5.0,6.47,7.2,7.77,220.0,277.0,130.0
1992-05-20,5.13,6.55,7.25,7.79,212.0,266.0,124.0
1992-05-21,5.34,6.77,7.39,7.86,205.0,252.0,109.0
1992-05-22,5.24,6.69,7.35,7.83,211.0,259.0,114.0
1992-05-26,5.35,6.79,7.46,7.92,211.0,257.0,113.0
1992-05-27,5.28,6.74,7.44,7.91,216.0,263.0,117.0
1992-05-28,5.22,6.67,7.36,7.87,214.0,265.0,120.0
1992-05-29,5.19,6.61,7.33,7.84,214.0,265.0,123.0
1992-06-01,5.29,6.69,7.39,7.9,210.0,261.0,121.0
1992-06-02,5.23,6.61,7.35,7.87,212.0,264.0,126.0
1992-06-03,5.2,6.6,7.34,7.88,214.0,268.0,128.0
1992-06-04,5.22,6.6,7.34,7.88,212.0,266.0,128.0
1992-06-05,5.13,6.55,7.31,7.84,218.0,271.0,129.0
1992-06-08,5.11,6.56,7.31,7.84,220.0,273.0,128.0
1992-06-09,5.11,6.59,7.33,7.88,222.0,277.0,129.0
1992-06-10,5.13,6.59,7.35,7.9,222.0,277.0,131.0
1992-06-11,5.09,6.56,7.33,7.88,224.0,279.0,132.0
1992-06-12,5.06,6.49,7.29,7.85,223.0,279.0,136.0
1992-06-15,5.05,6.49,7.28,7.85,223.0,280.0,136.0
1992-06-16,5.02,6.44,7.24,7.84,222.0,282.0,140.0
1992-06-17,5.0,6.44,7.23,7.82,223.0,282.0,138.0
1992-06-18,4.94,6.39,7.19,7.8,225.0,286.0,141.0
1992-06-19,5.0,6.45,7.24,7.83,224.0,283.0,138.0
1992-06-22,4.99,6.45,7.24,7.84,225.0,285.0,139.0
1992-06-23,5.1,6.5,7.25,7.85,215.0,275.0,135.0
1992-06-24,4.96,6.39,7.2,7.83,224.0,287.0,144.0
1992-06-25,4.89,6.32,7.14,7.78,225.0,289.0,146.0
1992-06-26,4.88,6.33,7.15,7.79,227.0,291.0,146.0
1992-06-29,4.83,6.29,7.12,7.78,229.0,295.0,149.0
1992-06-30,4.83,6.29,7.14,7.79,231.0,296.0,150.0
1992-07-01,4.82,6.27,7.1,7.76,228.0,294.0,149.0
1992-07-02,4.55,6.02,6.93,7.63,238.0,308.0,161.0
1992-07-06,4.46,5.97,6.9,7.62,244.0,316.0,165.0
1992-07-07,4.4,5.91,6.87,7.61,247.0,321.0,170.0
1992-07-08,4.4,5.93,6.91,7.61,251.0,321.0,168.0
1992-07-09,4.4,5.93,6.91,7.61,251.0,321.0,168.0
1992-07-10,4.38,5.92,6.93,7.64,255.0,326.0,172.0
1992-07-13,4.4,5.94,6.97,7.67,257.0,327.0,173.0
1992-07-14,4.32,5.9,6.97,7.69,265.0,337.0,179.0
1992-07-15,4.25,5.8,6.9,7.64,265.0,339.0,184.0
1992-07-16,4.25,5.8,6.87,7.62,262.0,337.0,182.0
1992-07-17,4.27,5.82,6.9,7.68,263.0,341.0,186.0
1992-07-20,4.3,5.82,6.9,7.66,260.0,336.0,184.0
1992-07-21,4.34,5.82,6.89,7.67,255.0,333.0,185.0
1992-07-22,4.29,5.77,6.85,7.62,256.0,333.0,185.0
1992-07-23,4.2,5.62,6.72,7.54,252.0,334.0,192.0
1992-07-24,4.25,5.66,6.73,7.57,248.0,332.0,191.0
1992-07-27,4.27,5.66,6.69,7.53,242.0,326.0,187.0
1992-07-28,4.27,5.63,6.63,7.44,236.0,317.0,181.0
1992-07-29,4.25,5.62,6.6,7.43,235.0,318.0,181.0
1992-07-30,4.33,5.76,6.69,7.46,236.0,313.0,170.0
1992-07-31,4.42,5.84,6.72,7.46,230.0,304.0,162.0
1992-08-03,4.4,5.82,6.72,7.46,232.0,306.0,164.0
1992-08-04,4.31,5.72,6.66,7.43,235.0,312.0,171.0
1992-08-05,4.29,5.69,6.64,7.43,235.0,314.0,174.0
1992-08-06,4.29,5.67,6.65,7.45,236.0,316.0,178.0
1992-08-07,4.18,5.56,6.57,7.4,239.0,322.0,184.0
1992-08-10,4.12,5.5,6.52,7.37,240.0,325.0,187.0
1992-08-11,4.15,5.5,6.5,7.33,235.0,318.0,183.0
1992-08-12,4.19,5.54,6.48,7.33,229.0,314.0,179.0
1992-08-13,4.19,5.57,6.55,7.36,236.0,317.0,179.0
1992-08-14,4.14,5.54,6.53,7.33,239.0,319.0,179.0
1992-08-17,4.13,5.55,6.56,7.37,243.0,324.0,182.0
1992-08-18,4.04,5.44,6.48,7.33,244.0,329.0,189.0
1992-08-19,4.06,5.43,6.47,7.33,241.0,327.0,190.0
1992-08-20,4.04,5.42,6.46,7.32,242.0,328.0,190.0
1992-08-21,4.13,5.54,6.53,7.36,240.0,323.0,182.0
1992-08-24,4.27,5.72,6.68,7.44,241.0,317.0,172.0
1992-08-25,4.32,5.76,6.73,7.47,241.0,315.0,171.0
1992-08-26,4.26,5.7,6.68,7.43,242.0,317.0,173.0
1992-08-27,4.23,5.65,6.64,7.42,241.0,319.0,177.0
1992-08-28,4.16,5.6,6.63,7.42,247.0,326.0,182.0
1992-08-31,4.15,5.6,6.62,7.42,247.0,327.0,182.0
1992-09-01,4.12,5.52,6.56,7.38,244.0,326.0,186.0
1992-09-02,4.1,5.5,6.54,7.37,244.0,327.0,187.0
1992-09-03,4.09,5.5,6.54,7.37,245.0,328.0,187.0
1992-09-04,3.89,5.3,6.4,7.29,251.0,340.0,199.0
1992-09-08,3.83,5.21,6.29,7.23,246.0,340.0,202.0
1992-09-09,3.85,5.25,6.31,7.25,246.0,340.0,200.0
1992-09-10,3.83,5.26,6.31,7.24,248.0,341.0,198.0
1992-09-11,3.87,5.33,6.37,7.3,250.0,343.0,197.0
1992-09-14,3.8,5.28,6.32,7.26,252.0,346.0,198.0
1992-09-15,3.89,5.37,6.4,7.33,251.0,344.0,196.0
1992-09-16,3.87,5.4,6.41,7.35,254.0,348.0,195.0
1992-09-17,3.86,5.41,6.4,7.34,254.0,348.0,193.0
1992-09-18,3.86,5.41,6.41,7.32,255.0,346.0,191.0
1992-09-21,3.91,5.46,6.42,7.35,251.0,344.0,189.0
1992-09-22,3.98,5.52,6.5,7.45,252.0,347.0,193.0
1992-09-23,3.97,5.54,6.54,7.48,257.0,351.0,194.0
1992-09-24,3.91,5.47,6.48,7.42,257.0,351.0,195.0
1992-09-25,3.78,5.33,6.41,7.35,263.0,357.0,202.0
1992-09-28,3.77,5.28,6.37,7.34,260.0,357.0,206.0
1992-09-29,3.8,5.31,6.37,7.36,257.0,356.0,205.0
1992-09-30,3.8,5.33,6.37,7.38,257.0,358.0,205.0
1992-10-01,3.67,5.18,6.23,7.3,256.0,363.0,212.0
1992-10-02,3.71,5.22,6.26,7.33,255.0,362.0,211.0
1992-10-05,3.68,5.18,6.24,7.34,256.0,366.0,216.0
1992-10-06,3.74,5.25,6.3,7.41,256.0,367.0,216.0
1992-10-07,3.88,5.43,6.46,7.48,258.0,360.0,205.0
1992-10-08,3.83,5.37,6.41,7.45,258.0,362.0,208.0
1992-10-09,4.0,5.5,6.52,7.52,252.0,352.0,202.0
1992-10-13,3.99,5.49,6.51,7.53,252.0,354.0,204.0
1992-10-14,4.02,5.51,6.51,7.5,249.0,348.0,199.0
1992-10-15,4.02,5.52,6.53,7.51,251.0,349.0,199.0
1992-10-16,4.04,5.57,6.6,7.54,256.0,350.0,197.0
1992-10-19,4.15,5.71,6.69,7.57,254.0,342.0,186.0
1992-10-20,4.34,5.9,6.86,7.65,252.0,331.0,175.0
1992-10-21,4.29,5.82,6.8,7.63,251.0,334.0,181.0
1992-10-22,4.24,5.79,6.74,7.61,250.0,337.0,182.0
1992-10-23,4.37,5.91,6.83,7.65,246.0,328.0,174.0
1992-10-26,4.39,5.92,6.83,7.66,244.0,327.0,174.0
1992-10-27,4.32,5.82,6.78,7.62,246.0,330.0,180.0
1992-10-28,4.33,5.83,6.76,7.64,243.0,331.0,181.0
1992-10-29,4.33,5.79,6.71,7.6,238.0,327.0,181.0
1992-10-30,4.4,5.9,6.8,7.63,240.0,323.0,173.0
1992-11-02,4.47,5.96,6.88,7.66,241.0,319.0,170.0
1992-11-03,4.44,5.94,6.87,7.65,243.0,321.0,171.0
1992-11-04,4.44,5.94,6.89,7.69,245.0,325.0,175.0
1992-11-05,4.39,5.93,6.87,7.69,248.0,330.0,176.0
1992-11-06,4.48,6.02,6.97,7.76,249.0,328.0,174.0
1992-11-09,4.57,6.09,7.0,7.75,243.0,318.0,166.0
1992-11-10,4.5,6.01,6.91,7.68,241.0,318.0,167.0
1992-11-12,4.44,5.89,6.79,7.57,235.0,313.0,168.0
1992-11-13,4.54,5.99,6.82,7.57,228.0,303.0,158.0
1992-11-16,4.68,6.11,6.9,7.56,222.0,288.0,145.0
1992-11-17,4.67,6.08,6.86,7.55,219.0,288.0,147.0
1992-11-18,4.58,5.97,6.78,7.51,220.0,293.0,154.0
1992-11-19,4.59,6.0,6.81,7.54,222.0,295.0,154.0
1992-11-20,4.66,6.08,6.84,7.54,218.0,288.0,146.0
1992-11-23,4.69,6.1,6.86,7.56,217.0,287.0,146.0
1992-11-24,4.61,6.04,6.82,7.53,221.0,292.0,149.0
1992-11-25,4.7,6.12,6.84,7.54,214.0,284.0,142.0
1992-11-27,4.77,6.22,6.93,7.59,216.0,282.0,137.0
1992-11-30,4.79,6.23,6.95,7.59,216.0,280.0,136.0
1992-12-01,4.81,6.24,6.94,7.57,213.0,276.0,133.0
1992-12-02,4.81,6.23,6.93,7.57,212.0,276.0,134.0
1992-12-03,4.78,6.2,6.91,7.57,213.0,279.0,137.0
1992-12-04,4.7,6.11,6.84,7.5,214.0,280.0,139.0
1992-12-07,4.62,6.05,6.78,7.45,216.0,283.0,140.0
1992-12-08,4.59,5.99,6.73,7.44,214.0,285.0,145.0
1992-12-09,4.61,6.01,6.76,7.44,215.0,283.0,143.0
1992-12-10,4.67,6.04,6.77,7.42,210.0,275.0,138.0
1992-12-11,4.78,6.1,6.8,7.44,202.0,266.0,134.0
1992-12-14,4.8,6.15,6.83,7.45,203.0,265.0,130.0
1992-12-15,4.77,6.12,6.83,7.45,206.0,268.0,133.0
1992-12-16,4.67,6.06,6.77,7.44,210.0,277.0,138.0
1992-12-17,4.69,6.08,6.77,7.43,208.0,274.0,135.0
1992-12-18,4.66,6.07,6.76,7.43,210.0,277.0,136.0
1992-12-21,4.64,6.05,6.71,7.38,207.0,274.0,133.0
1992-12-22,4.64,6.02,6.65,7.34,201.0,270.0,132.0
1992-12-23,4.63,6.01,6.68,7.36,205.0,273.0,135.0
1992-12-24,4.6,6.02,6.69,7.36,209.0,276.0,134.0
1992-12-28,4.64,6.06,6.72,7.4,208.0,276.0,134.0
1992-12-29,4.61,6.04,6.69,7.37,208.0,276.0,133.0
1992-12-30,4.54,5.98,6.68,7.39,214.0,285.0,141.0
1992-12-31,4.56,6.04,6.7,7.4,214.0,284.0,136.0
1993-01-04,4.48,5.9,6.6,7.33,212.0,285.0,143.0
1993-01-05,4.48,5.9,6.61,7.33,213.0,285.0,143.0
1993-01-06,4.52,5.94,6.63,7.34,211.0,282.0,140.0
1993-01-07,4.64,6.05,6.76,7.45,212.0,281.0,140.0
1993-01-08,4.5,5.97,6.75,7.47,225.0,297.0,150.0
1993-01-11,4.48,5.93,6.71,7.47,223.0,299.0,154.0
1993-01-12,4.48,5.95,6.72,7.48,224.0,300.0,153.0
1993-01-13,4.46,5.93,6.71,7.45,225.0,299.0,152.0
1993-01-14,4.4,5.88,6.65,7.41,225.0,301.0,153.0
1993-01-15,4.31,5.8,6.6,7.35,229.0,304.0,155.0
1993-01-19,4.39,5.82,6.59,7.31,220.0,292.0,149.0
1993-01-20,4.41,5.85,6.61,7.32,220.0,291.0,147.0
1993-01-21,4.36,5.83,6.6,7.31,224.0,295.0,148.0
1993-01-22,4.3,5.77,6.57,7.3,227.0,300.0,153.0
1993-01-25,4.26,5.71,6.48,7.22,222.0,296.0,151.0
1993-01-26,4.3,5.75,6.5,7.26,220.0,296.0,151.0
1993-01-27,4.24,5.68,6.48,7.25,224.0,301.0,157.0
1993-01-28,4.2,5.61,6.44,7.23,224.0,303.0,162.0
1993-01-29,4.2,5.57,6.39,7.21,219.0,301.0,164.0
1993-02-01,4.19,5.55,6.38,7.21,219.0,302.0,166.0
1993-02-02,4.25,5.63,6.46,7.25,221.0,300.0,162.0
1993-02-03,4.27,5.62,6.45,7.23,218.0,296.0,161.0
1993-02-04,4.19,5.53,6.39,7.19,220.0,300.0,166.0
1993-02-05,4.07,5.42,6.32,7.17,225.0,310.0,175.0
1993-02-08,4.16,5.49,6.37,7.18,221.0,302.0,169.0
1993-02-09,4.2,5.55,6.41,7.2,221.0,300.0,165.0
1993-02-10,4.27,5.63,6.4,7.26,213.0,299.0,163.0
1993-02-11,4.2,5.58,6.37,7.15,217.0,295.0,157.0
1993-02-12,4.2,5.57,6.35,7.13,215.0,293.0,156.0
1993-02-16,4.14,5.52,6.34,7.14,220.0,300.0,162.0
1993-02-17,4.06,5.43,6.28,7.11,222.0,305.0,168.0
1993-02-18,3.95,5.29,6.17,7.02,222.0,307.0,173.0
1993-02-19,3.99,5.3,6.15,7.01,216.0,302.0,171.0
1993-02-22,3.99,5.28,6.09,6.95,210.0,296.0,167.0
1993-02-23,3.9,5.12,5.92,6.83,202.0,293.0,171.0
1993-02-24,3.97,5.2,6.01,6.88,204.0,291.0,168.0
1993-02-25,3.95,5.23,6.03,6.89,208.0,294.0,166.0
1993-02-26,3.92,5.21,6.03,6.9,211.0,298.0,169.0
1993-03-01,3.88,5.12,5.94,6.83,206.0,295.0,171.0
1993-03-02,3.88,5.13,5.95,6.84,207.0,296.0,171.0
1993-03-03,3.81,5.05,5.88,6.78,207.0,297.0,173.0
1993-03-04,3.75,5.0,5.83,6.73,208.0,298.0,173.0
1993-03-05,3.91,5.14,5.9,6.76,199.0,285.0,162.0
1993-03-08,3.97,5.15,5.85,6.72,188.0,275.0,157.0
1993-03-09,4.02,5.21,5.91,6.73,189.0,271.0,152.0
1993-03-10,4.05,5.24,5.97,6.75,192.0,270.0,151.0
1993-03-11,4.01,5.23,5.96,6.75,195.0,274.0,152.0
1993-03-12,4.11,5.35,6.11,6.86,200.0,275.0,151.0
1993-03-15,4.1,5.39,6.17,6.91,207.0,281.0,152.0
1993-03-16,4.02,5.27,6.06,6.87,204.0,285.0,160.0
1993-03-17,3.98,5.21,6.02,6.86,204.0,288.0,165.0
1993-03-18,3.91,5.11,5.93,6.8,202.0,289.0,169.0
1993-03-19,3.95,5.17,5.95,6.81,200.0,286.0,164.0
1993-03-22,3.92,5.18,5.96,6.81,204.0,289.0,163.0
1993-03-23,3.88,5.14,5.91,6.77,203.0,289.0,163.0
1993-03-24,3.93,5.19,5.95,6.81,202.0,288.0,162.0
1993-03-25,3.92,5.19,5.98,6.83,206.0,291.0,164.0
1993-03-26,4.02,5.32,6.09,6.94,207.0,292.0,162.0
1993-03-29,3.95,5.25,6.06,6.9,211.0,295.0,165.0
1993-03-30,3.91,5.2,6.02,6.91,211.0,300.0,171.0
1993-03-31,3.96,5.24,6.03,6.93,207.0,297.0,169.0
1993-04-01,3.94,5.24,6.06,6.97,212.0,303.0,173.0
1993-04-02,3.99,5.31,6.16,7.06,217.0,307.0,175.0
1993-04-05,3.96,5.27,6.13,7.04,217.0,308.0,177.0
1993-04-06,3.93,5.22,6.08,6.97,215.0,304.0,175.0
1993-04-07,3.93,5.23,6.07,6.96,214.0,303.0,173.0
1993-04-08,3.85,5.13,5.97,6.85,212.0,300.0,172.0
1993-04-12,3.82,5.09,5.92,6.79,210.0,297.0,170.0
1993-04-13,3.82,5.1,5.93,6.8,211.0,298.0,170.0
1993-04-14,3.78,5.07,5.9,6.76,212.0,298.0,169.0
1993-04-15,3.79,5.06,5.88,6.73,209.0,294.0,167.0
1993-04-16,3.8,5.08,5.89,6.76,209.0,296.0,168.0
1993-04-19,3.78,5.07,5.87,6.73,209.0,295.0,166.0
1993-04-20,3.78,5.07,5.87,6.76,209.0,298.0,169.0
1993-04-21,3.77,5.05,5.86,6.75,209.0,298.0,170.0
1993-04-22,3.75,5.04,5.85,6.75,210.0,300.0,171.0
1993-04-23,3.75,5.06,5.89,6.79,214.0,304.0,173.0
1993-04-26,3.79,5.09,5.94,6.83,215.0,304.0,174.0
1993-04-27,3.88,5.19,6.02,6.9,214.0,302.0,171.0
1993-04-28,3.86,5.18,6.03,6.91,217.0,305.0,173.0
1993-04-29,3.79,5.1,5.99,6.88,220.0,309.0,178.0
1993-04-30,3.83,5.14,6.05,6.95,222.0,312.0,181.0
1993-05-03,3.75,5.06,5.96,6.86,221.0,311.0,180.0
1993-05-04,3.75,5.04,5.92,6.81,217.0,306.0,177.0
1993-05-05,3.8,5.07,5.93,6.82,213.0,302.0,175.0
1993-05-06,3.8,5.03,5.89,6.8,209.0,300.0,177.0
1993-05-07,3.79,5.04,5.92,6.85,213.0,306.0,181.0
1993-05-10,3.79,5.02,5.89,6.81,210.0,302.0,179.0
1993-05-11,3.79,5.03,5.89,6.82,210.0,303.0,179.0
1993-05-12,3.82,5.07,5.96,6.86,214.0,304.0,179.0
1993-05-13,3.91,5.15,6.02,6.96,211.0,305.0,181.0
1993-05-14,3.97,5.21,6.03,6.95,206.0,298.0,174.0
1993-05-17,4.05,5.27,6.07,6.97,202.0,292.0,170.0
1993-05-18,4.08,5.3,6.15,7.02,207.0,294.0,172.0
1993-05-19,4.03,5.26,6.11,6.98,208.0,295.0,172.0
1993-05-20,4.03,5.25,6.09,6.99,206.0,296.0,174.0
1993-05-21,4.14,5.34,6.16,7.03,202.0,289.0,169.0
1993-05-24,4.19,5.37,6.16,6.99,197.0,280.0,162.0
1993-05-25,4.19,5.38,6.17,7.01,198.0,282.0,163.0
1993-05-26,4.2,5.35,6.12,6.94,192.0,274.0,159.0
1993-05-27,4.22,5.35,6.11,6.93,189.0,271.0,158.0
1993-05-28,4.24,5.37,6.16,6.98,192.0,274.0,161.0
1993-06-01,4.16,5.28,6.07,6.88,191.0,272.0,160.0
1993-06-02,4.18,5.27,6.06,6.88,188.0,270.0,161.0
1993-06-03,4.14,5.23,6.02,6.86,188.0,272.0,163.0
1993-06-04,4.31,5.36,6.11,6.91,180.0,260.0,155.0
1993-06-07,4.3,5.34,6.08,6.88,178.0,258.0,154.0
1993-06-08,4.33,5.35,6.09,6.91,176.0,258.0,156.0
1993-06-09,4.29,5.33,6.07,6.87,178.0,258.0,154.0
1993-06-10,4.29,5.34,6.07,6.88,178.0,259.0,154.0
1993-06-11,4.15,5.22,5.97,6.8,182.0,265.0,158.0
1993-06-14,4.13,5.2,5.97,6.81,184.0,268.0,161.0
1993-06-15,4.11,5.19,5.96,6.83,185.0,272.0,164.0
1993-06-16,4.09,5.18,5.96,6.82,187.0,273.0,164.0
1993-06-17,4.08,5.17,5.93,6.81,185.0,273.0,164.0
1993-06-18,4.16,5.23,5.97,6.82,181.0,266.0,159.0
1993-06-21,4.16,5.2,5.92,6.78,176.0,262.0,158.0
1993-06-22,4.15,5.21,5.91,6.78,176.0,263.0,157.0
1993-06-23,4.2,5.2,5.91,6.77,171.0,257.0,157.0
1993-06-24,4.15,5.16,5.88,6.74,173.0,259.0,158.0
1993-06-25,4.1,5.13,5.84,6.71,174.0,261.0,158.0
1993-06-28,4.06,5.08,5.8,6.67,174.0,261.0,159.0
1993-06-29,4.03,5.05,5.79,6.67,176.0,264.0,162.0
1993-06-30,4.03,5.05,5.8,6.68,177.0,265.0,163.0
1993-07-01,3.99,5.04,5.8,6.69,181.0,270.0,165.0
1993-07-02,3.93,4.98,5.76,6.67,183.0,274.0,169.0
1993-07-06,4.0,5.04,5.8,6.68,180.0,268.0,164.0
1993-07-07,4.0,5.04,5.8,6.68,180.0,268.0,164.0
1993-07-08,4.0,5.02,5.78,6.66,178.0,266.0,164.0
1993-07-09,3.98,5.0,5.76,6.64,178.0,266.0,164.0
1993-07-12,3.99,5.0,5.75,6.62,176.0,263.0,162.0
1993-07-13,4.04,5.03,5.78,6.62,174.0,258.0,159.0
1993-07-14,3.97,4.98,5.72,6.56,175.0,259.0,158.0
1993-07-15,3.99,4.99,5.72,6.55,173.0,256.0,156.0
1993-07-16,3.99,4.99,5.71,6.54,172.0,255.0,155.0
1993-07-19,3.99,5.0,5.71,6.54,172.0,255.0,154.0
1993-07-20,4.09,5.08,5.75,6.55,166.0,246.0,147.0
1993-07-21,4.15,5.17,5.83,6.62,168.0,247.0,145.0
1993-07-22,4.22,5.24,5.9,6.65,168.0,243.0,141.0
1993-07-23,4.25,5.28,5.95,6.71,170.0,246.0,143.0
1993-07-26,4.22,5.25,5.93,6.68,171.0,246.0,143.0
1993-07-27,4.25,5.26,5.92,6.68,167.0,243.0,142.0
1993-07-28,4.21,5.23,5.9,6.66,169.0,245.0,143.0
1993-07-29,4.12,5.13,5.81,6.57,169.0,245.0,144.0
1993-07-30,4.13,5.16,5.83,6.57,170.0,244.0,141.0
1993-08-02,4.19,5.2,5.85,6.56,166.0,237.0,136.0
1993-08-03,4.17,5.19,5.83,6.53,166.0,236.0,134.0
1993-08-04,4.16,5.2,5.87,6.54,171.0,238.0,134.0
1993-08-05,4.12,5.18,5.86,6.53,174.0,241.0,135.0
1993-08-06,4.09,5.16,5.86,6.53,177.0,244.0,137.0
1993-08-09,4.06,5.12,5.82,6.47,176.0,241.0,135.0
1993-08-10,4.1,5.14,5.82,6.45,172.0,235.0,131.0
1993-08-11,4.1,5.13,5.75,6.44,165.0,234.0,131.0
1993-08-12,4.06,5.13,5.77,6.37,171.0,231.0,124.0
1993-08-13,4.0,5.08,5.72,6.35,172.0,235.0,127.0
1993-08-16,3.98,5.05,5.68,6.31,170.0,233.0,126.0
1993-08-17,4.02,5.07,5.7,6.31,168.0,229.0,124.0
1993-08-18,3.98,5.04,5.69,6.26,171.0,228.0,122.0
1993-08-19,3.93,4.97,5.64,6.21,171.0,228.0,124.0
1993-08-20,3.93,4.96,5.61,6.22,168.0,229.0,126.0
1993-08-23,3.97,4.98,5.6,6.22,163.0,225.0,124.0
1993-08-24,3.89,4.9,5.54,6.2,165.0,231.0,130.0
1993-08-25,3.85,4.86,5.51,6.18,166.0,233.0,132.0
1993-08-26,3.82,4.78,5.42,6.09,160.0,227.0,131.0
1993-08-27,3.87,4.83,5.48,6.13,161.0,226.0,130.0
1993-08-30,3.86,4.78,5.44,6.12,158.0,226.0,134.0
1993-08-31,3.88,4.8,5.45,6.09,157.0,221.0,129.0
1993-09-01,3.88,4.81,5.46,6.09,158.0,221.0,128.0
1993-09-02,3.83,4.76,5.41,6.04,158.0,221.0,128.0
1993-09-03,3.71,4.65,5.31,5.95,160.0,224.0,130.0
1993-09-07,3.7,4.6,5.23,5.88,153.0,218.0,128.0
1993-09-08,3.78,4.63,5.23,5.86,145.0,208.0,123.0
1993-09-09,3.88,4.74,5.35,5.96,147.0,208.0,122.0
1993-09-10,3.8,4.67,5.29,5.89,149.0,209.0,122.0
1993-09-13,3.82,4.66,5.26,5.86,144.0,204.0,120.0
1993-09-14,3.91,4.77,5.37,5.97,146.0,206.0,120.0
1993-09-15,3.89,4.75,5.39,6.0,150.0,211.0,125.0
1993-09-16,3.88,4.74,5.37,6.01,149.0,213.0,127.0
1993-09-17,3.89,4.75,5.38,6.04,149.0,215.0,129.0
1993-09-20,3.92,4.79,5.42,6.08,150.0,216.0,129.0
1993-09-21,3.9,4.8,5.47,6.14,157.0,224.0,134.0
1993-09-22,3.9,4.81,5.45,6.1,155.0,220.0,129.0
1993-09-23,3.87,4.8,5.42,6.06,155.0,219.0,126.0
1993-09-24,3.9,4.81,5.42,6.06,152.0,216.0,125.0
1993-09-27,3.81,4.69,5.3,5.97,149.0,216.0,128.0
1993-09-28,3.79,4.67,5.28,5.94,149.0,215.0,127.0
1993-09-29,3.84,4.74,5.35,6.0,151.0,216.0,126.0
1993-09-30,3.89,4.79,5.4,6.04,151.0,215.0,125.0
1993-10-01,3.84,4.72,5.34,5.98,150.0,214.0,126.0
1993-10-04,3.85,4.71,5.34,5.99,149.0,214.0,128.0
1993-10-05,3.86,4.72,5.35,6.01,149.0,215.0,129.0
1993-10-06,3.85,4.7,5.35,6.01,150.0,216.0,131.0
1993-10-07,3.83,4.69,5.33,6.01,150.0,218.0,132.0
1993-10-08,3.78,4.61,5.26,5.92,148.0,214.0,131.0
1993-10-12,3.82,4.64,5.27,5.92,145.0,210.0,128.0
1993-10-13,3.84,4.64,5.27,5.92,143.0,208.0,128.0
1993-10-14,3.82,4.61,5.23,5.86,141.0,204.0,125.0
1993-10-15,3.81,4.57,5.19,5.78,138.0,197.0,121.0
1993-10-18,3.84,4.66,5.27,5.85,143.0,201.0,119.0
1993-10-19,3.86,4.66,5.27,5.85,141.0,199.0,119.0
1993-10-20,3.86,4.64,5.26,5.83,140.0,197.0,119.0
1993-10-21,3.89,4.72,5.35,5.92,146.0,203.0,120.0
1993-10-22,3.91,4.76,5.42,5.98,151.0,207.0,122.0
1993-10-25,3.95,4.82,5.47,6.02,152.0,207.0,120.0
1993-10-26,3.93,4.79,5.43,6.0,150.0,207.0,121.0
1993-10-27,3.99,4.82,5.44,6.0,145.0,201.0,118.0
1993-10-28,3.97,4.83,5.41,5.97,144.0,200.0,114.0
1993-10-29,3.99,4.83,5.43,5.96,144.0,197.0,113.0
1993-11-01,4.11,4.96,5.56,6.02,145.0,191.0,106.0
1993-11-02,4.16,5.02,5.63,6.07,147.0,191.0,105.0
1993-11-03,4.13,5.01,5.67,6.11,154.0,198.0,110.0
1993-11-04,4.13,5.03,5.67,6.19,154.0,206.0,116.0
1993-11-05,4.2,5.11,5.75,6.22,155.0,202.0,111.0
1993-11-08,4.13,5.04,5.7,6.22,157.0,209.0,118.0
1993-11-09,4.12,5.02,5.64,6.16,152.0,204.0,114.0
1993-11-10,4.17,5.08,5.72,6.21,155.0,204.0,113.0
1993-11-12,4.11,5.02,5.66,6.15,155.0,204.0,113.0
1993-11-15,4.11,5.02,5.69,6.17,158.0,206.0,115.0
1993-11-16,4.1,4.98,5.66,6.17,156.0,207.0,119.0
1993-11-17,4.09,4.99,5.65,6.19,156.0,210.0,120.0
1993-11-18,4.15,5.06,5.72,6.23,157.0,208.0,117.0
1993-11-19,4.22,5.16,5.84,6.34,162.0,212.0,118.0
1993-11-22,4.26,5.2,5.89,6.36,163.0,210.0,116.0
1993-11-23,4.19,5.14,5.82,6.3,163.0,211.0,116.0
1993-11-24,4.18,5.11,5.84,6.31,166.0,213.0,120.0
1993-11-26,4.16,5.08,5.78,6.26,162.0,210.0,118.0
1993-11-29,4.17,5.08,5.76,6.23,159.0,206.0,115.0
1993-11-30,4.22,5.15,5.83,6.29,161.0,207.0,114.0
1993-12-01,4.2,5.14,5.82,6.28,162.0,208.0,114.0
1993-12-02,4.22,5.16,5.81,6.27,159.0,205.0,111.0
1993-12-03,4.24,5.16,5.8,6.25,156.0,201.0,109.0
1993-12-06,4.19,5.09,5.72,6.17,153.0,198.0,108.0
1993-12-07,4.17,5.1,5.71,6.17,154.0,200.0,107.0
1993-12-08,4.18,5.09,5.71,6.17,153.0,199.0,108.0
1993-12-09,4.18,5.07,5.68,6.15,150.0,197.0,108.0
1993-12-10,4.21,5.13,5.73,6.19,152.0,198.0,106.0
1993-12-13,4.23,5.16,5.78,6.24,155.0,201.0,108.0
1993-12-14,4.25,5.2,5.82,6.29,157.0,204.0,109.0
1993-12-15,4.22,5.19,5.83,6.29,161.0,207.0,110.0
1993-12-16,4.23,5.2,5.84,6.31,161.0,208.0,111.0
1993-12-17,4.2,5.17,5.81,6.29,161.0,209.0,112.0
1993-12-20,4.22,5.2,5.83,6.3,161.0,208.0,110.0
1993-12-21,4.26,5.22,5.85,6.32,159.0,206.0,110.0
1993-12-22,4.19,5.13,5.74,6.22,155.0,203.0,109.0
1993-12-23,4.18,5.1,5.72,6.22,154.0,204.0,112.0
1993-12-27,4.2,5.09,5.72,6.23,152.0,203.0,114.0
1993-12-28,4.2,5.1,5.72,6.24,152.0,204.0,114.0
1993-12-29,4.2,5.12,5.74,6.25,154.0,205.0,113.0
1993-12-30,4.25,5.2,5.82,6.34,157.0,209.0,114.0
1993-12-31,4.25,5.21,5.83,6.35,158.0,210.0,114.0
1994-01-03,4.3,5.29,5.92,6.41,162.0,211.0,112.0
1994-01-04,4.29,5.26,5.88,6.37,159.0,208.0,111.0
1994-01-05,4.31,5.27,5.9,6.4,159.0,209.0,113.0
1994-01-06,4.24,5.21,5.84,6.36,160.0,212.0,115.0
1994-01-07,4.09,5.03,5.7,6.24,161.0,215.0,121.0
1994-01-10,4.08,5.01,5.67,6.24,159.0,216.0,123.0
1994-01-11,4.08,5.0,5.67,6.25,159.0,217.0,125.0
1994-01-12,4.05,4.95,5.6,6.17,155.0,212.0,122.0
1994-01-13,4.13,5.08,5.71,6.26,158.0,213.0,118.0
1994-01-14,4.17,5.12,5.78,6.3,161.0,213.0,118.0
1994-01-18,4.14,5.09,5.74,6.28,160.0,214.0,119.0
1994-01-19,4.12,5.08,5.76,6.3,164.0,218.0,122.0
1994-01-20,4.07,5.02,5.71,6.27,164.0,220.0,125.0
1994-01-21,4.09,5.05,5.73,6.29,164.0,220.0,124.0
1994-01-24,4.09,5.06,5.74,6.3,165.0,221.0,124.0
1994-01-25,4.11,5.08,5.78,6.34,167.0,223.0,126.0
1994-01-26,4.13,5.09,5.77,6.33,164.0,220.0,124.0
1994-01-27,4.11,5.04,5.73,6.27,162.0,216.0,123.0
1994-01-28,4.08,4.99,5.68,6.21,160.0,213.0,122.0
1994-01-31,4.12,5.02,5.7,6.23,158.0,211.0,121.0
1994-02-01,4.2,5.1,5.77,6.31,157.0,211.0,121.0
1994-02-02,4.2,5.11,5.77,6.29,157.0,209.0,118.0
1994-02-03,4.28,5.17,5.81,6.31,153.0,203.0,114.0
1994-02-04,4.42,5.32,5.94,6.37,152.0,195.0,105.0
1994-02-07,4.41,5.36,5.96,6.38,155.0,197.0,102.0
1994-02-08,4.44,5.38,6.01,6.44,157.0,200.0,106.0
1994-02-09,4.43,5.35,5.92,6.43,149.0,200.0,108.0
1994-02-10,4.45,5.36,5.91,6.45,146.0,200.0,109.0
1994-02-11,4.44,5.34,5.88,6.41,144.0,197.0,107.0
1994-02-14,4.44,5.36,5.9,6.45,146.0,201.0,109.0
1994-02-15,4.44,5.34,5.88,6.45,144.0,201.0,111.0
1994-02-16,4.44,5.35,5.89,6.46,145.0,202.0,111.0
1994-02-17,4.5,5.45,6.0,6.54,150.0,204.0,109.0
1994-02-18,4.57,5.52,6.09,6.63,152.0,206.0,111.0
1994-02-22,4.57,5.5,6.05,6.6,148.0,203.0,110.0
1994-02-23,4.67,5.59,6.13,6.65,146.0,198.0,106.0
1994-02-24,4.72,5.66,6.22,6.75,150.0,203.0,109.0
1994-02-25,4.72,5.65,6.21,6.73,149.0,201.0,108.0
1994-02-28,4.67,5.6,6.15,6.67,148.0,200.0,107.0
1994-03-01,4.81,5.74,6.28,6.79,147.0,198.0,105.0
1994-03-02,4.79,5.74,6.3,6.79,151.0,200.0,105.0
1994-03-03,4.83,5.79,6.35,6.84,152.0,201.0,105.0
1994-03-04,4.88,5.82,6.38,6.85,150.0,197.0,103.0
1994-03-07,4.87,5.77,6.32,6.8,145.0,193.0,103.0
1994-03-08,4.92,5.84,6.38,6.85,146.0,193.0,101.0
1994-03-09,4.96,5.84,6.38,6.85,142.0,189.0,101.0
1994-03-10,4.96,5.9,6.48,6.94,152.0,198.0,104.0
1994-03-11,4.95,5.89,6.46,6.91,151.0,196.0,102.0
1994-03-14,4.99,5.94,6.5,6.93,151.0,194.0,99.0
1994-03-15,4.99,5.91,6.47,6.9,148.0,191.0,99.0
1994-03-16,4.96,5.86,6.4,6.82,144.0,186.0,96.0
1994-03-17,4.94,5.88,6.4,6.82,146.0,188.0,94.0
1994-03-18,5.03,5.97,6.49,6.9,146.0,187.0,93.0
1994-03-21,5.09,6.03,6.55,6.94,146.0,185.0,91.0
1994-03-22,5.03,5.92,6.44,6.85,141.0,182.0,93.0
1994-03-23,5.0,5.92,6.44,6.85,144.0,185.0,93.0
1994-03-24,5.08,6.05,6.58,6.98,150.0,190.0,93.0
1994-03-25,5.1,6.08,6.61,6.99,151.0,189.0,91.0
1994-03-28,5.12,6.1,6.63,6.98,151.0,186.0,88.0
1994-03-29,5.19,6.19,6.71,7.06,152.0,187.0,87.0
1994-03-30,5.19,6.24,6.78,7.1,159.0,191.0,86.0
1994-03-31,5.21,6.23,6.77,7.11,156.0,190.0,88.0
1994-04-04,5.57,6.64,7.16,7.43,159.0,186.0,79.0
1994-04-05,5.45,6.47,6.97,7.28,152.0,183.0,81.0
1994-04-06,5.4,6.42,6.93,7.25,153.0,185.0,83.0
1994-04-07,5.37,6.38,6.86,7.21,149.0,184.0,83.0
1994-04-08,5.43,6.46,6.94,7.26,151.0,183.0,80.0
1994-04-11,5.43,6.46,6.92,7.24,149.0,181.0,78.0
1994-04-12,5.4,6.4,6.87,7.2,147.0,180.0,80.0
1994-04-13,5.43,6.47,6.93,7.26,150.0,183.0,79.0
1994-04-14,5.49,6.51,6.97,7.29,148.0,180.0,78.0
1994-04-15,5.51,6.5,6.97,7.29,146.0,178.0,79.0
1994-04-18,5.7,6.7,7.14,7.41,144.0,171.0,71.0
1994-04-19,5.7,6.68,7.1,7.37,140.0,167.0,69.0
1994-04-20,5.67,6.62,7.05,7.33,138.0,166.0,71.0
1994-04-21,5.59,6.49,6.91,7.22,132.0,163.0,73.0
1994-04-22,5.62,6.53,6.93,7.21,131.0,159.0,68.0
1994-04-25,5.61,6.48,6.86,7.14,125.0,153.0,66.0
1994-04-26,5.59,6.46,6.86,7.12,127.0,153.0,66.0
1994-04-28,5.75,6.65,7.04,7.29,129.0,154.0,64.0
1994-04-29,5.73,6.64,7.06,7.31,133.0,158.0,67.0
1994-05-02,5.81,6.69,7.09,7.33,128.0,152.0,64.0
1994-05-03,5.86,6.73,7.13,7.35,127.0,149.0,62.0
1994-05-04,5.89,6.74,7.14,7.35,125.0,146.0,61.0
1994-05-05,5.88,6.7,7.11,7.33,123.0,145.0,63.0
1994-05-06,6.12,6.95,7.35,7.53,123.0,141.0,58.0
1994-05-09,6.26,7.09,7.49,7.63,123.0,137.0,54.0
1994-05-10,6.13,6.93,7.33,7.5,120.0,137.0,57.0
1994-05-11,6.2,7.02,7.4,7.6,120.0,140.0,58.0
1994-05-12,6.13,6.97,7.36,7.57,123.0,144.0,60.0
1994-05-13,6.05,6.89,7.29,7.5,124.0,145.0,61.0
1994-05-16,6.03,6.85,7.24,7.46,121.0,143.0,61.0
1994-05-17,5.88,6.66,7.03,7.27,115.0,139.0,61.0
1994-05-18,5.83,6.61,7.03,7.27,120.0,144.0,66.0
1994-05-19,5.73,6.52,6.96,7.24,123.0,151.0,72.0
1994-05-20,5.8,6.59,7.02,7.3,122.0,150.0,71.0
1994-05-23,5.94,6.76,7.19,7.44,125.0,150.0,68.0
1994-05-24,5.94,6.75,7.17,7.41,123.0,147.0,66.0
1994-05-25,5.95,6.74,7.14,7.37,119.0,142.0,63.0
1994-05-26,5.92,6.69,7.09,7.37,117.0,145.0,68.0
1994-05-27,5.97,6.73,7.12,7.4,115.0,143.0,67.0
1994-05-31,6.01,6.77,7.17,7.44,116.0,143.0,67.0
1994-06-01,5.98,6.74,7.12,7.39,114.0,141.0,65.0
1994-06-02,5.93,6.68,7.07,7.35,114.0,142.0,67.0
1994-06-03,5.84,6.59,6.98,7.26,114.0,142.0,67.0
1994-06-06,5.78,6.49,6.91,7.21,113.0,143.0,72.0
1994-06-07,5.8,6.53,6.95,7.26,115.0,146.0,73.0
1994-06-08,5.78,6.53,6.96,7.28,118.0,150.0,75.0
1994-06-09,5.8,6.54,6.98,7.28,118.0,148.0,74.0
1994-06-10,5.85,6.6,7.03,7.32,118.0,147.0,72.0
1994-06-13,5.91,6.66,7.07,7.36,116.0,145.0,70.0
1994-06-14,5.81,6.58,7.0,7.31,119.0,150.0,73.0
1994-06-15,5.88,6.67,7.1,7.41,122.0,153.0,74.0
1994-06-16,5.83,6.65,7.07,7.38,124.0,155.0,73.0
1994-06-17,5.88,6.71,7.14,7.45,126.0,157.0,74.0
1994-06-20,5.92,6.74,7.16,7.46,124.0,154.0,72.0
1994-06-21,6.04,6.82,7.22,7.51,118.0,147.0,69.0
1994-06-22,5.97,6.75,7.13,7.41,116.0,144.0,66.0
1994-06-23,5.94,6.7,7.1,7.4,116.0,146.0,70.0
1994-06-24,6.06,6.81,7.22,7.52,116.0,146.0,71.0
1994-06-27,6.05,6.79,7.18,7.46,113.0,141.0,67.0
1994-06-28,6.13,6.88,7.26,7.53,113.0,140.0,65.0
1994-06-29,6.12,6.87,7.24,7.51,112.0,139.0,64.0
1994-06-30,6.19,6.97,7.34,7.63,115.0,144.0,66.0
1994-07-01,6.19,6.95,7.34,7.62,115.0,143.0,67.0
1994-07-05,6.14,6.93,7.31,7.6,117.0,146.0,67.0
1994-07-06,6.11,6.92,7.32,7.61,121.0,150.0,69.0
1994-07-07,6.11,6.89,7.3,7.6,119.0,149.0,71.0
1994-07-08,6.25,7.04,7.42,7.7,117.0,145.0,66.0
1994-07-11,6.29,7.09,7.47,7.73,118.0,144.0,64.0
1994-07-12,6.24,7.03,7.43,7.69,119.0,145.0,66.0
1994-07-13,6.22,7.02,7.41,7.68,119.0,146.0,66.0
1994-07-14,6.05,6.85,7.25,7.54,120.0,149.0,69.0
1994-07-15,6.04,6.84,7.25,7.55,121.0,151.0,71.0
1994-07-18,5.99,6.79,7.2,7.51,121.0,152.0,72.0
1994-07-19,5.94,6.73,7.15,7.47,121.0,153.0,74.0
1994-07-20,6.06,6.84,7.25,7.55,119.0,149.0,71.0
1994-07-21,6.11,6.89,7.27,7.55,116.0,144.0,66.0
1994-07-22,6.15,6.92,7.29,7.56,114.0,141.0,64.0
1994-07-25,6.13,6.9,7.27,7.53,114.0,140.0,63.0
1994-07-26,6.16,6.9,7.28,7.55,112.0,139.0,65.0
1994-07-27,6.22,6.99,7.34,7.6,112.0,138.0,61.0
1994-07-28,6.21,6.94,7.29,7.55,108.0,134.0,61.0
1994-07-29,5.99,6.73,7.12,7.39,113.0,140.0,66.0
1994-08-01,6.03,6.75,7.13,7.41,110.0,138.0,66.0
1994-08-02,5.98,6.73,7.11,7.4,113.0,142.0,67.0
1994-08-03,5.96,6.7,7.09,7.38,113.0,142.0,68.0
1994-08-04,5.98,6.72,7.12,7.4,114.0,142.0,68.0
1994-08-05,6.18,6.93,7.28,7.54,110.0,136.0,61.0
1994-08-08,6.22,6.93,7.28,7.53,106.0,131.0,60.0
1994-08-09,6.26,6.97,7.33,7.57,107.0,131.0,60.0
1994-08-10,6.21,6.95,7.3,7.58,109.0,137.0,63.0
1994-08-11,6.26,7.0,7.36,7.56,110.0,130.0,56.0
1994-08-12,6.22,6.94,7.27,7.48,105.0,126.0,54.0
1994-08-15,6.26,6.96,7.3,7.51,104.0,125.0,55.0
1994-08-16,6.21,6.86,7.19,7.39,98.0,118.0,53.0
1994-08-17,6.14,6.81,7.15,7.39,101.0,125.0,58.0
1994-08-18,6.23,6.93,7.28,7.5,105.0,127.0,57.0
1994-08-19,6.23,6.92,7.27,7.5,104.0,127.0,58.0
1994-08-22,6.27,6.97,7.31,7.56,104.0,129.0,59.0
1994-08-23,6.26,6.94,7.28,7.54,102.0,128.0,60.0
1994-08-24,6.18,6.87,7.22,7.47,104.0,129.0,60.0
1994-08-25,6.24,6.93,7.29,7.55,105.0,131.0,62.0
1994-08-26,6.21,6.87,7.24,7.49,103.0,128.0,62.0
1994-08-29,6.2,6.87,7.24,7.5,104.0,130.0,63.0
1994-08-30,6.18,6.83,7.2,7.47,102.0,129.0,64.0
1994-08-31,6.17,6.81,7.19,7.46,102.0,129.0,65.0
1994-09-01,6.15,6.81,7.19,7.46,104.0,131.0,65.0
1994-09-02,6.17,6.82,7.21,7.5,104.0,133.0,68.0
1994-09-06,6.22,6.88,7.27,7.55,105.0,133.0,67.0
1994-09-07,6.22,6.92,7.29,7.58,107.0,136.0,66.0
1994-09-08,6.22,6.92,7.3,7.58,108.0,136.0,66.0
1994-09-09,6.35,7.06,7.44,7.71,109.0,136.0,65.0
1994-09-12,6.37,7.08,7.46,7.72,109.0,135.0,64.0
1994-09-13,6.35,7.05,7.44,7.7,109.0,135.0,65.0
1994-09-14,6.33,7.02,7.41,7.68,108.0,135.0,66.0
1994-09-15,6.28,6.97,7.35,7.64,107.0,136.0,67.0
1994-09-16,6.42,7.13,7.52,7.78,110.0,136.0,65.0
1994-09-19,6.39,7.11,7.49,7.75,110.0,136.0,64.0
1994-09-20,6.44,7.15,7.53,7.78,109.0,134.0,63.0
1994-09-21,6.52,7.2,7.56,7.8,104.0,128.0,60.0
1994-09-22,6.5,7.2,7.56,7.79,106.0,129.0,59.0
1994-09-23,6.52,7.2,7.57,7.8,105.0,128.0,60.0
1994-09-26,6.54,7.21,7.57,7.8,103.0,126.0,59.0
1994-09-27,6.52,7.24,7.61,7.85,109.0,133.0,61.0
1994-09-28,6.51,7.21,7.57,7.81,106.0,130.0,60.0
1994-09-29,6.6,7.29,7.64,7.86,104.0,126.0,57.0
1994-09-30,6.62,7.28,7.62,7.82,100.0,120.0,54.0
1994-10-03,6.69,7.35,7.66,7.86,97.0,117.0,51.0
1994-10-04,6.68,7.37,7.7,7.89,102.0,121.0,52.0
1994-10-05,6.73,7.42,7.77,7.95,104.0,122.0,53.0
1994-10-06,6.71,7.43,7.78,7.95,107.0,124.0,52.0
1994-10-07,6.65,7.34,7.7,7.91,105.0,126.0,57.0
1994-10-11,6.63,7.3,7.65,7.86,102.0,123.0,56.0
1994-10-12,6.67,7.34,7.69,7.89,102.0,122.0,55.0
1994-10-13,6.63,7.3,7.64,7.84,101.0,121.0,54.0
1994-10-14,6.57,7.26,7.61,7.83,104.0,126.0,57.0
1994-10-17,6.61,7.28,7.62,7.83,101.0,122.0,55.0
1994-10-18,6.61,7.29,7.64,7.86,103.0,125.0,57.0
1994-10-19,6.66,7.34,7.68,7.9,102.0,124.0,56.0
1994-10-20,6.77,7.46,7.8,8.0,103.0,123.0,54.0
1994-10-21,6.8,7.46,7.81,7.99,101.0,119.0,53.0
1994-10-24,6.84,7.52,7.86,8.04,102.0,120.0,52.0
1994-10-25,6.87,7.54,7.88,8.06,101.0,119.0,52.0
1994-10-26,6.9,7.55,7.88,8.06,98.0,116.0,51.0
1994-10-27,6.89,7.55,7.88,8.05,99.0,116.0,50.0
1994-10-28,6.82,7.48,7.82,7.96,100.0,114.0,48.0
1994-10-31,6.84,7.48,7.81,7.97,97.0,113.0,49.0
1994-11-01,6.93,7.58,7.91,8.06,98.0,113.0,48.0
1994-11-02,6.96,7.63,7.96,8.09,100.0,113.0,46.0
1994-11-03,6.98,7.65,7.96,8.11,98.0,113.0,46.0
1994-11-04,7.05,7.72,8.04,8.16,99.0,111.0,44.0
1994-11-07,7.06,7.73,8.05,8.16,99.0,110.0,43.0
1994-11-08,7.02,7.69,8.01,8.12,99.0,110.0,43.0
1994-11-09,7.01,7.64,7.94,8.09,93.0,108.0,45.0
1994-11-10,7.06,7.69,7.98,8.15,92.0,109.0,46.0
1994-11-14,7.06,7.66,7.94,8.09,88.0,103.0,43.0
1994-11-15,7.1,7.69,7.92,8.05,82.0,95.0,36.0
1994-11-16,7.15,7.73,7.97,8.09,82.0,94.0,36.0
1994-11-17,7.21,7.79,8.03,8.14,82.0,93.0,35.0
1994-11-18,7.23,7.79,8.01,8.14,78.0,91.0,35.0
1994-11-21,7.3,7.83,8.03,8.14,73.0,84.0,31.0
1994-11-22,7.29,7.82,8.0,8.11,71.0,82.0,29.0
1994-11-23,7.18,7.64,7.81,7.96,63.0,78.0,32.0
1994-11-25,7.19,7.65,7.8,7.94,61.0,75.0,29.0
1994-11-28,7.35,7.77,7.88,7.99,53.0,64.0,22.0
1994-11-29,7.44,7.86,7.95,8.05,51.0,61.0,19.0
1994-11-30,7.4,7.79,7.91,7.99,51.0,59.0,20.0
1994-12-01,7.42,7.8,7.92,8.02,50.0,60.0,22.0
1994-12-02,7.44,7.71,7.81,7.92,37.0,48.0,21.0
1994-12-05,7.58,7.78,7.83,7.94,25.0,36.0,16.0
1994-12-06,7.44,7.65,7.73,7.84,29.0,40.0,19.0
1994-12-07,7.48,7.74,7.81,7.9,33.0,42.0,16.0
1994-12-08,7.51,7.77,7.79,7.88,28.0,37.0,11.0
1994-12-09,7.53,7.74,7.79,7.86,26.0,33.0,12.0
1994-12-12,7.62,7.82,7.85,7.92,23.0,30.0,10.0
1994-12-13,7.71,7.84,7.83,7.86,12.0,15.0,2.0
1994-12-14,7.59,7.74,7.8,7.86,21.0,27.0,12.0
1994-12-15,7.54,7.73,7.79,7.86,25.0,32.0,13.0
1994-12-16,7.59,7.76,7.81,7.86,22.0,27.0,10.0
1994-12-19,7.59,7.77,7.81,7.84,22.0,25.0,7.0
1994-12-20,7.56,7.76,7.81,7.85,25.0,29.0,9.0
1994-12-21,7.58,7.75,7.8,7.84,22.0,26.0,9.0
1994-12-22,7.7,7.83,7.84,7.87,14.0,17.0,4.0
1994-12-23,7.74,7.86,7.85,7.85,11.0,11.0,-1.0
1994-12-27,7.67,7.78,7.76,7.76,9.0,9.0,-2.0
1994-12-28,7.71,7.81,7.8,7.83,9.0,12.0,2.0
1994-12-29,7.69,7.83,7.82,7.85,13.0,16.0,2.0
1994-12-30,7.69,7.83,7.84,7.89,15.0,20.0,6.0
1995-01-03,7.73,7.88,7.88,7.93,15.0,20.0,5.0
1995-01-04,7.62,7.81,7.82,7.85,20.0,23.0,4.0
1995-01-05,7.66,7.87,7.88,7.91,22.0,25.0,4.0
1995-01-06,7.64,7.87,7.87,7.87,23.0,23.0,0.0
1995-01-09,7.68,7.9,7.89,7.9,21.0,22.0,0.0
1995-01-10,7.63,7.85,7.84,7.87,21.0,24.0,2.0
1995-01-11,7.58,7.8,7.79,7.85,21.0,27.0,5.0
1995-01-12,7.56,7.8,7.8,7.88,24.0,32.0,8.0
1995-01-13,7.39,7.64,7.69,7.8,30.0,41.0,16.0
1995-01-17,7.44,7.68,7.7,7.78,26.0,34.0,10.0
1995-01-18,7.48,7.71,7.71,7.78,23.0,30.0,7.0
1995-01-19,7.49,7.74,7.74,7.82,25.0,33.0,8.0
1995-01-20,7.5,7.8,7.82,7.9,32.0,40.0,10.0
1995-01-23,7.5,7.8,7.83,7.91,33.0,41.0,11.0
1995-01-24,7.57,7.82,7.86,7.93,29.0,36.0,11.0
1995-01-25,7.5,7.76,7.8,7.88,30.0,38.0,12.0
1995-01-26,7.39,7.7,7.76,7.85,37.0,46.0,15.0
1995-01-27,7.29,7.6,7.66,7.75,37.0,46.0,15.0
1995-01-30,7.23,7.55,7.65,7.76,42.0,53.0,21.0
1995-01-31,7.26,7.54,7.6,7.71,34.0,45.0,17.0
1995-02-01,7.33,7.56,7.66,7.75,33.0,42.0,19.0
1995-02-02,7.4,7.63,7.68,7.76,28.0,36.0,13.0
1995-02-03,7.14,7.4,7.49,7.61,35.0,47.0,21.0
1995-02-06,7.18,7.43,7.53,7.64,35.0,46.0,21.0
1995-02-07,7.19,7.44,7.52,7.65,33.0,46.0,21.0
1995-02-08,7.18,7.43,7.53,7.66,35.0,48.0,23.0
1995-02-09,7.23,7.5,7.58,7.65,35.0,42.0,15.0
1995-02-10,7.33,7.55,7.62,7.68,29.0,35.0,13.0
1995-02-13,7.32,7.54,7.61,7.67,29.0,35.0,13.0
1995-02-14,7.21,7.45,7.51,7.61,30.0,40.0,16.0
1995-02-15,7.12,7.37,7.45,7.58,33.0,46.0,21.0
1995-02-16,7.02,7.29,7.4,7.57,38.0,55.0,28.0
1995-02-17,7.07,7.33,7.43,7.59,36.0,52.0,26.0
1995-02-21,7.09,7.35,7.44,7.61,35.0,52.0,26.0
1995-02-22,6.92,7.2,7.34,7.54,42.0,62.0,34.0
1995-02-23,6.92,7.2,7.34,7.56,42.0,64.0,36.0
1995-02-24,6.89,7.16,7.33,7.54,44.0,65.0,38.0
1995-02-27,6.79,7.06,7.24,7.49,45.0,70.0,43.0
1995-02-28,6.79,7.06,7.22,7.46,43.0,67.0,40.0
1995-03-01,6.81,7.06,7.23,7.45,42.0,64.0,39.0
1995-03-02,6.88,7.15,7.3,7.5,42.0,62.0,35.0
1995-03-03,6.89,7.19,7.36,7.56,47.0,67.0,37.0
1995-03-06,6.96,7.24,7.41,7.59,45.0,63.0,35.0
1995-03-07,7.0,7.28,7.44,7.64,44.0,64.0,36.0
1995-03-08,6.93,7.2,7.36,7.56,43.0,63.0,36.0
1995-03-09,6.83,7.11,7.3,7.53,47.0,70.0,42.0
1995-03-10,6.83,7.07,7.23,7.46,40.0,63.0,39.0
1995-03-13,6.76,7.01,7.19,7.45,43.0,69.0,44.0
1995-03-14,6.69,6.93,7.09,7.35,40.0,66.0,42.0
1995-03-15,6.71,6.93,7.09,7.36,38.0,65.0,43.0
1995-03-16,6.68,6.89,7.05,7.33,37.0,65.0,44.0
1995-03-17,6.69,6.97,7.12,7.37,43.0,68.0,40.0
1995-03-20,6.69,6.98,7.12,7.4,43.0,71.0,42.0
1995-03-21,6.71,7.01,7.16,7.43,45.0,72.0,42.0
1995-03-22,6.75,7.05,7.21,7.46,46.0,71.0,41.0
1995-03-23,6.75,7.06,7.21,7.47,46.0,72.0,41.0
1995-03-24,6.64,6.93,7.09,7.38,45.0,74.0,45.0
1995-03-27,6.62,6.9,7.05,7.33,43.0,71.0,43.0
1995-03-28,6.73,7.02,7.16,7.41,43.0,68.0,39.0
1995-03-29,6.73,6.98,7.16,7.4,43.0,67.0,42.0
1995-03-30,6.76,7.05,7.18,7.43,42.0,67.0,38.0
1995-03-31,6.8,7.08,7.2,7.44,40.0,64.0,36.0
1995-04-03,6.75,7.0,7.14,7.39,39.0,64.0,39.0
1995-04-04,6.71,6.96,7.12,7.38,41.0,67.0,42.0
1995-04-05,6.7,6.97,7.12,7.38,42.0,68.0,41.0
1995-04-06,6.66,6.92,7.09,7.36,43.0,70.0,44.0
1995-04-07,6.65,6.93,7.11,7.39,46.0,74.0,46.0
1995-04-10,6.66,6.94,7.12,7.39,46.0,73.0,45.0
1995-04-11,6.65,6.92,7.09,7.37,44.0,72.0,45.0
1995-04-12,6.61,6.89,7.06,7.36,45.0,75.0,47.0
1995-04-13,6.51,6.82,7.03,7.34,52.0,83.0,52.0
1995-04-17,6.48,6.8,7.04,7.39,56.0,91.0,59.0
1995-04-18,6.44,6.77,7.04,7.4,60.0,96.0,63.0
1995-04-19,6.51,6.82,7.06,7.37,55.0,86.0,55.0
1995-04-20,6.43,6.76,7.02,7.35,59.0,92.0,59.0
1995-04-21,6.44,6.77,7.01,7.34,57.0,90.0,57.0
1995-04-24,6.46,6.77,7.01,7.32,55.0,86.0,55.0
1995-04-25,6.48,6.79,7.01,7.33,53.0,85.0,54.0
1995-04-26,6.5,6.79,7.01,7.32,51.0,82.0,53.0
1995-04-27,6.55,6.84,7.04,7.33,49.0,78.0,49.0
1995-04-28,6.6,6.88,7.07,7.34,47.0,74.0,46.0
1995-05-01,6.62,6.9,7.09,7.35,47.0,73.0,45.0
1995-05-02,6.55,6.83,7.04,7.33,49.0,78.0,50.0
1995-05-03,6.47,6.73,6.96,7.25,49.0,78.0,52.0
1995-05-04,6.35,6.63,6.85,7.15,50.0,80.0,52.0
1995-05-05,6.16,6.42,6.69,7.02,53.0,86.0,60.0
1995-05-08,6.18,6.44,6.7,7.02,52.0,84.0,58.0
1995-05-09,6.08,6.33,6.61,6.94,53.0,86.0,61.0
1995-05-10,6.11,6.39,6.66,6.97,55.0,86.0,58.0
1995-05-11,6.2,6.45,6.68,6.99,48.0,79.0,54.0
1995-05-12,6.2,6.46,6.67,7.0,47.0,80.0,54.0
1995-05-15,6.16,6.41,6.62,6.95,46.0,79.0,54.0
1995-05-16,6.11,6.36,6.57,6.87,46.0,76.0,51.0
1995-05-17,6.11,6.35,6.53,6.86,42.0,75.0,51.0
1995-05-18,6.18,6.44,6.61,6.91,43.0,73.0,47.0
1995-05-19,6.19,6.43,6.61,6.91,42.0,72.0,48.0
1995-05-22,6.19,6.46,6.63,6.92,44.0,73.0,46.0
1995-05-23,6.15,6.37,6.57,6.87,42.0,72.0,50.0
1995-05-24,6.01,6.2,6.44,6.77,43.0,76.0,57.0
1995-05-25,5.99,6.18,6.39,6.73,40.0,74.0,55.0
1995-05-26,5.97,6.18,6.4,6.75,43.0,78.0,57.0
1995-05-30,5.89,6.08,6.3,6.67,41.0,78.0,59.0
1995-05-31,5.89,6.08,6.3,6.67,41.0,78.0,59.0
1995-06-01,5.71,5.94,6.2,6.61,49.0,90.0,67.0
1995-06-02,5.54,5.8,6.1,6.52,56.0,98.0,72.0
1995-06-05,5.54,5.79,6.08,6.51,54.0,97.0,72.0
1995-06-06,5.57,5.83,6.08,6.51,51.0,94.0,68.0
1995-06-07,5.74,5.95,6.2,6.53,46.0,79.0,58.0
1995-06-08,5.82,6.02,6.22,6.57,40.0,75.0,55.0
1995-06-09,6.01,6.21,6.4,6.72,39.0,71.0,51.0
1995-06-12,5.96,6.16,6.37,6.71,41.0,75.0,55.0
1995-06-13,5.63,5.88,6.14,6.56,51.0,93.0,68.0
1995-06-14,5.67,5.88,6.15,6.57,48.0,90.0,69.0
1995-06-15,5.73,5.93,6.18,6.61,45.0,88.0,68.0
1995-06-16,5.77,5.96,6.21,6.62,44.0,85.0,66.0
1995-06-19,5.65,5.87,6.13,6.56,48.0,91.0,69.0
1995-06-20,5.72,5.92,6.16,6.57,44.0,85.0,65.0
1995-06-21,5.68,5.89,6.13,6.55,45.0,87.0,66.0
1995-06-22,5.61,5.8,6.04,6.48,43.0,87.0,68.0
1995-06-23,5.64,5.83,6.06,6.51,42.0,87.0,68.0
1995-06-26,5.71,5.9,6.11,6.54,40.0,83.0,64.0
1995-06-27,5.7,5.94,6.15,6.56,45.0,86.0,62.0
1995-06-28,5.67,5.88,6.1,6.52,43.0,85.0,64.0
1995-06-29,5.89,6.07,6.28,6.65,39.0,76.0,58.0
1995-06-30,5.79,5.98,6.21,6.63,42.0,84.0,65.0
1995-07-03,5.79,5.97,6.21,6.63,42.0,84.0,66.0
1995-07-05,5.78,5.95,6.19,6.61,41.0,83.0,66.0
1995-07-06,5.56,5.75,6.05,6.51,49.0,95.0,76.0
1995-07-07,5.54,5.74,6.04,6.52,50.0,98.0,78.0
1995-07-10,5.56,5.74,6.04,6.51,48.0,95.0,77.0
1995-07-11,5.59,5.8,6.09,6.57,50.0,98.0,77.0
1995-07-12,5.59,5.8,6.1,6.55,51.0,96.0,75.0
1995-07-13,5.61,5.8,6.09,6.55,48.0,94.0,75.0
1995-07-14,5.7,5.89,6.15,6.6,45.0,90.0,71.0
1995-07-17,5.77,5.97,6.22,6.67,45.0,90.0,70.0
1995-07-18,5.77,6.01,6.25,6.73,48.0,96.0,72.0
1995-07-19,5.89,6.15,6.43,6.89,54.0,100.0,74.0
1995-07-20,5.91,6.15,6.43,6.87,52.0,96.0,72.0
1995-07-21,5.95,6.26,6.53,6.96,58.0,101.0,70.0
1995-07-24,5.97,6.2,6.46,6.9,49.0,93.0,70.0
1995-07-25,5.94,6.19,6.43,6.84,49.0,90.0,65.0
1995-07-26,5.97,6.24,6.48,6.9,51.0,93.0,66.0
1995-07-27,5.91,6.18,6.43,6.84,52.0,93.0,66.0
1995-07-28,5.92,6.22,6.49,6.91,57.0,99.0,69.0
1995-07-31,5.88,6.16,6.45,6.86,57.0,98.0,70.0
1995-08-01,5.94,6.22,6.5,6.92,56.0,98.0,70.0
1995-08-02,5.86,6.15,6.44,6.86,58.0,100.0,71.0
1995-08-03,5.94,6.24,6.53,6.93,59.0,99.0,69.0
1995-08-04,5.91,6.2,6.5,6.9,59.0,99.0,70.0
1995-08-07,5.9,6.18,6.48,6.89,58.0,99.0,71.0
1995-08-08,5.9,6.17,6.47,6.89,57.0,99.0,72.0
1995-08-09,5.93,6.21,6.47,6.93,54.0,100.0,72.0
1995-08-10,5.95,6.25,6.51,6.9,56.0,95.0,65.0
1995-08-11,6.05,6.37,6.59,6.98,54.0,93.0,61.0
1995-08-14,6.05,6.36,6.59,6.96,54.0,91.0,60.0
1995-08-15,6.11,6.37,6.57,6.92,46.0,81.0,55.0
1995-08-16,6.07,6.32,6.54,6.89,47.0,82.0,57.0
1995-08-17,6.12,6.37,6.57,6.9,45.0,78.0,53.0
1995-08-18,6.13,6.36,6.57,6.91,44.0,78.0,55.0
1995-08-21,6.08,6.31,6.54,6.87,46.0,79.0,56.0
1995-08-22,6.1,6.35,6.57,6.89,47.0,79.0,54.0
1995-08-23,6.11,6.37,6.6,6.92,49.0,81.0,55.0
1995-08-24,6.0,6.26,6.5,6.84,50.0,84.0,58.0
1995-08-25,5.9,6.13,6.38,6.72,48.0,82.0,59.0
1995-08-28,5.85,6.1,6.34,6.7,49.0,85.0,60.0
1995-08-29,5.93,6.15,6.36,6.72,43.0,79.0,57.0
1995-08-30,5.88,6.1,6.33,6.7,45.0,82.0,60.0
1995-08-31,5.85,6.07,6.28,6.65,43.0,80.0,58.0
1995-09-01,5.78,6.0,6.22,6.61,44.0,83.0,61.0
1995-09-05,5.77,5.96,6.18,6.57,41.0,80.0,61.0
1995-09-06,5.76,5.95,6.17,6.57,41.0,81.0,62.0
1995-09-07,5.8,6.0,6.21,6.6,41.0,80.0,60.0
1995-09-08,5.85,6.04,6.24,6.6,39.0,75.0,56.0
1995-09-11,5.83,6.05,6.24,6.6,41.0,77.0,55.0
1995-09-12,5.77,5.96,6.16,6.51,39.0,74.0,55.0
1995-09-13,5.8,5.99,6.18,6.52,38.0,72.0,53.0
1995-09-14,5.68,5.87,6.08,6.45,40.0,77.0,58.0
1995-09-15,5.71,5.91,6.11,6.47,40.0,76.0,56.0
1995-09-18,5.77,5.97,6.17,6.53,40.0,76.0,56.0
1995-09-19,5.75,5.94,6.14,6.49,39.0,74.0,55.0
1995-09-20,5.73,5.92,6.1,6.46,37.0,73.0,54.0
1995-09-21,5.83,6.03,6.21,6.56,38.0,73.0,53.0
1995-09-22,5.85,6.06,6.25,6.59,40.0,74.0,53.0
1995-09-25,5.89,6.08,6.26,6.58,37.0,69.0,50.0
1995-09-26,5.88,6.11,6.28,6.58,40.0,70.0,47.0
1995-09-27,5.92,6.08,6.3,6.61,38.0,69.0,53.0
1995-09-28,5.92,6.1,6.28,6.59,36.0,67.0,49.0
1995-09-29,5.83,6.01,6.17,6.49,34.0,66.0,48.0
1995-10-02,5.82,5.98,6.15,6.48,33.0,66.0,50.0
1995-10-03,5.8,5.96,6.13,6.46,33.0,66.0,50.0
1995-10-04,5.75,5.91,6.12,6.44,37.0,69.0,53.0
1995-10-05,5.72,5.88,6.06,6.43,34.0,71.0,55.0
1995-10-06,5.73,5.89,6.06,6.43,33.0,70.0,54.0
1995-10-10,5.74,5.91,6.07,6.43,33.0,69.0,52.0
1995-10-11,5.75,5.91,6.09,6.44,34.0,69.0,53.0
1995-10-12,5.72,5.88,6.07,6.41,35.0,69.0,53.0
1995-10-13,5.67,5.8,5.97,6.3,30.0,63.0,50.0
1995-10-16,5.67,5.8,5.97,6.32,30.0,65.0,52.0
1995-10-17,5.65,5.8,5.97,6.3,32.0,65.0,50.0
1995-10-18,5.67,5.83,5.99,6.32,32.0,65.0,49.0
1995-10-19,5.67,5.83,5.98,6.31,31.0,64.0,48.0
1995-10-20,5.72,5.9,6.04,6.35,32.0,63.0,45.0
1995-10-23,5.76,5.92,6.07,6.38,31.0,62.0,46.0
1995-10-24,5.68,5.85,6.02,6.33,34.0,65.0,48.0
1995-10-25,5.64,5.8,6.0,6.32,36.0,68.0,52.0
1995-10-26,5.61,5.81,6.06,6.38,45.0,77.0,57.0
1995-10-27,5.64,5.83,6.05,6.35,41.0,71.0,52.0
1995-10-30,5.62,5.82,6.04,6.35,42.0,73.0,53.0
1995-10-31,5.61,5.81,6.03,6.34,42.0,73.0,53.0
1995-11-01,5.52,5.74,5.98,6.29,46.0,77.0,55.0
1995-11-02,5.46,5.68,5.92,6.25,46.0,79.0,57.0
1995-11-03,5.49,5.7,5.94,6.28,45.0,79.0,58.0
1995-11-06,5.51,5.73,5.96,6.29,45.0,78.0,56.0
1995-11-07,5.54,5.77,5.99,6.31,45.0,77.0,54.0
1995-11-08,5.47,5.69,5.92,6.25,45.0,78.0,56.0
1995-11-09,5.49,5.72,5.97,6.29,48.0,80.0,57.0
1995-11-10,5.52,5.76,6.0,6.33,48.0,81.0,57.0
1995-11-13,5.49,5.72,5.98,6.28,49.0,79.0,56.0
1995-11-14,5.47,5.71,5.97,6.3,50.0,83.0,59.0
1995-11-15,5.53,5.77,6.0,6.3,47.0,77.0,53.0
1995-11-16,5.46,5.68,5.93,6.24,47.0,78.0,56.0
1995-11-17,5.46,5.66,5.92,6.23,46.0,77.0,57.0
1995-11-20,5.46,5.66,5.93,6.25,47.0,79.0,59.0
1995-11-21,5.49,5.7,5.92,6.27,43.0,78.0,57.0
1995-11-22,5.51,5.72,5.93,6.28,42.0,77.0,56.0
1995-11-24,5.49,5.7,5.91,6.25,42.0,76.0,55.0
1995-11-27,5.46,5.67,5.88,6.23,42.0,77.0,56.0
1995-11-28,5.45,5.67,5.88,6.24,43.0,79.0,57.0
1995-11-29,5.42,5.6,5.85,6.22,43.0,80.0,62.0
1995-11-30,5.36,5.53,5.76,6.14,40.0,78.0,61.0
1995-12-01,5.32,5.49,5.71,6.1,39.0,78.0,61.0
1995-12-04,5.27,5.43,5.63,6.01,36.0,74.0,58.0
1995-12-05,5.29,5.45,5.65,6.04,36.0,75.0,59.0
1995-12-06,5.32,5.49,5.67,6.03,35.0,71.0,54.0
1995-12-07,5.39,5.54,5.72,6.07,33.0,68.0,53.0
1995-12-08,5.39,5.56,5.73,6.06,34.0,67.0,50.0
1995-12-11,5.38,5.53,5.71,6.04,33.0,66.0,51.0
1995-12-12,5.39,5.55,5.72,6.05,33.0,66.0,50.0
1995-12-13,5.39,5.56,5.74,6.07,35.0,68.0,51.0
1995-12-14,5.38,5.55,5.74,6.08,36.0,70.0,53.0
1995-12-15,5.36,5.55,5.75,6.09,39.0,73.0,54.0
1995-12-18,5.43,5.66,5.85,6.2,42.0,77.0,54.0
1995-12-19,5.36,5.58,5.81,6.14,45.0,78.0,56.0
1995-12-20,5.33,5.55,5.76,6.11,43.0,78.0,56.0
1995-12-21,5.33,5.53,5.77,6.11,44.0,78.0,58.0
1995-12-22,5.28,5.5,5.71,6.06,43.0,78.0,56.0
1995-12-26,5.27,5.48,5.69,6.04,42.0,77.0,56.0
1995-12-27,5.23,5.46,5.66,6.01,43.0,78.0,55.0
1995-12-28,5.2,5.43,5.63,5.98,43.0,78.0,55.0
1995-12-29,5.18,5.38,5.58,5.96,40.0,78.0,58.0
1996-01-02,5.18,5.39,5.6,5.97,42.0,79.0,58.0
1996-01-03,5.17,5.36,5.58,5.96,41.0,79.0,60.0
1996-01-04,5.17,5.39,5.65,6.03,48.0,86.0,64.0
1996-01-05,5.2,5.42,5.69,6.05,49.0,85.0,63.0
1996-01-08,5.2,5.41,5.68,6.04,48.0,84.0,63.0
1996-01-09,5.18,5.41,5.7,6.06,52.0,88.0,65.0
1996-01-10,5.22,5.5,5.8,6.16,58.0,94.0,66.0
1996-01-11,5.22,5.47,5.78,6.16,56.0,94.0,69.0
1996-01-12,5.17,5.4,5.75,6.16,58.0,99.0,76.0
1996-01-16,5.08,5.37,5.66,6.09,58.0,101.0,72.0
1996-01-17,5.05,5.29,5.58,6.0,53.0,95.0,71.0
1996-01-18,5.01,5.25,5.53,5.98,52.0,97.0,73.0
1996-01-19,5.03,5.27,5.54,5.97,51.0,94.0,70.0
1996-01-22,5.08,5.34,5.61,6.04,53.0,96.0,70.0
1996-01-23,5.09,5.37,5.66,6.09,57.0,100.0,72.0
1996-01-24,5.07,5.3,5.62,6.02,55.0,95.0,72.0
1996-01-25,5.11,5.41,5.7,6.11,59.0,100.0,70.0
1996-01-26,5.08,5.34,5.65,6.04,57.0,96.0,70.0
1996-01-29,5.1,5.37,5.69,6.09,59.0,99.0,72.0
1996-01-30,5.02,5.3,5.63,6.04,61.0,102.0,74.0
1996-01-31,4.93,5.25,5.6,6.03,67.0,110.0,78.0
1996-02-01,4.93,5.24,5.63,6.08,70.0,115.0,84.0
1996-02-02,4.9,5.24,5.66,6.15,76.0,125.0,91.0
1996-02-05,4.95,5.3,5.7,6.15,75.0,120.0,85.0
1996-02-06,4.93,5.28,5.68,6.14,75.0,121.0,86.0
1996-02-07,4.92,5.27,5.66,6.15,74.0,123.0,88.0
1996-02-08,4.9,5.27,5.66,6.09,76.0,119.0,82.0
1996-02-09,4.85,5.25,5.66,6.11,81.0,126.0,86.0
1996-02-12,4.83,5.17,5.61,6.05,78.0,122.0,88.0
1996-02-13,4.8,5.14,5.58,6.02,78.0,122.0,88.0
1996-02-14,4.82,5.17,5.62,6.07,80.0,125.0,90.0
1996-02-15,4.87,5.23,5.7,6.16,83.0,129.0,93.0
1996-02-16,4.9,5.29,5.76,6.23,86.0,133.0,94.0
1996-02-20,5.18,5.53,6.01,6.39,83.0,121.0,86.0
1996-02-21,5.16,5.56,5.98,6.39,82.0,123.0,83.0
1996-02-22,5.11,5.47,5.92,6.36,81.0,125.0,89.0
1996-02-23,5.13,5.53,5.97,6.42,84.0,129.0,89.0
1996-02-26,5.18,5.56,6.01,6.45,83.0,127.0,89.0
1996-02-27,5.28,5.63,6.06,6.47,78.0,119.0,84.0
1996-02-28,5.43,5.73,6.11,6.48,68.0,105.0,75.0
1996-02-29,5.44,5.73,6.13,6.48,69.0,104.0,75.0
1996-03-01,5.26,5.6,5.99,6.38,73.0,112.0,78.0
1996-03-04,5.21,5.52,5.92,6.34,71.0,113.0,82.0
1996-03-05,5.28,5.6,5.96,6.39,68.0,111.0,79.0
1996-03-06,5.36,5.68,6.05,6.44,69.0,108.0,76.0
1996-03-07,5.4,5.71,6.07,6.46,67.0,106.0,75.0
1996-03-08,5.73,6.05,6.41,6.7,68.0,97.0,65.0
1996-03-11,5.71,6.0,6.33,6.63,62.0,92.0,63.0
1996-03-12,5.78,6.04,6.36,6.66,58.0,88.0,62.0
1996-03-13,5.73,6.03,6.35,6.68,62.0,95.0,65.0
1996-03-14,5.7,6.03,6.36,6.68,66.0,98.0,65.0
1996-03-15,5.87,6.19,6.46,6.75,59.0,88.0,56.0
1996-03-18,5.89,6.16,6.43,6.71,54.0,82.0,55.0
1996-03-19,5.85,6.15,6.41,6.7,56.0,85.0,55.0
1996-03-20,5.76,6.05,6.34,6.65,58.0,89.0,60.0
1996-03-21,5.72,6.01,6.28,6.62,56.0,90.0,61.0
1996-03-22,5.74,6.05,6.32,6.65,58.0,91.0,60.0
1996-03-25,5.69,6.0,6.26,6.58,57.0,89.0,58.0
1996-03-26,5.72,6.0,6.25,6.59,53.0,87.0,59.0
1996-03-27,5.81,6.12,6.34,6.68,53.0,87.0,56.0
1996-03-28,5.88,6.2,6.41,6.73,53.0,85.0,53.0
1996-03-29,5.79,6.1,6.34,6.67,55.0,88.0,57.0
1996-04-01,5.79,6.09,6.31,6.66,52.0,87.0,57.0
1996-04-02,5.74,6.02,6.25,6.62,51.0,88.0,60.0
1996-04-03,5.77,6.06,6.27,6.63,50.0,86.0,57.0
1996-04-04,5.83,6.12,6.33,6.66,50.0,83.0,54.0
1996-04-05,6.09,6.4,6.57,6.83,48.0,74.0,43.0
1996-04-08,6.11,6.46,6.63,6.88,52.0,77.0,42.0
1996-04-09,6.06,6.37,6.56,6.84,50.0,78.0,47.0
1996-04-10,6.1,6.44,6.63,6.91,53.0,81.0,47.0
1996-04-11,6.12,6.5,6.68,6.95,56.0,83.0,45.0
1996-04-12,5.96,6.31,6.52,6.81,56.0,85.0,50.0
1996-04-15,5.93,6.27,6.47,6.79,54.0,86.0,52.0
1996-04-16,5.91,6.28,6.48,6.78,57.0,87.0,50.0
1996-04-17,5.96,6.33,6.52,6.81,56.0,85.0,48.0
1996-04-18,6.02,6.39,6.58,6.84,56.0,82.0,45.0
1996-04-19,5.95,6.32,6.53,6.8,58.0,85.0,48.0
1996-04-22,5.92,6.28,6.48,6.75,56.0,83.0,47.0
1996-04-23,5.93,6.31,6.52,6.78,59.0,85.0,47.0
1996-04-24,5.95,6.34,6.57,6.81,62.0,86.0,47.0
1996-04-25,5.99,6.31,6.56,6.81,57.0,82.0,50.0
1996-04-26,5.92,6.29,6.54,6.79,62.0,87.0,50.0
1996-04-29,5.98,6.33,6.59,6.83,61.0,85.0,50.0
1996-04-30,6.03,6.4,6.66,6.89,63.0,86.0,49.0
1996-05-01,6.03,6.39,6.68,6.91,65.0,88.0,52.0
1996-05-02,6.16,6.56,6.85,7.05,69.0,89.0,49.0
1996-05-03,6.2,6.61,6.9,7.12,70.0,92.0,51.0
1996-05-06,6.15,6.57,6.86,7.07,71.0,92.0,50.0
1996-05-07,6.2,6.6,6.87,7.08,67.0,88.0,48.0
1996-05-08,6.15,6.56,6.78,7.0,63.0,85.0,44.0
1996-05-09,6.14,6.57,6.84,7.02,70.0,88.0,45.0
1996-05-10,6.04,6.45,6.75,6.93,71.0,89.0,48.0
1996-05-13,6.06,6.45,6.72,6.9,66.0,84.0,45.0
1996-05-14,6.01,6.4,6.66,6.85,65.0,84.0,45.0
1996-05-15,6.01,6.39,6.65,6.84,64.0,83.0,45.0
1996-05-16,6.08,6.45,6.7,6.9,62.0,82.0,45.0
1996-05-17,6.04,6.41,6.65,6.84,61.0,80.0,43.0
1996-05-20,6.02,6.38,6.62,6.82,60.0,80.0,44.0
1996-05-21,6.03,6.41,6.65,6.85,62.0,82.0,44.0
1996-05-22,6.03,6.38,6.63,6.81,60.0,78.0,43.0
1996-05-23,6.05,6.44,6.68,6.87,63.0,82.0,43.0
1996-05-24,6.03,6.42,6.65,6.84,62.0,81.0,42.0
1996-05-28,6.05,6.44,6.67,6.85,62.0,80.0,41.0
1996-05-29,6.16,6.56,6.77,6.94,61.0,78.0,38.0
1996-05-30,6.18,6.55,6.78,6.92,60.0,74.0,37.0
1996-05-31,6.27,6.64,6.85,7.0,58.0,73.0,36.0
1996-06-03,6.26,6.64,6.87,7.01,61.0,75.0,37.0
1996-06-04,6.24,6.62,6.86,7.0,62.0,76.0,38.0
1996-06-05,6.24,6.6,6.82,6.96,58.0,72.0,36.0
1996-06-06,6.16,6.52,6.76,6.91,60.0,75.0,39.0
1996-06-07,6.4,6.75,6.93,7.05,53.0,65.0,30.0
1996-06-10,6.4,6.77,6.97,7.1,57.0,70.0,33.0
1996-06-11,6.37,6.77,6.99,7.13,62.0,76.0,36.0
1996-06-12,6.39,6.81,7.03,7.18,64.0,79.0,37.0
1996-06-13,6.36,6.8,7.01,7.15,65.0,79.0,35.0
1996-06-14,6.29,6.72,6.95,7.1,66.0,81.0,38.0
1996-06-17,6.27,6.68,6.9,7.06,63.0,79.0,38.0
1996-06-18,6.28,6.71,6.93,7.09,65.0,81.0,38.0
1996-06-19,6.31,6.74,6.96,7.12,65.0,81.0,38.0
1996-06-20,6.38,6.77,6.98,7.12,60.0,74.0,35.0
1996-06-21,6.35,6.74,6.96,7.11,61.0,76.0,37.0
1996-06-24,6.32,6.72,6.94,7.09,62.0,77.0,37.0
1996-06-25,6.3,6.7,6.91,7.06,61.0,76.0,36.0
1996-06-26,6.3,6.67,6.91,7.05,61.0,75.0,38.0
1996-06-27,6.21,6.59,6.83,6.99,62.0,78.0,40.0
1996-06-28,6.11,6.47,6.73,6.9,62.0,79.0,43.0
1996-07-01,6.15,6.49,6.74,6.91,59.0,76.0,42.0
1996-07-02,6.22,6.56,6.8,6.94,58.0,72.0,38.0
1996-07-03,6.2,6.53,6.78,6.94,58.0,74.0,41.0
1996-07-05,6.44,6.82,7.06,7.19,62.0,75.0,37.0
1996-07-08,6.43,6.81,7.05,7.19,62.0,76.0,38.0
1996-07-09,6.41,6.78,7.0,7.15,59.0,74.0,37.0
1996-07-10,6.34,6.71,6.95,7.1,61.0,76.0,39.0
1996-07-11,6.28,6.67,6.9,7.07,62.0,79.0,40.0
1996-07-12,6.26,6.65,6.85,7.03,59.0,77.0,38.0
1996-07-15,6.32,6.67,6.89,7.07,57.0,75.0,40.0
1996-07-16,6.23,6.61,6.84,7.03,61.0,80.0,42.0
1996-07-17,6.23,6.61,6.83,7.02,60.0,79.0,41.0
1996-07-18,6.16,6.5,6.72,6.92,56.0,76.0,42.0
1996-07-19,6.18,6.55,6.78,6.97,60.0,79.0,42.0
1996-07-22,6.23,6.62,6.84,7.01,61.0,78.0,39.0
1996-07-23,6.23,6.6,6.8,6.97,57.0,74.0,37.0
1996-07-24,6.26,6.63,6.87,7.04,61.0,78.0,41.0
1996-07-25,6.28,6.65,6.87,7.04,59.0,76.0,39.0
1996-07-26,6.25,6.62,6.85,7.02,60.0,77.0,40.0
1996-07-29,6.32,6.69,6.93,7.09,61.0,77.0,40.0
1996-07-30,6.3,6.65,6.89,7.05,59.0,75.0,40.0
1996-07-31,6.22,6.57,6.8,6.98,58.0,76.0,41.0
1996-08-01,6.08,6.41,6.65,6.84,57.0,76.0,43.0
1996-08-02,5.91,6.26,6.51,6.74,60.0,83.0,48.0
1996-08-05,5.93,6.28,6.53,6.75,60.0,82.0,47.0
1996-08-06,5.93,6.29,6.54,6.76,61.0,83.0,47.0
1996-08-07,5.97,6.3,6.55,6.78,58.0,81.0,48.0
1996-08-08,5.97,6.29,6.56,6.76,59.0,79.0,47.0
1996-08-09,5.93,6.25,6.5,6.7,57.0,77.0,45.0
1996-08-12,5.92,6.24,6.49,6.7,57.0,78.0,46.0
1996-08-13,5.97,6.32,6.57,6.78,60.0,81.0,46.0
1996-08-14,5.97,6.33,6.58,6.78,61.0,81.0,45.0
1996-08-15,6.0,6.37,6.62,6.82,62.0,82.0,45.0
1996-08-16,5.95,6.31,6.56,6.77,61.0,82.0,46.0
1996-08-19,5.97,6.34,6.59,6.8,62.0,83.0,46.0
1996-08-20,5.97,6.34,6.59,6.8,62.0,83.0,46.0
1996-08-21,5.99,6.35,6.61,6.83,62.0,84.0,48.0
1996-08-22,6.0,6.38,6.62,6.84,62.0,84.0,46.0
1996-08-23,6.09,6.48,6.72,6.93,63.0,84.0,45.0
1996-08-26,6.18,6.57,6.8,7.0,62.0,82.0,43.0
1996-08-27,6.17,6.55,6.78,6.97,61.0,80.0,42.0
1996-08-28,6.17,6.56,6.79,6.99,62.0,82.0,43.0
1996-08-29,6.23,6.61,6.86,7.05,63.0,82.0,44.0
1996-08-30,6.34,6.73,6.96,7.13,62.0,79.0,40.0
1996-09-03,6.35,6.71,6.92,7.07,57.0,72.0,36.0
1996-09-04,6.38,6.74,6.94,7.1,56.0,72.0,36.0
1996-09-05,6.38,6.76,6.98,7.15,60.0,77.0,39.0
1996-09-06,6.33,6.72,6.94,7.12,61.0,79.0,40.0
1996-09-09,6.32,6.67,6.9,7.08,58.0,76.0,41.0
1996-09-10,6.34,6.7,6.94,7.13,60.0,79.0,43.0
1996-09-11,6.34,6.7,6.94,7.12,60.0,78.0,42.0
1996-09-12,6.27,6.64,6.88,7.08,61.0,81.0,44.0
1996-09-13,6.1,6.48,6.74,6.95,64.0,85.0,47.0
1996-09-16,6.14,6.49,6.73,6.95,59.0,81.0,46.0
1996-09-17,6.22,6.57,6.81,7.0,59.0,78.0,43.0
1996-09-18,6.26,6.61,6.83,7.02,57.0,76.0,41.0
1996-09-19,6.29,6.65,6.87,7.05,58.0,76.0,40.0
1996-09-20,6.26,6.62,6.85,7.04,59.0,78.0,42.0
1996-09-23,6.24,6.6,6.83,7.02,59.0,78.0,42.0
1996-09-24,6.16,6.52,6.77,6.99,61.0,83.0,47.0
1996-09-25,6.08,6.46,6.71,6.93,63.0,85.0,47.0
1996-09-26,6.05,6.41,6.66,6.88,61.0,83.0,47.0
1996-09-27,6.07,6.43,6.68,6.91,61.0,84.0,48.0
1996-09-30,6.1,6.46,6.72,6.93,62.0,83.0,47.0
1996-10-01,6.03,6.39,6.65,6.88,62.0,85.0,49.0
1996-10-02,5.98,6.35,6.61,6.84,63.0,86.0,49.0
1996-10-03,6.0,6.35,6.61,6.84,61.0,84.0,49.0
1996-10-04,5.85,6.2,6.48,6.74,63.0,89.0,54.0
1996-10-07,5.89,6.25,6.53,6.78,64.0,89.0,53.0
1996-10-08,5.9,6.26,6.53,6.79,63.0,89.0,53.0
1996-10-09,5.96,6.31,6.55,6.83,59.0,87.0,52.0
1996-10-10,6.01,6.37,6.61,6.89,60.0,88.0,52.0
1996-10-11,5.92,6.29,6.55,6.84,63.0,92.0,55.0
1996-10-15,5.93,6.3,6.56,6.85,63.0,92.0,55.0
1996-10-16,5.94,6.31,6.57,6.86,63.0,92.0,55.0
1996-10-17,5.89,6.25,6.51,6.81,62.0,92.0,56.0
1996-10-18,5.89,6.25,6.5,6.79,61.0,90.0,54.0
1996-10-21,5.91,6.27,6.52,6.81,61.0,90.0,54.0
1996-10-22,5.95,6.31,6.56,6.85,61.0,90.0,54.0
1996-10-23,5.94,6.31,6.56,6.84,62.0,90.0,53.0
1996-10-24,5.94,6.29,6.57,6.85,63.0,91.0,56.0
1996-10-25,5.9,6.26,6.54,6.82,64.0,92.0,56.0
1996-10-28,5.92,6.29,6.56,6.83,64.0,91.0,54.0
1996-10-29,5.77,6.12,6.4,6.7,63.0,93.0,58.0
1996-10-30,5.79,6.12,6.4,6.69,61.0,90.0,57.0
1996-10-31,5.77,6.1,6.37,6.66,60.0,89.0,56.0
1996-11-01,5.79,6.11,6.38,6.68,59.0,89.0,57.0
1996-11-04,5.78,6.1,6.36,6.67,58.0,89.0,57.0
1996-11-05,5.74,6.03,6.28,6.6,54.0,86.0,57.0
1996-11-06,5.76,6.05,6.3,6.61,54.0,85.0,56.0
1996-11-07,5.75,6.01,6.26,6.48,51.0,73.0,47.0
1996-11-08,5.76,6.04,6.29,6.51,53.0,75.0,47.0
1996-11-12,5.73,5.98,6.19,6.44,46.0,71.0,46.0
1996-11-13,5.71,5.99,6.2,6.46,49.0,75.0,47.0
1996-11-14,5.66,5.93,6.15,6.42,49.0,76.0,49.0
1996-11-15,5.68,5.96,6.19,6.46,51.0,78.0,50.0
1996-11-18,5.7,5.97,6.2,6.46,50.0,76.0,49.0
1996-11-19,5.68,5.94,6.17,6.44,49.0,76.0,50.0
1996-11-20,5.65,5.92,6.14,6.41,49.0,76.0,49.0
1996-11-21,5.67,5.94,6.15,6.42,48.0,75.0,48.0
1996-11-22,5.69,5.94,6.15,6.44,46.0,75.0,50.0
1996-11-25,5.67,5.92,6.13,6.42,46.0,75.0,50.0
1996-11-26,5.66,5.91,6.13,6.43,47.0,77.0,52.0
1996-11-27,5.66,5.91,6.14,6.44,48.0,78.0,53.0
1996-11-29,5.59,5.84,6.06,6.36,47.0,77.0,52.0
1996-12-02,5.61,5.85,6.08,6.36,47.0,75.0,51.0
1996-12-03,5.61,5.84,6.06,6.35,45.0,74.0,51.0
1996-12-04,5.64,5.89,6.11,6.4,47.0,76.0,51.0
1996-12-05,5.71,5.99,6.22,6.5,51.0,79.0,51.0
1996-12-06,5.73,6.02,6.26,6.53,53.0,80.0,51.0
1996-12-09,5.7,5.97,6.21,6.48,51.0,78.0,51.0
1996-12-10,5.71,5.99,6.23,6.49,52.0,78.0,50.0
1996-12-11,5.82,6.14,6.38,6.61,56.0,79.0,47.0
1996-12-12,5.84,6.14,6.4,6.64,56.0,80.0,50.0
1996-12-13,5.77,6.06,6.33,6.58,56.0,81.0,52.0
1996-12-16,5.82,6.13,6.39,6.63,57.0,81.0,50.0
1996-12-17,5.87,6.17,6.42,6.66,55.0,79.0,49.0
1996-12-18,5.89,6.21,6.46,6.69,57.0,80.0,48.0
1996-12-19,5.83,6.13,6.36,6.6,53.0,77.0,47.0
1996-12-20,5.83,6.12,6.35,6.59,52.0,76.0,47.0
1996-12-23,5.85,6.12,6.34,6.58,49.0,73.0,46.0
1996-12-24,5.85,6.13,6.36,6.59,51.0,74.0,46.0
1996-12-26,5.85,6.13,6.35,6.59,50.0,74.0,46.0
1996-12-27,5.81,6.09,6.3,6.54,49.0,73.0,45.0
1996-12-30,5.8,6.1,6.31,6.54,51.0,74.0,44.0
1996-12-31,5.88,6.21,6.43,6.65,55.0,77.0,44.0
1997-01-02,5.97,6.3,6.54,6.75,57.0,78.0,45.0
1997-01-03,5.95,6.28,6.52,6.74,57.0,79.0,46.0
1997-01-06,5.97,6.3,6.54,6.77,57.0,80.0,47.0
1997-01-07,5.98,6.32,6.57,6.8,59.0,82.0,48.0
1997-01-08,6.01,6.34,6.6,6.83,59.0,82.0,49.0
1997-01-09,5.94,6.27,6.52,6.76,58.0,82.0,49.0
1997-01-10,6.06,6.4,6.63,6.86,57.0,80.0,46.0
1997-01-13,6.07,6.4,6.63,6.85,56.0,78.0,45.0
1997-01-14,5.98,6.3,6.53,6.77,55.0,79.0,47.0
1997-01-15,5.98,6.3,6.53,6.79,55.0,81.0,49.0
1997-01-16,6.0,6.33,6.57,6.83,57.0,83.0,50.0
1997-01-17,6.0,6.32,6.56,6.83,56.0,83.0,51.0
1997-01-21,5.99,6.29,6.52,6.78,53.0,79.0,49.0
1997-01-22,6.0,6.32,6.56,6.83,56.0,83.0,51.0
1997-01-23,6.06,6.35,6.6,6.85,54.0,79.0,50.0
1997-01-24,6.07,6.39,6.64,6.89,57.0,82.0,50.0
1997-01-27,6.11,6.42,6.69,6.94,58.0,83.0,52.0
1997-01-28,6.04,6.38,6.64,6.91,60.0,87.0,53.0
1997-01-29,6.04,6.38,6.63,6.9,59.0,86.0,52.0
1997-01-30,6.01,6.35,6.61,6.88,60.0,87.0,53.0
1997-01-31,5.94,6.26,6.53,6.8,59.0,86.0,54.0
1997-02-03,5.89,6.21,6.47,6.74,58.0,85.0,53.0
1997-02-04,5.88,6.19,6.45,6.72,57.0,84.0,53.0
1997-02-05,5.91,6.21,6.47,6.75,56.0,84.0,54.0
1997-02-06,5.91,6.22,6.49,6.76,58.0,85.0,54.0
1997-02-07,5.86,6.17,6.43,6.72,57.0,86.0,55.0
1997-02-10,5.87,6.16,6.43,6.71,56.0,84.0,55.0
1997-02-11,5.88,6.18,6.43,6.71,55.0,83.0,53.0
1997-02-12,5.9,6.19,6.39,6.72,49.0,82.0,53.0
1997-02-13,5.83,6.12,6.32,6.58,49.0,75.0,46.0
1997-02-14,5.79,6.07,6.28,6.53,49.0,74.0,46.0
1997-02-18,5.8,6.08,6.28,6.55,48.0,75.0,47.0
1997-02-19,5.82,6.1,6.3,6.57,48.0,75.0,47.0
1997-02-20,5.85,6.17,6.38,6.64,53.0,79.0,47.0
1997-02-21,5.85,6.16,6.36,6.63,51.0,78.0,47.0
1997-02-24,5.89,6.19,6.39,6.66,50.0,77.0,47.0
1997-02-25,5.9,6.2,6.4,6.66,50.0,76.0,46.0
1997-02-26,6.06,6.37,6.56,6.8,50.0,74.0,43.0
1997-02-27,6.09,6.4,6.58,6.82,49.0,73.0,42.0
1997-02-28,6.09,6.39,6.56,6.8,47.0,71.0,41.0
1997-03-03,6.11,6.41,6.58,6.83,47.0,72.0,42.0
1997-03-04,6.11,6.44,6.6,6.86,49.0,75.0,42.0
1997-03-05,6.13,6.43,6.6,6.85,47.0,72.0,42.0
1997-03-06,6.15,6.45,6.62,6.89,47.0,74.0,44.0
1997-03-07,6.1,6.39,6.57,6.83,47.0,73.0,44.0
1997-03-10,6.1,6.4,6.56,6.83,46.0,73.0,43.0
1997-03-11,6.09,6.4,6.57,6.84,48.0,75.0,44.0
1997-03-12,6.12,6.43,6.6,6.87,48.0,75.0,44.0
1997-03-13,6.21,6.55,6.72,6.98,51.0,77.0,43.0
1997-03-14,6.18,6.53,6.71,6.95,53.0,77.0,42.0
1997-03-17,6.22,6.55,6.72,6.96,50.0,74.0,41.0
1997-03-18,6.22,6.56,6.72,6.96,50.0,74.0,40.0
1997-03-19,6.24,6.58,6.74,6.99,50.0,75.0,41.0
1997-03-20,6.27,6.61,6.75,6.97,48.0,70.0,36.0
1997-03-21,6.29,6.61,6.74,6.96,45.0,67.0,35.0
1997-03-24,6.29,6.58,6.72,6.94,43.0,65.0,36.0
1997-03-25,6.33,6.63,6.75,6.95,42.0,62.0,32.0
1997-03-26,6.38,6.66,6.8,7.0,42.0,62.0,34.0
1997-03-27,6.45,6.76,6.9,7.09,45.0,64.0,33.0
1997-03-31,6.45,6.77,6.92,7.1,47.0,65.0,33.0
1997-04-01,6.42,6.74,6.9,7.09,48.0,67.0,35.0
1997-04-02,6.42,6.73,6.88,7.08,46.0,66.0,35.0
1997-04-03,6.4,6.72,6.86,7.08,46.0,68.0,36.0
1997-04-04,6.44,6.78,6.92,7.14,48.0,70.0,36.0
1997-04-07,6.41,6.73,6.87,7.08,46.0,67.0,35.0
1997-04-08,6.44,6.76,6.91,7.11,47.0,67.0,35.0
1997-04-09,6.44,6.77,6.91,7.11,47.0,67.0,34.0
1997-04-10,6.46,6.78,6.91,7.11,45.0,65.0,33.0
1997-04-11,6.53,6.85,6.98,7.17,45.0,64.0,32.0
1997-04-14,6.54,6.86,6.98,7.17,44.0,63.0,31.0
1997-04-15,6.45,6.76,6.88,7.1,43.0,65.0,34.0
1997-04-16,6.49,6.79,6.9,7.11,41.0,62.0,32.0
1997-04-17,6.44,6.75,6.86,7.07,42.0,63.0,32.0
1997-04-18,6.42,6.73,6.84,7.06,42.0,64.0,33.0
1997-04-21,6.46,6.76,6.87,7.09,41.0,63.0,33.0
1997-04-22,6.43,6.73,6.84,7.05,41.0,62.0,32.0
1997-04-23,6.47,6.78,6.89,7.09,42.0,62.0,31.0
1997-04-24,6.52,6.83,6.93,7.13,41.0,61.0,30.0
1997-04-25,6.54,6.83,6.94,7.14,40.0,60.0,31.0
1997-04-28,6.51,6.81,6.92,7.12,41.0,61.0,31.0
1997-04-29,6.34,6.64,6.77,6.99,43.0,65.0,35.0
1997-04-30,6.29,6.57,6.72,6.95,43.0,66.0,38.0
1997-05-01,6.27,6.55,6.69,6.93,42.0,66.0,38.0
1997-05-02,6.26,6.54,6.68,6.9,42.0,64.0,36.0
1997-05-05,6.28,6.54,6.67,6.9,39.0,62.0,36.0
1997-05-06,6.29,6.56,6.67,6.89,38.0,60.0,33.0
1997-05-07,6.36,6.63,6.76,6.96,40.0,60.0,33.0
1997-05-08,6.33,6.59,6.72,6.92,39.0,59.0,33.0
1997-05-09,6.24,6.51,6.67,6.89,43.0,65.0,38.0
1997-05-12,6.23,6.5,6.65,6.88,42.0,65.0,38.0
1997-05-13,6.3,6.6,6.71,6.92,41.0,62.0,32.0
1997-05-14,6.26,6.54,6.68,6.9,42.0,64.0,36.0
1997-05-15,6.25,6.52,6.67,6.88,42.0,63.0,36.0
1997-05-16,6.28,6.55,6.7,6.91,42.0,63.0,36.0
1997-05-19,6.28,6.57,6.71,6.92,43.0,64.0,35.0
1997-05-20,6.25,6.54,6.7,6.92,45.0,67.0,38.0
1997-05-21,6.25,6.57,6.74,6.97,49.0,72.0,40.0
1997-05-22,6.27,6.61,6.76,7.0,49.0,73.0,39.0
1997-05-23,6.25,6.59,6.74,6.99,49.0,74.0,40.0
1997-05-27,6.3,6.64,6.79,7.03,49.0,73.0,39.0
1997-05-28,6.34,6.65,6.8,7.03,46.0,69.0,38.0
1997-05-29,6.3,6.61,6.75,6.99,45.0,69.0,38.0
1997-05-30,6.22,6.51,6.67,6.92,45.0,70.0,41.0
1997-06-02,6.23,6.52,6.66,6.9,43.0,67.0,38.0
1997-06-03,6.2,6.49,6.63,6.88,43.0,68.0,39.0
1997-06-04,6.2,6.49,6.62,6.88,42.0,68.0,39.0
1997-06-05,6.2,6.49,6.62,6.88,42.0,68.0,39.0
1997-06-06,6.12,6.39,6.51,6.78,39.0,66.0,39.0
1997-06-09,6.15,6.44,6.55,6.83,40.0,68.0,39.0
1997-06-10,6.17,6.46,6.57,6.84,40.0,67.0,38.0
1997-06-11,6.19,6.45,6.56,6.83,37.0,64.0,38.0
1997-06-12,6.07,6.35,6.48,6.77,41.0,70.0,42.0
1997-06-13,6.03,6.3,6.43,6.73,40.0,70.0,43.0
1997-06-16,6.02,6.28,6.4,6.7,38.0,68.0,42.0
1997-06-17,6.05,6.31,6.43,6.72,38.0,67.0,41.0
1997-06-18,6.02,6.29,6.4,6.69,38.0,67.0,40.0
1997-06-19,6.04,6.29,6.4,6.68,36.0,64.0,39.0
1997-06-20,6.02,6.27,6.37,6.65,35.0,63.0,38.0
1997-06-23,6.04,6.3,6.4,6.69,36.0,65.0,39.0
1997-06-24,6.03,6.31,6.42,6.7,39.0,67.0,39.0
1997-06-25,6.05,6.34,6.45,6.74,40.0,69.0,40.0
1997-06-26,6.05,6.36,6.5,6.78,45.0,73.0,42.0
1997-06-27,6.03,6.35,6.46,6.75,43.0,72.0,40.0
1997-06-30,6.08,6.4,6.51,6.8,43.0,72.0,40.0
1997-07-01,6.02,6.33,6.45,6.74,43.0,72.0,41.0
1997-07-02,6.02,6.3,6.42,6.72,40.0,70.0,42.0
1997-07-03,5.93,6.2,6.31,6.63,38.0,70.0,43.0
1997-07-07,5.92,6.17,6.27,6.58,35.0,66.0,41.0
1997-07-08,5.92,6.17,6.27,6.59,35.0,67.0,42.0
1997-07-09,5.9,6.15,6.25,6.56,35.0,66.0,41.0
1997-07-10,5.91,6.15,6.26,6.56,35.0,65.0,41.0
1997-07-11,5.89,6.13,6.23,6.53,34.0,64.0,40.0
1997-07-14,5.94,6.16,6.26,6.55,32.0,61.0,39.0
1997-07-15,5.92,6.16,6.26,6.55,34.0,63.0,39.0
1997-07-16,5.87,6.11,6.2,6.48,33.0,61.0,37.0
1997-07-17,5.87,6.11,6.19,6.49,32.0,62.0,38.0
1997-07-18,5.91,6.16,6.24,6.52,33.0,61.0,36.0
1997-07-21,5.94,6.18,6.27,6.55,33.0,61.0,37.0
1997-07-22,5.9,6.07,6.15,6.43,25.0,53.0,36.0
1997-07-23,5.85,6.06,6.14,6.42,29.0,57.0,36.0
1997-07-24,5.87,6.06,6.16,6.43,29.0,56.0,37.0
1997-07-25,5.87,6.08,6.18,6.45,31.0,58.0,37.0
1997-07-28,5.86,6.06,6.16,6.43,30.0,57.0,37.0
1997-07-29,5.79,6.0,6.11,6.38,32.0,59.0,38.0
1997-07-30,5.76,5.95,6.05,6.33,29.0,57.0,38.0
1997-07-31,5.74,5.9,6.02,6.3,28.0,56.0,40.0
1997-08-01,5.89,6.08,6.2,6.46,31.0,57.0,38.0
1997-08-04,5.91,6.12,6.23,6.48,32.0,57.0,36.0
1997-08-05,5.93,6.13,6.23,6.49,30.0,56.0,36.0
1997-08-06,5.91,6.11,6.21,6.48,30.0,57.0,37.0
1997-08-07,5.93,6.14,6.24,6.51,31.0,58.0,37.0
1997-08-08,6.02,6.23,6.38,6.64,36.0,62.0,41.0
1997-08-11,5.99,6.2,6.36,6.64,37.0,65.0,44.0
1997-08-12,6.0,6.22,6.39,6.66,39.0,66.0,44.0
1997-08-13,5.95,6.19,6.36,6.64,41.0,69.0,45.0
1997-08-14,5.92,6.13,6.27,6.56,35.0,64.0,43.0
1997-08-15,5.87,6.1,6.27,6.57,40.0,70.0,47.0
1997-08-18,5.82,6.06,6.21,6.53,39.0,71.0,47.0
1997-08-19,5.85,6.07,6.21,6.51,36.0,66.0,44.0
1997-08-20,5.88,6.1,6.24,6.54,36.0,66.0,44.0
1997-08-21,5.95,6.15,6.3,6.6,35.0,65.0,45.0
1997-08-22,5.98,6.21,6.38,6.67,40.0,69.0,46.0
1997-08-25,6.01,6.25,6.39,6.67,38.0,66.0,42.0
1997-08-26,5.99,6.24,6.38,6.66,39.0,67.0,42.0
1997-08-27,6.01,6.23,6.38,6.66,37.0,65.0,43.0
1997-08-28,5.94,6.18,6.3,6.57,36.0,63.0,39.0
1997-08-29,5.97,6.22,6.34,6.61,37.0,64.0,39.0
1997-09-02,5.94,6.2,6.31,6.58,37.0,64.0,38.0
1997-09-03,5.96,6.21,6.33,6.6,37.0,64.0,39.0
1997-09-04,5.98,6.22,6.33,6.61,35.0,63.0,39.0
1997-09-05,5.98,6.24,6.37,6.65,39.0,67.0,41.0
1997-09-08,5.98,6.23,6.33,6.62,35.0,64.0,39.0
1997-09-09,5.98,6.24,6.34,6.63,36.0,65.0,39.0
1997-09-10,6.0,6.26,6.37,6.66,37.0,66.0,40.0
1997-09-11,6.0,6.27,6.39,6.68,39.0,68.0,41.0
1997-09-12,5.93,6.17,6.29,6.59,36.0,66.0,42.0
1997-09-15,5.93,6.17,6.28,6.58,35.0,65.0,41.0
1997-09-16,5.81,6.0,6.11,6.41,30.0,60.0,41.0
1997-09-17,5.79,5.99,6.1,6.39,31.0,60.0,40.0
1997-09-18,5.81,6.02,6.11,6.4,30.0,59.0,38.0
1997-09-19,5.81,6.01,6.09,6.38,28.0,57.0,37.0
1997-09-22,5.79,5.99,6.06,6.35,27.0,56.0,36.0
1997-09-23,5.8,6.02,6.1,6.38,30.0,58.0,36.0
1997-09-24,5.78,5.97,6.04,6.32,26.0,54.0,35.0
1997-09-25,5.85,6.04,6.13,6.4,28.0,55.0,36.0
1997-09-26,5.8,5.99,6.08,6.37,28.0,57.0,38.0
1997-09-29,5.8,5.99,6.1,6.39,30.0,59.0,40.0
1997-09-30,5.8,6.0,6.12,6.41,32.0,61.0,41.0
1997-10-01,5.75,5.93,6.04,6.33,29.0,58.0,40.0
1997-10-02,5.73,5.91,6.01,6.31,28.0,58.0,40.0
1997-10-03,5.72,5.89,6.01,6.3,29.0,58.0,41.0
1997-10-06,5.68,5.85,5.96,6.27,28.0,59.0,42.0
1997-10-07,5.67,5.82,5.94,6.24,27.0,57.0,42.0
1997-10-08,5.79,5.96,6.08,6.37,29.0,58.0,41.0
1997-10-09,5.8,5.98,6.09,6.38,29.0,58.0,40.0
1997-10-10,5.86,6.03,6.15,6.44,29.0,58.0,41.0
1997-10-14,5.81,5.97,6.07,6.36,26.0,55.0,39.0
1997-10-15,5.84,6.0,6.1,6.39,26.0,55.0,39.0
1997-10-16,5.84,6.0,6.09,6.39,25.0,55.0,39.0
1997-10-17,5.91,6.08,6.17,6.44,26.0,53.0,36.0
1997-10-20,5.9,6.07,6.15,6.42,25.0,52.0,35.0
1997-10-21,5.92,6.07,6.14,6.42,22.0,50.0,35.0
1997-10-22,5.91,6.06,6.12,6.41,21.0,50.0,35.0
1997-10-23,5.79,5.95,6.04,6.33,25.0,54.0,38.0
1997-10-24,5.79,5.94,6.01,6.3,22.0,51.0,36.0
1997-10-27,5.62,5.79,5.91,6.24,29.0,62.0,45.0
1997-10-28,5.74,5.89,5.98,6.29,24.0,55.0,40.0
1997-10-29,5.67,5.78,5.91,6.23,24.0,56.0,45.0
1997-10-30,5.61,5.73,5.84,6.17,23.0,56.0,44.0
1997-10-31,5.63,5.72,5.84,6.15,21.0,52.0,43.0
1997-11-03,5.69,5.79,5.91,6.21,22.0,52.0,42.0
1997-11-04,5.73,5.83,5.95,6.25,22.0,52.0,42.0
1997-11-05,5.73,5.84,5.95,6.24,22.0,51.0,40.0
1997-11-06,5.7,5.79,5.9,6.15,20.0,45.0,36.0
1997-11-07,5.71,5.81,5.9,6.14,19.0,43.0,33.0
1997-11-10,5.73,5.82,5.91,6.15,18.0,42.0,33.0
1997-11-12,5.7,5.81,5.89,6.13,19.0,43.0,32.0
1997-11-13,5.7,5.79,5.87,6.11,17.0,41.0,32.0
1997-11-14,5.7,5.8,5.86,6.09,16.0,39.0,29.0
1997-11-17,5.7,5.79,5.85,6.07,15.0,37.0,28.0
1997-11-18,5.71,5.8,5.85,6.07,14.0,36.0,27.0
1997-11-19,5.7,5.77,5.82,6.03,12.0,33.0,26.0
1997-11-20,5.73,5.8,5.84,6.05,11.0,32.0,25.0
1997-11-21,5.68,5.77,5.82,6.04,14.0,36.0,27.0
1997-11-24,5.71,5.81,5.86,6.08,15.0,37.0,27.0
1997-11-25,5.71,5.8,5.85,6.06,14.0,35.0,26.0
1997-11-26,5.74,5.82,5.86,6.06,12.0,32.0,24.0
1997-11-28,5.76,5.83,5.86,6.04,10.0,28.0,21.0
1997-12-01,5.78,5.83,5.86,6.04,8.0,26.0,21.0
1997-12-02,5.78,5.83,5.86,6.03,8.0,25.0,20.0
1997-12-03,5.74,5.8,5.83,6.02,9.0,28.0,22.0
1997-12-04,5.71,5.78,5.84,6.04,13.0,33.0,26.0
1997-12-05,5.8,5.87,5.92,6.09,12.0,29.0,22.0
1997-12-08,5.85,5.92,5.96,6.14,11.0,29.0,22.0
1997-12-09,5.81,5.9,5.95,6.14,14.0,33.0,24.0
1997-12-10,5.75,5.85,5.9,6.1,15.0,35.0,25.0
1997-12-11,5.68,5.77,5.82,6.02,14.0,34.0,25.0
1997-12-12,5.63,5.71,5.74,5.94,11.0,31.0,23.0
1997-12-15,5.68,5.74,5.78,5.97,10.0,29.0,23.0
1997-12-16,5.68,5.74,5.77,5.96,9.0,28.0,22.0
1997-12-17,5.7,5.77,5.81,5.99,11.0,29.0,22.0
1997-12-18,5.68,5.74,5.76,5.94,8.0,26.0,20.0
1997-12-19,5.66,5.7,5.72,5.92,6.0,26.0,22.0
1997-12-22,5.69,5.71,5.72,5.89,3.0,20.0,18.0
1997-12-23,5.69,5.71,5.73,5.9,4.0,21.0,19.0
1997-12-24,5.67,5.72,5.76,5.91,9.0,24.0,19.0
1997-12-26,5.69,5.72,5.75,5.9,6.0,21.0,18.0
1997-12-29,5.69,5.73,5.76,5.93,7.0,24.0,20.0
1997-12-30,5.71,5.76,5.8,5.98,9.0,27.0,22.0
1997-12-31,5.66,5.71,5.75,5.93,9.0,27.0,22.0
1998-01-02,5.59,5.63,5.67,5.86,8.0,27.0,23.0
1998-01-05,5.47,5.46,5.52,5.74,5.0,27.0,28.0
1998-01-06,5.39,5.41,5.49,5.73,10.0,34.0,32.0
1998-01-07,5.42,5.45,5.55,5.8,13.0,38.0,35.0
1998-01-08,5.31,5.34,5.49,5.75,18.0,44.0,41.0
1998-01-09,5.17,5.22,5.4,5.71,23.0,54.0,49.0
1998-01-12,5.2,5.24,5.39,5.7,19.0,50.0,46.0
1998-01-13,5.25,5.28,5.41,5.71,16.0,46.0,43.0
1998-01-14,5.29,5.33,5.45,5.74,16.0,45.0,41.0
1998-01-15,5.29,5.34,5.48,5.74,19.0,45.0,40.0
1998-01-16,5.35,5.42,5.54,5.81,19.0,46.0,39.0
1998-01-20,5.37,5.45,5.57,5.83,20.0,46.0,38.0
1998-01-21,5.33,5.41,5.54,5.81,21.0,48.0,40.0
1998-01-22,5.3,5.39,5.56,5.85,26.0,55.0,46.0
1998-01-23,5.42,5.53,5.7,5.98,28.0,56.0,45.0
1998-01-26,5.39,5.49,5.63,5.9,24.0,51.0,41.0
1998-01-27,5.46,5.57,5.7,5.95,24.0,49.0,38.0
1998-01-28,5.46,5.54,5.69,5.94,23.0,48.0,40.0
1998-01-29,5.36,5.43,5.58,5.85,22.0,49.0,42.0
1998-01-30,5.32,5.39,5.53,5.82,21.0,50.0,43.0
1998-02-02,5.36,5.43,5.57,5.87,21.0,51.0,44.0
1998-02-03,5.34,5.41,5.56,5.86,22.0,52.0,45.0
1998-02-04,5.32,5.41,5.57,5.87,25.0,55.0,46.0
1998-02-05,5.36,5.46,5.62,5.92,26.0,56.0,46.0
1998-02-06,5.38,5.48,5.62,5.92,24.0,54.0,44.0
1998-02-09,5.41,5.51,5.65,5.94,24.0,53.0,43.0
1998-02-10,5.41,5.49,5.64,5.93,23.0,52.0,44.0
1998-02-11,5.39,5.46,5.53,5.86,14.0,47.0,40.0
1998-02-12,5.39,5.46,5.52,5.87,13.0,48.0,41.0
1998-02-13,5.36,5.44,5.49,5.85,13.0,49.0,41.0
1998-02-17,5.34,5.41,5.44,5.8,10.0,46.0,39.0
1998-02-18,5.37,5.44,5.49,5.84,12.0,47.0,40.0
1998-02-19,5.39,5.47,5.51,5.85,12.0,46.0,38.0
1998-02-20,5.41,5.49,5.54,5.87,13.0,46.0,38.0
1998-02-23,5.46,5.53,5.58,5.91,12.0,45.0,38.0
1998-02-24,5.57,5.66,5.69,5.97,12.0,40.0,31.0
1998-02-25,5.55,5.6,5.63,5.93,8.0,38.0,33.0
1998-02-26,5.58,5.62,5.65,5.95,7.0,37.0,33.0
1998-02-27,5.55,5.59,5.62,5.92,7.0,37.0,33.0
1998-03-02,5.6,5.67,5.72,6.03,12.0,43.0,36.0
1998-03-03,5.64,5.72,5.77,6.07,13.0,43.0,35.0
1998-03-04,5.63,5.71,5.76,6.05,13.0,42.0,34.0
1998-03-05,5.62,5.71,5.78,6.07,16.0,45.0,36.0
1998-03-06,5.58,5.65,5.73,6.02,15.0,44.0,37.0
1998-03-09,5.57,5.61,5.67,5.97,10.0,40.0,36.0
1998-03-10,5.55,5.62,5.67,5.97,12.0,42.0,35.0
1998-03-11,5.53,5.57,5.63,5.93,10.0,40.0,36.0
1998-03-12,5.5,5.52,5.56,5.87,6.0,37.0,35.0
1998-03-13,5.5,5.54,5.58,5.89,8.0,39.0,35.0
1998-03-16,5.47,5.52,5.54,5.86,7.0,39.0,34.0
1998-03-17,5.5,5.53,5.56,5.89,6.0,39.0,36.0
1998-03-18,5.52,5.55,5.58,5.91,6.0,39.0,36.0
1998-03-19,5.52,5.56,5.58,5.9,6.0,38.0,34.0
1998-03-20,5.52,5.56,5.57,5.89,5.0,37.0,33.0
1998-03-23,5.52,5.56,5.57,5.88,5.0,36.0,32.0
1998-03-24,5.5,5.57,5.58,5.88,8.0,38.0,31.0
1998-03-25,5.58,5.62,5.64,5.94,6.0,36.0,32.0
1998-03-26,5.62,5.66,5.68,5.96,6.0,34.0,30.0
1998-03-27,5.63,5.67,5.68,5.96,5.0,33.0,29.0
1998-03-30,5.65,5.7,5.72,5.98,7.0,33.0,28.0
1998-03-31,5.6,5.64,5.67,5.94,7.0,34.0,30.0
1998-04-01,5.55,5.59,5.62,5.9,7.0,35.0,31.0
1998-04-02,5.52,5.54,5.56,5.85,4.0,33.0,31.0
1998-04-03,5.42,5.44,5.47,5.78,5.0,36.0,34.0
1998-04-06,5.45,5.49,5.51,5.82,6.0,37.0,33.0
1998-04-07,5.45,5.5,5.53,5.84,8.0,39.0,34.0
1998-04-08,5.49,5.54,5.58,5.9,9.0,41.0,36.0
1998-04-09,5.5,5.56,5.59,5.88,9.0,38.0,32.0
1998-04-13,5.59,5.64,5.66,5.94,7.0,35.0,30.0
1998-04-14,5.57,5.6,5.63,5.91,6.0,34.0,31.0
1998-04-15,5.55,5.59,5.6,5.89,5.0,34.0,30.0
1998-04-16,5.53,5.57,5.59,5.87,6.0,34.0,30.0
1998-04-17,5.54,5.57,5.59,5.88,5.0,34.0,31.0
1998-04-20,5.57,5.61,5.65,5.92,8.0,35.0,31.0
1998-04-21,5.6,5.66,5.68,5.96,8.0,36.0,30.0
1998-04-22,5.6,5.66,5.68,5.96,8.0,36.0,30.0
1998-04-23,5.61,5.66,5.69,5.98,8.0,37.0,32.0
1998-04-24,5.61,5.65,5.67,5.95,6.0,34.0,30.0
1998-04-27,5.71,5.77,5.8,6.07,9.0,36.0,30.0
1998-04-28,5.69,5.78,5.8,6.07,11.0,38.0,29.0
1998-04-29,5.71,5.78,5.81,6.08,10.0,37.0,30.0
1998-04-30,5.59,5.65,5.68,5.95,9.0,36.0,30.0
1998-05-01,5.59,5.63,5.67,5.94,8.0,35.0,31.0
1998-05-04,5.59,5.63,5.67,5.94,8.0,35.0,31.0
1998-05-05,5.61,5.66,5.7,5.98,9.0,37.0,32.0
1998-05-06,5.56,5.6,5.67,5.94,11.0,38.0,34.0
1998-05-07,5.56,5.6,5.67,5.95,11.0,39.0,35.0
1998-05-08,5.61,5.65,5.71,5.98,10.0,37.0,33.0
1998-05-11,5.66,5.72,5.79,6.04,13.0,38.0,32.0
1998-05-12,5.59,5.65,5.7,5.96,11.0,37.0,31.0
1998-05-13,5.59,5.63,5.64,5.95,5.0,36.0,32.0
1998-05-14,5.63,5.66,5.67,5.98,4.0,35.0,32.0
1998-05-15,5.63,5.67,5.68,5.97,5.0,34.0,30.0
1998-05-18,5.59,5.63,5.64,5.92,5.0,33.0,29.0
1998-05-19,5.59,5.63,5.65,5.94,6.0,35.0,31.0
1998-05-20,5.57,5.6,5.61,5.89,4.0,32.0,29.0
1998-05-21,5.63,5.66,5.65,5.93,2.0,30.0,27.0
1998-05-22,5.63,5.65,5.64,5.9,1.0,27.0,25.0
1998-05-26,5.61,5.6,5.59,5.85,-2.0,24.0,25.0
1998-05-27,5.53,5.57,5.56,5.83,3.0,30.0,26.0
1998-05-28,5.57,5.56,5.58,5.83,1.0,26.0,27.0
1998-05-29,5.53,5.56,5.56,5.81,3.0,28.0,25.0
1998-06-01,5.52,5.53,5.53,5.78,1.0,26.0,25.0
1998-06-02,5.53,5.56,5.56,5.8,3.0,27.0,24.0
1998-06-03,5.55,5.57,5.57,5.8,2.0,25.0,23.0
1998-06-04,5.58,5.6,5.59,5.82,1.0,24.0,22.0
1998-06-05,5.58,5.6,5.58,5.79,0.0,21.0,19.0
1998-06-08,5.58,5.6,5.58,5.79,0.0,21.0,19.0
1998-06-09,5.6,5.61,5.59,5.79,-1.0,19.0,18.0
1998-06-10,5.55,5.55,5.51,5.7,-4.0,15.0,15.0
1998-06-11,5.45,5.46,5.44,5.65,-1.0,20.0,19.0
1998-06-12,5.43,5.43,5.43,5.66,0.0,23.0,23.0
1998-06-15,5.43,5.42,5.38,5.61,-5.0,18.0,19.0
1998-06-16,5.5,5.49,5.45,5.65,-5.0,15.0,16.0
1998-06-17,5.55,5.57,5.54,5.74,-1.0,19.0,17.0
1998-06-18,5.53,5.55,5.5,5.7,-3.0,17.0,15.0
1998-06-19,5.52,5.52,5.47,5.67,-5.0,15.0,15.0
1998-06-22,5.52,5.52,5.46,5.66,-6.0,14.0,14.0
1998-06-23,5.49,5.51,5.45,5.64,-4.0,15.0,13.0
1998-06-24,5.49,5.48,5.46,5.66,-3.0,17.0,18.0
1998-06-25,5.53,5.5,5.46,5.66,-7.0,13.0,16.0
1998-06-26,5.51,5.49,5.46,5.64,-5.0,13.0,15.0
1998-06-29,5.51,5.5,5.47,5.65,-4.0,14.0,15.0
1998-06-30,5.49,5.47,5.44,5.62,-5.0,13.0,15.0
1998-07-01,5.46,5.43,5.44,5.63,-2.0,17.0,20.0
1998-07-02,5.44,5.43,5.42,5.6,-2.0,16.0,17.0
1998-07-06,5.43,5.4,5.39,5.57,-4.0,14.0,17.0
1998-07-07,5.44,5.43,5.42,5.6,-2.0,16.0,17.0
1998-07-08,5.44,5.43,5.43,5.63,-1.0,19.0,20.0
1998-07-09,5.43,5.4,5.41,5.6,-2.0,17.0,20.0
1998-07-10,5.41,5.4,5.42,5.63,1.0,22.0,23.0
1998-07-13,5.44,5.45,5.46,5.68,2.0,24.0,23.0
1998-07-14,5.46,5.47,5.49,5.72,3.0,26.0,25.0
1998-07-15,5.46,5.46,5.48,5.7,2.0,24.0,24.0
1998-07-16,5.46,5.48,5.5,5.72,4.0,26.0,24.0
1998-07-17,5.46,5.49,5.51,5.75,5.0,29.0,26.0
1998-07-20,5.46,5.47,5.48,5.71,2.0,25.0,24.0
1998-07-21,5.46,5.46,5.45,5.67,-1.0,21.0,21.0
1998-07-22,5.48,5.47,5.46,5.68,-2.0,20.0,21.0
1998-07-23,5.46,5.46,5.45,5.66,-1.0,20.0,20.0
1998-07-24,5.48,5.48,5.45,5.68,-3.0,20.0,20.0
1998-07-27,5.48,5.49,5.47,5.7,-1.0,22.0,21.0
1998-07-28,5.46,5.49,5.5,5.74,4.0,28.0,25.0
1998-07-29,5.49,5.52,5.52,5.77,3.0,28.0,25.0
1998-07-30,5.49,5.52,5.5,5.73,1.0,24.0,21.0
1998-07-31,5.49,5.52,5.5,5.72,1.0,23.0,20.0
1998-08-03,5.46,5.46,5.46,5.67,0.0,21.0,21.0
1998-08-04,5.43,5.44,5.43,5.65,0.0,22.0,21.0
1998-08-05,5.39,5.43,5.43,5.66,4.0,27.0,23.0
1998-08-06,5.39,5.43,5.44,5.67,5.0,28.0,24.0
1998-08-07,5.34,5.39,5.4,5.63,6.0,29.0,24.0
1998-08-10,5.34,5.39,5.41,5.63,7.0,29.0,24.0
1998-08-11,5.31,5.33,5.37,5.6,6.0,29.0,27.0
1998-08-12,5.32,5.34,5.4,5.62,8.0,30.0,28.0
1998-08-13,5.37,5.38,5.44,5.6,7.0,23.0,22.0
1998-08-14,5.34,5.34,5.4,5.55,6.0,21.0,21.0
1998-08-17,5.34,5.33,5.4,5.56,6.0,22.0,23.0
1998-08-18,5.36,5.35,5.41,5.56,5.0,20.0,21.0
1998-08-19,5.34,5.35,5.42,5.56,8.0,22.0,21.0
1998-08-20,5.32,5.32,5.38,5.52,6.0,20.0,20.0
1998-08-21,5.25,5.24,5.32,5.46,7.0,21.0,22.0
1998-08-24,5.22,5.19,5.3,5.48,8.0,26.0,29.0
1998-08-25,5.18,5.13,5.25,5.44,7.0,26.0,31.0
1998-08-26,5.12,5.11,5.26,5.44,14.0,32.0,33.0
1998-08-27,4.98,4.97,5.12,5.38,14.0,40.0,41.0
1998-08-28,4.93,4.94,5.09,5.37,16.0,44.0,43.0
1998-08-31,4.91,4.91,5.05,5.3,14.0,39.0,39.0
1998-09-01,4.86,4.91,5.05,5.34,19.0,48.0,43.0
1998-09-02,4.96,4.96,5.1,5.34,14.0,38.0,38.0
1998-09-03,4.91,4.91,5.03,5.31,12.0,40.0,40.0
1998-09-04,4.91,4.9,5.02,5.29,11.0,38.0,39.0
1998-09-08,4.91,4.89,5.04,5.34,13.0,43.0,45.0
1998-09-09,4.79,4.79,4.95,5.28,16.0,49.0,49.0
1998-09-10,4.57,4.55,4.76,5.18,19.0,61.0,63.0
1998-09-11,4.68,4.65,4.85,5.23,17.0,55.0,58.0
1998-09-14,4.72,4.65,4.87,5.23,15.0,51.0,58.0
1998-09-15,4.73,4.68,4.9,5.25,17.0,52.0,57.0
1998-09-16,4.75,4.69,4.88,5.23,13.0,48.0,54.0
1998-09-17,4.7,4.6,4.8,5.18,10.0,48.0,58.0
1998-09-18,4.61,4.5,4.7,5.15,9.0,54.0,65.0
1998-09-21,4.63,4.51,4.69,5.12,6.0,49.0,61.0
1998-09-22,4.66,4.57,4.73,5.16,7.0,50.0,59.0
1998-09-23,4.52,4.48,4.69,5.16,17.0,64.0,68.0
1998-09-24,4.43,4.43,4.64,5.15,21.0,72.0,72.0
1998-09-25,4.43,4.4,4.6,5.13,17.0,70.0,73.0
1998-09-28,4.45,4.4,4.61,5.15,16.0,70.0,75.0
1998-09-29,4.47,4.4,4.59,5.1,12.0,63.0,70.0
1998-09-30,4.3,4.23,4.44,4.98,14.0,68.0,75.0
1998-10-01,4.17,4.1,4.33,4.9,16.0,73.0,80.0
1998-10-02,4.17,4.08,4.31,4.85,14.0,68.0,77.0
1998-10-05,4.04,3.95,4.16,4.7,12.0,66.0,75.0
1998-10-06,4.1,4.05,4.24,4.75,14.0,65.0,70.0
1998-10-07,4.12,4.13,4.34,4.83,22.0,71.0,70.0
1998-10-08,4.1,4.29,4.56,4.99,46.0,89.0,70.0
1998-10-09,4.19,4.46,4.77,5.13,58.0,94.0,67.0
1998-10-13,4.13,4.37,4.73,5.1,60.0,97.0,73.0
1998-10-14,4.08,4.23,4.58,5.0,50.0,92.0,77.0
1998-10-15,4.13,4.23,4.58,5.02,45.0,89.0,79.0
1998-10-16,3.86,4.04,4.44,4.96,58.0,110.0,92.0
1998-10-19,3.9,4.06,4.47,4.98,57.0,108.0,92.0
1998-10-20,3.98,4.14,4.57,5.06,59.0,108.0,92.0
1998-10-21,4.12,4.17,4.59,5.08,47.0,96.0,91.0
1998-10-22,4.16,4.19,4.62,5.13,46.0,97.0,94.0
1998-10-23,4.2,4.28,4.7,5.16,50.0,96.0,88.0
1998-10-26,4.23,4.32,4.73,5.13,50.0,90.0,81.0
1998-10-27,4.12,4.23,4.63,5.08,51.0,96.0,85.0
1998-10-28,4.01,4.18,4.6,5.13,59.0,112.0,95.0
1998-10-29,4.0,4.13,4.54,5.09,54.0,109.0,96.0
1998-10-30,4.12,4.24,4.64,5.15,52.0,103.0,91.0
1998-11-02,4.26,4.39,4.77,5.23,51.0,97.0,84.0
1998-11-03,4.25,4.33,4.78,5.22,53.0,97.0,89.0
1998-11-04,4.43,4.48,4.83,5.34,40.0,91.0,86.0
1998-11-05,4.47,4.48,4.82,5.29,35.0,82.0,81.0
1998-11-06,4.59,4.58,4.93,5.37,34.0,78.0,79.0
1998-11-09,4.57,4.55,4.88,5.28,31.0,71.0,73.0
1998-11-10,4.5,4.5,4.81,5.27,31.0,77.0,77.0
1998-11-12,4.47,4.47,4.77,5.25,30.0,78.0,78.0
1998-11-13,4.54,4.53,4.82,5.26,28.0,72.0,73.0
1998-11-16,4.56,4.55,4.85,5.28,29.0,72.0,73.0
1998-11-17,4.58,4.57,4.87,5.3,29.0,72.0,73.0
1998-11-18,4.63,4.58,4.85,5.25,22.0,62.0,67.0
1998-11-19,4.66,4.63,4.85,5.25,19.0,59.0,62.0
1998-11-20,4.66,4.6,4.82,5.22,16.0,56.0,62.0
1998-11-23,4.63,4.6,4.84,5.25,21.0,62.0,65.0
1998-11-24,4.64,4.63,4.85,5.23,21.0,59.0,60.0
1998-11-25,4.66,4.63,4.83,5.19,17.0,53.0,56.0
1998-11-27,4.62,4.6,4.81,5.16,19.0,54.0,56.0
1998-11-30,4.54,4.51,4.74,5.08,20.0,54.0,57.0
1998-12-01,4.44,4.43,4.67,5.06,23.0,62.0,63.0
1998-12-02,4.36,4.31,4.59,5.03,23.0,67.0,72.0
1998-12-03,4.36,4.31,4.58,5.02,22.0,66.0,71.0
1998-12-04,4.46,4.38,4.62,5.05,16.0,59.0,67.0
1998-12-07,4.54,4.47,4.69,5.05,15.0,51.0,58.0
1998-12-08,4.46,4.4,4.6,5.0,14.0,54.0,60.0
1998-12-09,4.42,4.37,4.56,4.97,14.0,55.0,60.0
1998-12-10,4.39,4.33,4.53,4.95,14.0,56.0,62.0
1998-12-11,4.46,4.39,4.61,5.02,15.0,56.0,63.0
1998-12-14,4.42,4.35,4.58,4.99,16.0,57.0,64.0
1998-12-15,4.47,4.39,4.62,5.03,15.0,56.0,64.0
1998-12-16,4.4,4.34,4.58,5.01,18.0,61.0,67.0
1998-12-17,4.42,4.34,4.58,5.01,16.0,59.0,67.0
1998-12-18,4.45,4.38,4.58,5.01,13.0,56.0,63.0
1998-12-21,4.56,4.45,4.64,5.07,8.0,51.0,62.0
1998-12-22,4.59,4.5,4.7,5.13,11.0,54.0,63.0
1998-12-23,4.73,4.65,4.81,5.2,8.0,47.0,55.0
1998-12-24,4.78,4.74,4.86,5.23,8.0,45.0,49.0
1998-12-28,4.73,4.66,4.78,5.17,5.0,44.0,51.0
1998-12-29,4.6,4.6,4.71,5.12,11.0,52.0,52.0
1998-12-30,4.56,4.55,4.65,5.09,9.0,53.0,54.0
1998-12-31,4.54,4.56,4.65,5.09,11.0,55.0,53.0
1999-01-04,4.58,4.57,4.69,5.15,11.0,57.0,58.0
1999-01-05,4.64,4.62,4.74,5.21,10.0,57.0,59.0
1999-01-06,4.62,4.61,4.73,5.17,11.0,55.0,56.0
1999-01-07,4.63,4.62,4.77,5.23,14.0,60.0,61.0
1999-01-08,4.71,4.72,4.86,5.26,15.0,55.0,54.0
1999-01-11,4.74,4.76,4.9,5.29,16.0,55.0,53.0
1999-01-12,4.68,4.68,4.82,5.23,14.0,55.0,55.0
1999-01-13,4.61,4.6,4.74,5.16,13.0,55.0,56.0
1999-01-14,4.47,4.48,4.63,5.07,16.0,60.0,59.0
1999-01-15,4.56,4.54,4.66,5.1,10.0,54.0,56.0
1999-01-19,4.62,4.6,4.71,5.14,9.0,52.0,54.0
1999-01-20,4.66,4.65,4.76,5.18,10.0,52.0,53.0
1999-01-21,4.63,4.6,4.7,5.14,7.0,51.0,54.0
1999-01-22,4.59,4.54,4.64,5.09,5.0,50.0,55.0
1999-01-25,4.59,4.55,4.67,5.12,8.0,53.0,57.0
1999-01-26,4.63,4.58,4.69,5.12,6.0,49.0,54.0
1999-01-27,4.57,4.57,4.68,5.14,11.0,57.0,57.0
1999-01-28,4.58,4.57,4.67,5.11,9.0,53.0,54.0
1999-01-29,4.58,4.55,4.66,5.09,8.0,51.0,54.0
1999-02-01,4.65,4.65,4.75,5.19,10.0,54.0,54.0
1999-02-02,4.7,4.7,4.79,5.24,9.0,54.0,54.0
1999-02-03,4.72,4.74,4.83,5.25,11.0,53.0,51.0
1999-02-04,4.77,4.82,4.89,5.3,12.0,53.0,48.0
1999-02-05,4.8,4.88,4.94,5.34,14.0,54.0,46.0
1999-02-08,4.8,4.86,4.94,5.35,14.0,55.0,49.0
1999-02-09,4.79,4.78,4.91,5.33,12.0,54.0,55.0
1999-02-10,4.77,4.79,4.9,5.34,13.0,57.0,55.0
1999-02-11,4.8,4.83,4.93,5.29,13.0,49.0,46.0
1999-02-12,4.91,4.96,5.06,5.42,15.0,51.0,46.0
1999-02-16,4.93,4.96,5.03,5.35,10.0,42.0,39.0
1999-02-17,4.89,4.91,4.98,5.32,9.0,43.0,41.0
1999-02-18,4.93,4.96,5.04,5.37,11.0,44.0,41.0
1999-02-19,4.95,4.99,5.07,5.38,12.0,43.0,39.0
1999-02-22,4.91,4.95,5.03,5.36,12.0,45.0,41.0
1999-02-23,5.0,5.04,5.1,5.42,10.0,42.0,38.0
1999-02-24,5.05,5.12,5.18,5.51,13.0,46.0,39.0
1999-02-25,5.15,5.23,5.32,5.61,17.0,46.0,38.0
1999-02-26,5.13,5.21,5.29,5.57,16.0,44.0,36.0
1999-03-01,5.2,5.32,5.4,5.67,20.0,47.0,35.0
1999-03-02,5.18,5.27,5.35,5.63,17.0,45.0,36.0
1999-03-03,5.19,5.29,5.39,5.68,20.0,49.0,39.0
1999-03-04,5.2,5.32,5.41,5.69,21.0,49.0,37.0
1999-03-05,5.14,5.24,5.34,5.6,20.0,46.0,36.0
1999-03-08,5.12,5.21,5.29,5.6,17.0,48.0,39.0
1999-03-09,5.02,5.11,5.18,5.54,16.0,52.0,43.0
1999-03-10,5.04,5.13,5.2,5.56,16.0,52.0,43.0
1999-03-11,5.05,5.13,5.21,5.57,16.0,52.0,44.0
1999-03-12,5.0,5.08,5.16,5.54,16.0,54.0,46.0
1999-03-15,4.99,5.07,5.15,5.51,16.0,52.0,44.0
1999-03-16,4.97,5.03,5.11,5.48,14.0,51.0,45.0
1999-03-17,5.01,5.05,5.14,5.51,13.0,50.0,46.0
1999-03-18,4.99,5.02,5.11,5.49,12.0,50.0,47.0
1999-03-19,5.04,5.07,5.17,5.53,13.0,49.0,46.0
1999-03-22,5.08,5.13,5.21,5.57,13.0,49.0,44.0
1999-03-23,5.03,5.11,5.2,5.57,17.0,54.0,46.0
1999-03-24,4.98,5.07,5.17,5.54,19.0,56.0,47.0
1999-03-25,5.02,5.12,5.21,5.59,19.0,57.0,47.0
1999-03-26,4.99,5.1,5.21,5.61,22.0,62.0,51.0
1999-03-29,5.02,5.15,5.28,5.65,26.0,63.0,50.0
1999-03-30,4.97,5.09,5.21,5.59,24.0,62.0,50.0
1999-03-31,4.99,5.12,5.25,5.63,26.0,64.0,51.0
1999-04-01,5.01,5.15,5.27,5.67,26.0,66.0,52.0
1999-04-02,4.96,5.07,5.2,5.59,24.0,63.0,52.0
1999-04-05,4.96,5.07,5.2,5.59,24.0,63.0,52.0
1999-04-06,4.93,5.01,5.13,5.52,20.0,59.0,51.0
1999-04-07,4.93,5.04,5.14,5.51,21.0,58.0,47.0
1999-04-08,4.86,4.94,5.03,5.44,17.0,58.0,50.0
1999-04-09,4.88,4.96,5.05,5.46,17.0,58.0,50.0
1999-04-12,4.93,4.98,5.06,5.45,13.0,52.0,47.0
1999-04-13,4.94,5.02,5.12,5.5,18.0,56.0,48.0
1999-04-14,4.95,5.04,5.13,5.51,18.0,56.0,47.0
1999-04-15,4.97,5.08,5.18,5.53,21.0,56.0,45.0
1999-04-16,5.02,5.13,5.23,5.57,21.0,55.0,44.0
1999-04-19,4.99,5.08,5.18,5.55,19.0,56.0,47.0
1999-04-20,4.95,5.06,5.16,5.52,21.0,57.0,46.0
1999-04-21,4.99,5.07,5.17,5.52,18.0,53.0,45.0
1999-04-22,5.05,5.15,5.25,5.61,20.0,56.0,46.0
1999-04-23,5.04,5.15,5.26,5.6,22.0,56.0,45.0
1999-04-26,5.04,5.14,5.23,5.57,19.0,53.0,43.0
1999-04-27,5.04,5.12,5.22,5.55,18.0,51.0,43.0
1999-04-28,5.02,5.16,5.27,5.58,25.0,56.0,42.0
1999-04-29,4.95,5.09,5.22,5.53,27.0,58.0,44.0
1999-04-30,5.08,5.24,5.36,5.68,28.0,60.0,44.0
1999-05-03,5.08,5.25,5.38,5.67,30.0,59.0,42.0
1999-05-04,5.12,5.3,5.42,5.72,30.0,60.0,42.0
1999-05-05,5.09,5.27,5.4,5.71,31.0,62.0,44.0
1999-05-06,5.19,5.39,5.52,5.8,33.0,61.0,41.0
1999-05-07,5.19,5.4,5.54,5.82,35.0,63.0,42.0
1999-05-10,5.15,5.38,5.54,5.79,39.0,64.0,41.0
1999-05-11,5.19,5.4,5.59,5.85,40.0,66.0,45.0
1999-05-12,5.19,5.39,5.51,5.83,32.0,64.0,44.0
1999-05-13,5.12,5.29,5.41,5.75,29.0,63.0,46.0
1999-05-14,5.3,5.48,5.62,5.92,32.0,62.0,44.0
1999-05-17,5.31,5.53,5.66,5.91,35.0,60.0,38.0
1999-05-18,5.38,5.58,5.68,5.9,30.0,52.0,32.0
1999-05-19,5.37,5.54,5.6,5.81,23.0,44.0,27.0
1999-05-20,5.35,5.53,5.6,5.83,25.0,48.0,30.0
1999-05-21,5.3,5.46,5.52,5.78,22.0,48.0,32.0
1999-05-24,5.28,5.43,5.5,5.77,22.0,49.0,34.0
1999-05-25,5.3,5.44,5.49,5.76,19.0,46.0,32.0
1999-05-26,5.33,5.49,5.55,5.8,22.0,47.0,31.0
1999-05-27,5.43,5.59,5.62,5.85,19.0,42.0,26.0
1999-05-28,5.42,5.6,5.64,5.84,22.0,42.0,24.0
1999-06-01,5.54,5.74,5.78,5.94,24.0,40.0,20.0
1999-06-02,5.55,5.75,5.8,5.94,25.0,39.0,19.0
1999-06-03,5.54,5.75,5.8,5.96,26.0,42.0,21.0
1999-06-04,5.56,5.75,5.82,5.97,26.0,41.0,22.0
1999-06-07,5.56,5.73,5.81,5.97,25.0,41.0,24.0
1999-06-08,5.57,5.74,5.83,6.0,26.0,43.0,26.0
1999-06-09,5.61,5.79,5.87,6.02,26.0,41.0,23.0
1999-06-10,5.66,5.85,5.92,6.05,26.0,39.0,20.0
1999-06-11,5.7,5.92,6.02,6.13,32.0,43.0,21.0
1999-06-14,5.66,5.89,5.98,6.11,32.0,45.0,22.0
1999-06-15,5.66,5.87,5.98,6.11,32.0,45.0,24.0
1999-06-16,5.61,5.84,5.94,6.08,33.0,47.0,24.0
1999-06-17,5.49,5.67,5.79,5.95,30.0,46.0,28.0
1999-06-18,5.56,5.75,5.84,5.98,28.0,42.0,23.0
1999-06-21,5.62,5.81,5.9,6.03,28.0,41.0,22.0
1999-06-22,5.65,5.84,5.94,6.07,29.0,42.0,23.0
1999-06-23,5.7,5.9,6.0,6.13,30.0,43.0,23.0
1999-06-24,5.75,5.93,6.05,6.17,30.0,42.0,24.0
1999-06-25,5.73,5.91,6.02,6.16,29.0,43.0,25.0
1999-06-28,5.68,5.86,5.96,6.1,28.0,42.0,24.0
1999-06-29,5.68,5.84,5.93,6.07,25.0,39.0,23.0
1999-06-30,5.53,5.67,5.81,5.98,28.0,45.0,31.0
1999-07-01,5.58,5.73,5.85,6.02,27.0,44.0,29.0
1999-07-02,5.58,5.7,5.82,6.0,24.0,42.0,30.0
1999-07-06,5.64,5.77,5.88,6.05,24.0,41.0,28.0
1999-07-07,5.64,5.79,5.92,6.08,28.0,44.0,29.0
1999-07-08,5.59,5.72,5.85,6.01,26.0,42.0,29.0
1999-07-09,5.61,5.72,5.84,6.01,23.0,40.0,29.0
1999-07-12,5.53,5.62,5.74,5.92,21.0,39.0,30.0
1999-07-13,5.5,5.6,5.71,5.9,21.0,40.0,30.0
1999-07-14,5.55,5.63,5.74,5.92,19.0,37.0,29.0
1999-07-15,5.53,5.63,5.72,5.91,19.0,38.0,28.0
1999-07-16,5.5,5.57,5.68,5.9,18.0,40.0,33.0
1999-07-19,5.46,5.56,5.66,5.9,20.0,44.0,34.0
1999-07-20,5.43,5.54,5.65,5.89,22.0,46.0,35.0
1999-07-21,5.45,5.55,5.66,5.91,21.0,46.0,36.0
1999-07-22,5.52,5.66,5.78,5.97,26.0,45.0,31.0
1999-07-23,5.58,5.72,5.84,6.02,26.0,44.0,30.0
1999-07-26,5.61,5.73,5.86,6.04,25.0,43.0,31.0
1999-07-27,5.56,5.7,5.82,6.01,26.0,45.0,31.0
1999-07-28,5.54,5.7,5.81,6.01,27.0,47.0,31.0
1999-07-29,5.62,5.79,5.88,6.07,26.0,45.0,28.0
1999-07-30,5.63,5.82,5.92,6.11,29.0,48.0,29.0
1999-08-02,5.65,5.85,5.92,6.13,27.0,48.0,28.0
1999-08-03,5.65,5.86,5.95,6.15,30.0,50.0,29.0
1999-08-04,5.64,5.86,5.96,6.12,32.0,48.0,26.0
1999-08-05,5.55,5.77,5.88,6.05,33.0,50.0,28.0
1999-08-06,5.69,5.94,6.02,6.16,33.0,47.0,22.0
1999-08-09,5.79,6.04,6.13,6.23,34.0,44.0,19.0
1999-08-10,5.79,6.0,6.16,6.25,37.0,46.0,25.0
1999-08-11,5.76,5.96,6.05,6.22,29.0,46.0,26.0
1999-08-12,5.78,5.97,6.08,6.18,30.0,40.0,21.0
1999-08-13,5.71,5.88,5.98,6.09,27.0,38.0,21.0
1999-08-16,5.75,5.88,5.98,6.1,23.0,35.0,22.0
1999-08-17,5.68,5.8,5.89,6.02,21.0,34.0,22.0
1999-08-18,5.66,5.79,5.88,6.01,22.0,35.0,22.0
1999-08-19,5.66,5.81,5.9,6.03,24.0,37.0,22.0
1999-08-20,5.65,5.79,5.88,5.99,23.0,34.0,20.0
1999-08-23,5.66,5.79,5.89,5.98,23.0,32.0,19.0
1999-08-24,5.65,5.73,5.85,5.95,20.0,30.0,22.0
1999-08-25,5.53,5.63,5.73,5.87,20.0,34.0,24.0
1999-08-26,5.56,5.67,5.75,5.88,19.0,32.0,21.0
1999-08-27,5.65,5.75,5.85,5.96,20.0,31.0,21.0
1999-08-30,5.73,5.86,5.95,6.07,22.0,34.0,21.0
1999-08-31,5.73,5.88,5.98,6.07,25.0,34.0,19.0
1999-09-01,5.74,5.88,5.99,6.08,25.0,34.0,20.0
1999-09-02,5.74,5.9,6.03,6.15,29.0,41.0,25.0
1999-09-03,5.64,5.78,5.89,6.03,25.0,39.0,25.0
1999-09-07,5.69,5.83,5.95,6.07,26.0,38.0,24.0
1999-09-08,5.67,5.82,5.93,6.07,26.0,40.0,25.0
1999-09-09,5.71,5.85,5.97,6.1,26.0,39.0,25.0
1999-09-10,5.64,5.78,5.89,6.03,25.0,39.0,25.0
1999-09-13,5.66,5.8,5.92,6.06,26.0,40.0,26.0
1999-09-14,5.71,5.85,5.96,6.11,25.0,40.0,26.0
1999-09-15,5.67,5.81,5.94,6.11,27.0,44.0,30.0
1999-09-16,5.63,5.77,5.9,6.08,27.0,45.0,31.0
1999-09-17,5.63,5.76,5.87,6.05,24.0,42.0,29.0
1999-09-20,5.67,5.81,5.91,6.08,24.0,41.0,27.0
1999-09-21,5.67,5.83,5.94,6.1,27.0,43.0,27.0
1999-09-22,5.67,5.81,5.92,6.1,25.0,43.0,29.0
1999-09-23,5.63,5.76,5.87,6.05,24.0,42.0,29.0
1999-09-24,5.55,5.65,5.75,5.95,20.0,40.0,30.0
1999-09-27,5.62,5.73,5.83,6.02,21.0,40.0,29.0
1999-09-28,5.65,5.78,5.89,6.07,24.0,42.0,29.0
1999-09-29,5.68,5.86,5.97,6.13,29.0,45.0,27.0
1999-09-30,5.63,5.78,5.9,6.06,27.0,43.0,28.0
1999-10-01,5.73,5.9,6.0,6.15,27.0,42.0,25.0
1999-10-04,5.7,5.85,5.95,6.1,25.0,40.0,25.0
1999-10-05,5.78,5.94,6.02,6.17,24.0,39.0,23.0
1999-10-06,5.81,5.98,6.04,6.17,23.0,36.0,19.0
1999-10-07,5.82,5.99,6.05,6.19,23.0,37.0,20.0
1999-10-08,5.8,5.97,6.04,6.2,24.0,40.0,23.0
1999-10-12,5.82,5.99,6.07,6.23,25.0,41.0,24.0
1999-10-13,5.87,6.04,6.12,6.29,25.0,42.0,25.0
1999-10-14,5.9,6.09,6.17,6.32,27.0,42.0,23.0
1999-10-15,5.82,5.99,6.09,6.26,27.0,44.0,27.0
1999-10-18,5.85,6.03,6.12,6.3,27.0,45.0,27.0
1999-10-19,5.92,6.09,6.18,6.35,26.0,43.0,26.0
1999-10-20,5.94,6.11,6.19,6.34,25.0,40.0,23.0
1999-10-21,5.93,6.11,6.2,6.36,27.0,43.0,25.0
1999-10-22,5.96,6.13,6.21,6.36,25.0,40.0,23.0
1999-10-25,5.98,6.14,6.22,6.36,24.0,38.0,22.0
1999-10-26,6.02,6.17,6.24,6.38,22.0,36.0,21.0
1999-10-27,5.94,6.13,6.19,6.33,25.0,39.0,20.0
1999-10-28,5.87,6.05,6.12,6.25,25.0,38.0,20.0
1999-10-29,5.79,5.97,6.02,6.16,23.0,37.0,19.0
1999-11-01,5.83,6.0,6.06,6.19,23.0,36.0,19.0
1999-11-02,5.81,5.98,6.04,6.15,23.0,34.0,17.0
1999-11-03,5.79,5.97,6.01,6.14,22.0,35.0,17.0
1999-11-04,5.74,5.91,5.95,6.09,21.0,35.0,18.0
1999-11-05,5.72,5.88,5.92,6.05,20.0,33.0,17.0
1999-11-08,5.74,5.9,5.95,6.06,21.0,32.0,16.0
1999-11-09,5.77,5.87,5.97,6.07,20.0,30.0,20.0
1999-11-10,5.81,5.9,6.0,6.09,19.0,28.0,19.0
1999-11-12,5.78,5.85,5.93,6.03,15.0,25.0,18.0
1999-11-15,5.79,5.87,5.94,6.04,15.0,25.0,17.0
1999-11-16,5.85,5.91,5.97,6.06,12.0,21.0,15.0
1999-11-17,5.9,5.98,6.04,6.13,14.0,23.0,15.0
1999-11-18,5.9,5.99,6.06,6.17,16.0,27.0,18.0
1999-11-19,5.92,6.0,6.07,6.17,15.0,25.0,17.0
1999-11-22,5.95,6.02,6.09,6.2,14.0,25.0,18.0
1999-11-23,5.93,6.02,6.08,6.2,15.0,27.0,18.0
1999-11-24,5.97,6.02,6.09,6.22,12.0,25.0,20.0
1999-11-26,5.99,6.06,6.12,6.24,13.0,25.0,18.0
1999-11-29,6.04,6.14,6.21,6.31,17.0,27.0,17.0
1999-11-30,6.01,6.11,6.18,6.29,17.0,28.0,18.0
1999-12-01,6.04,6.14,6.21,6.3,17.0,26.0,16.0
1999-12-02,6.06,6.16,6.24,6.31,18.0,25.0,15.0
1999-12-03,5.99,6.08,6.17,6.27,18.0,28.0,19.0
1999-12-06,5.98,6.07,6.16,6.25,18.0,27.0,18.0
1999-12-07,5.95,6.03,6.11,6.21,16.0,26.0,18.0
1999-12-08,5.98,6.06,6.15,6.23,17.0,25.0,17.0
1999-12-09,5.96,6.03,6.14,6.22,18.0,26.0,19.0
1999-12-10,5.93,5.98,6.08,6.17,15.0,24.0,19.0
1999-12-13,5.96,6.01,6.11,6.2,15.0,24.0,19.0
1999-12-14,6.07,6.12,6.22,6.31,15.0,24.0,19.0
1999-12-15,6.1,6.14,6.25,6.34,15.0,24.0,20.0
1999-12-16,6.15,6.2,6.31,6.39,16.0,24.0,19.0
1999-12-17,6.15,6.22,6.3,6.38,15.0,23.0,16.0
1999-12-20,6.21,6.28,6.36,6.44,15.0,23.0,16.0
1999-12-21,6.21,6.29,6.38,6.46,17.0,25.0,17.0
1999-12-22,6.24,6.31,6.39,6.47,15.0,23.0,16.0
1999-12-23,6.24,6.33,6.41,6.48,17.0,24.0,15.0
1999-12-27,6.21,6.32,6.4,6.46,19.0,25.0,14.0
1999-12-28,6.23,6.35,6.43,6.48,20.0,25.0,13.0
1999-12-29,6.21,6.32,6.4,6.45,19.0,24.0,13.0
1999-12-30,6.19,6.3,6.39,6.43,20.0,24.0,13.0
1999-12-31,6.24,6.36,6.45,6.48,21.0,24.0,12.0
2000-01-03,6.38,6.5,6.58,6.61,20.0,23.0,11.0
2000-01-04,6.3,6.4,6.49,6.53,19.0,23.0,13.0
2000-01-05,6.38,6.51,6.62,6.64,24.0,26.0,13.0
2000-01-06,6.35,6.46,6.57,6.58,22.0,23.0,12.0
2000-01-07,6.31,6.42,6.52,6.55,21.0,24.0,13.0
2000-01-10,6.38,6.49,6.57,6.59,19.0,21.0,10.0
2000-01-11,6.45,6.57,6.67,6.68,22.0,23.0,11.0
2000-01-12,6.49,6.63,6.72,6.71,23.0,22.0,8.0
2000-01-13,6.4,6.54,6.63,6.65,23.0,25.0,11.0
2000-01-14,6.44,6.59,6.69,6.69,25.0,25.0,10.0
2000-01-18,6.47,6.65,6.75,6.75,28.0,28.0,10.0
2000-01-19,6.46,6.62,6.73,6.72,27.0,26.0,10.0
2000-01-20,6.49,6.67,6.79,6.74,30.0,25.0,7.0
2000-01-21,6.48,6.67,6.79,6.71,31.0,23.0,4.0
2000-01-24,6.43,6.59,6.69,6.65,26.0,22.0,6.0
2000-01-25,6.44,6.6,6.7,6.64,26.0,20.0,4.0
2000-01-26,6.45,6.62,6.69,6.6,24.0,15.0,-2.0
2000-01-27,6.51,6.67,6.68,6.53,17.0,2.0,-14.0
2000-01-28,6.58,6.68,6.66,6.45,8.0,-13.0,-23.0
2000-01-31,6.61,6.71,6.68,6.49,7.0,-12.0,-22.0
2000-02-01,6.6,6.68,6.62,6.43,2.0,-17.0,-25.0
2000-02-02,6.63,6.69,6.6,6.32,-3.0,-31.0,-37.0
2000-02-03,6.56,6.56,6.49,6.17,-7.0,-39.0,-39.0
2000-02-04,6.63,6.64,6.53,6.23,-10.0,-40.0,-41.0
2000-02-07,6.68,6.76,6.64,6.34,-4.0,-34.0,-42.0
2000-02-08,6.69,6.74,6.59,6.22,-10.0,-47.0,-52.0
2000-02-09,6.69,6.77,6.56,6.32,-13.0,-37.0,-45.0
2000-02-10,6.67,6.78,6.67,6.35,0.0,-32.0,-43.0
2000-02-11,6.65,6.77,6.63,6.29,-2.0,-36.0,-48.0
2000-02-14,6.62,6.72,6.56,6.22,-6.0,-40.0,-50.0
2000-02-15,6.66,6.74,6.56,6.26,-10.0,-40.0,-48.0
2000-02-16,6.63,6.75,6.56,6.27,-7.0,-36.0,-48.0
2000-02-17,6.69,6.76,6.58,6.23,-11.0,-46.0,-53.0
2000-02-18,6.66,6.72,6.49,6.16,-17.0,-50.0,-56.0
2000-02-22,6.57,6.62,6.36,6.08,-21.0,-49.0,-54.0
2000-02-23,6.61,6.66,6.44,6.14,-17.0,-47.0,-52.0
2000-02-24,6.52,6.56,6.36,6.13,-16.0,-39.0,-43.0
2000-02-25,6.45,6.5,6.36,6.17,-9.0,-28.0,-33.0
2000-02-28,6.47,6.53,6.37,6.16,-10.0,-31.0,-37.0
2000-02-29,6.53,6.61,6.42,6.15,-11.0,-38.0,-46.0
2000-03-01,6.52,6.59,6.39,6.16,-13.0,-36.0,-43.0
2000-03-02,6.52,6.59,6.4,6.15,-12.0,-37.0,-44.0
2000-03-03,6.5,6.6,6.39,6.13,-11.0,-37.0,-47.0
2000-03-06,6.55,6.64,6.42,6.16,-13.0,-39.0,-48.0
2000-03-07,6.48,6.6,6.39,6.16,-9.0,-32.0,-44.0
2000-03-08,6.5,6.59,6.38,6.17,-12.0,-33.0,-42.0
2000-03-09,6.48,6.56,6.35,6.16,-13.0,-32.0,-40.0
2000-03-10,6.55,6.61,6.39,6.19,-16.0,-36.0,-42.0
2000-03-13,6.52,6.57,6.36,6.17,-16.0,-35.0,-40.0
2000-03-14,6.48,6.52,6.31,6.11,-17.0,-37.0,-41.0
2000-03-15,6.5,6.5,6.29,6.07,-21.0,-43.0,-43.0
2000-03-16,6.5,6.47,6.26,6.05,-24.0,-45.0,-42.0
2000-03-17,6.5,6.45,6.2,6.01,-30.0,-49.0,-44.0
2000-03-20,6.52,6.45,6.18,5.99,-34.0,-53.0,-46.0
2000-03-21,6.5,6.44,6.13,5.97,-37.0,-53.0,-47.0
2000-03-22,6.5,6.41,6.13,5.97,-37.0,-53.0,-44.0
2000-03-23,6.52,6.39,6.08,5.92,-44.0,-60.0,-47.0
2000-03-24,6.64,6.51,6.2,6.0,-44.0,-64.0,-51.0
2000-03-27,6.66,6.51,6.21,5.99,-45.0,-67.0,-52.0
2000-03-28,6.6,6.46,6.17,5.98,-43.0,-62.0,-48.0
2000-03-29,6.59,6.46,6.18,5.99,-41.0,-60.0,-47.0
2000-03-30,6.52,6.35,6.06,5.89,-46.0,-63.0,-46.0
2000-03-31,6.5,6.32,6.03,5.84,-47.0,-66.0,-48.0
2000-04-03,6.45,6.3,6.0,5.84,-45.0,-61.0,-46.0
2000-04-04,6.35,6.16,5.9,5.77,-45.0,-58.0,-39.0
2000-04-05,6.35,6.17,5.9,5.81,-45.0,-54.0,-36.0
2000-04-06,6.38,6.2,5.93,5.8,-45.0,-58.0,-40.0
2000-04-07,6.38,6.18,5.86,5.71,-52.0,-67.0,-47.0
2000-04-10,6.31,6.11,5.8,5.69,-51.0,-62.0,-42.0
2000-04-11,6.36,6.19,5.89,5.77,-47.0,-59.0,-42.0
2000-04-12,6.4,6.27,5.97,5.84,-43.0,-56.0,-43.0
2000-04-13,6.4,6.24,5.94,5.81,-46.0,-59.0,-43.0
2000-04-14,6.27,6.11,5.85,5.79,-42.0,-48.0,-32.0
2000-04-17,6.33,6.23,6.01,5.92,-32.0,-41.0,-31.0
2000-04-18,6.33,6.27,6.05,5.92,-28.0,-41.0,-35.0
2000-04-19,6.33,6.23,5.99,5.85,-34.0,-48.0,-38.0
2000-04-20,6.38,6.24,5.99,5.83,-39.0,-55.0,-41.0
2000-04-24,6.36,6.23,6.0,5.86,-36.0,-50.0,-37.0
2000-04-25,6.48,6.39,6.14,5.95,-34.0,-53.0,-44.0
2000-04-26,6.5,6.4,6.14,5.95,-36.0,-55.0,-45.0
2000-04-27,6.63,6.51,6.23,6.0,-40.0,-63.0,-51.0
2000-04-28,6.68,6.56,6.23,5.97,-45.0,-71.0,-59.0
2000-05-01,6.73,6.59,6.29,5.98,-44.0,-75.0,-61.0
2000-05-02,6.72,6.6,6.32,6.03,-40.0,-69.0,-57.0
2000-05-03,6.73,6.66,6.4,6.11,-33.0,-62.0,-55.0
2000-05-04,6.77,6.7,6.46,6.19,-31.0,-58.0,-51.0
2000-05-05,6.84,6.77,6.51,6.2,-33.0,-64.0,-57.0
2000-05-08,6.87,6.83,6.57,6.25,-30.0,-62.0,-58.0
2000-05-09,6.86,6.75,6.53,6.22,-33.0,-64.0,-53.0
2000-05-10,6.84,6.69,6.47,6.18,-37.0,-66.0,-51.0
2000-05-11,6.82,6.67,6.43,6.16,-39.0,-66.0,-51.0
2000-05-12,6.91,6.76,6.51,6.2,-40.0,-71.0,-56.0
2000-05-15,6.88,6.73,6.47,6.17,-41.0,-71.0,-56.0
2000-05-16,6.89,6.72,6.43,6.12,-46.0,-77.0,-60.0
2000-05-17,6.9,6.74,6.48,6.18,-42.0,-72.0,-56.0
2000-05-18,6.93,6.79,6.56,6.24,-37.0,-69.0,-55.0
2000-05-19,6.86,6.71,6.51,6.22,-35.0,-64.0,-49.0
2000-05-22,6.81,6.66,6.44,6.18,-37.0,-63.0,-48.0
2000-05-23,6.83,6.68,6.45,6.17,-38.0,-66.0,-51.0
2000-05-24,6.79,6.71,6.47,6.19,-32.0,-60.0,-52.0
2000-05-25,6.71,6.64,6.39,6.11,-32.0,-60.0,-53.0
2000-05-26,6.69,6.57,6.33,6.06,-36.0,-63.0,-51.0
2000-05-30,6.74,6.62,6.38,6.09,-36.0,-65.0,-53.0
2000-05-31,6.69,6.54,6.29,6.02,-40.0,-67.0,-52.0
2000-06-01,6.61,6.44,6.2,5.95,-41.0,-66.0,-49.0
2000-06-02,6.52,6.37,6.15,5.94,-37.0,-58.0,-43.0
2000-06-05,6.49,6.33,6.12,5.91,-37.0,-58.0,-42.0
2000-06-06,6.51,6.35,6.14,5.91,-37.0,-60.0,-44.0
2000-06-07,6.52,6.35,6.13,5.89,-39.0,-63.0,-46.0
2000-06-08,6.56,6.37,6.13,5.89,-43.0,-67.0,-48.0
2000-06-09,6.56,6.36,6.13,5.89,-43.0,-67.0,-47.0
2000-06-12,6.52,6.33,6.09,5.88,-43.0,-64.0,-45.0
2000-06-13,6.49,6.32,6.11,5.94,-38.0,-55.0,-38.0
2000-06-14,6.44,6.26,6.06,5.91,-38.0,-53.0,-35.0
2000-06-15,6.44,6.26,6.05,5.93,-39.0,-51.0,-33.0
2000-06-16,6.38,6.19,5.99,5.88,-39.0,-50.0,-31.0
2000-06-19,6.4,6.2,6.0,5.89,-40.0,-51.0,-31.0
2000-06-20,6.43,6.23,6.03,5.9,-40.0,-53.0,-33.0
2000-06-21,6.5,6.32,6.11,5.96,-39.0,-54.0,-36.0
2000-06-22,6.5,6.32,6.12,5.98,-38.0,-52.0,-34.0
2000-06-23,6.55,6.37,6.19,6.04,-36.0,-51.0,-33.0
2000-06-26,6.5,6.29,6.11,5.99,-39.0,-51.0,-30.0
2000-06-27,6.5,6.29,6.1,5.95,-40.0,-55.0,-34.0
2000-06-28,6.43,6.28,6.11,5.97,-32.0,-46.0,-31.0
2000-06-29,6.37,6.21,6.04,5.88,-33.0,-49.0,-33.0
2000-06-30,6.38,6.18,6.03,5.9,-35.0,-48.0,-28.0
2000-07-03,6.31,6.12,6.0,5.87,-31.0,-44.0,-25.0
2000-07-05,6.29,6.12,5.99,5.86,-30.0,-43.0,-26.0
2000-07-06,6.34,6.16,6.05,5.91,-29.0,-43.0,-25.0
2000-07-07,6.29,6.11,6.01,5.87,-28.0,-42.0,-24.0
2000-07-10,6.31,6.13,6.04,5.88,-27.0,-43.0,-25.0
2000-07-11,6.32,6.16,6.06,5.89,-26.0,-43.0,-27.0
2000-07-12,6.34,6.2,6.09,5.89,-25.0,-45.0,-31.0
2000-07-13,6.31,6.15,6.01,5.81,-30.0,-50.0,-34.0
2000-07-14,6.41,6.25,6.1,5.88,-31.0,-53.0,-37.0
2000-07-17,6.46,6.31,6.17,5.93,-29.0,-53.0,-38.0
2000-07-18,6.44,6.3,6.16,5.92,-28.0,-52.0,-38.0
2000-07-19,6.46,6.31,6.16,5.92,-30.0,-54.0,-39.0
2000-07-20,6.32,6.15,6.01,5.81,-31.0,-51.0,-34.0
2000-07-21,6.32,6.14,6.01,5.79,-31.0,-53.0,-35.0
2000-07-24,6.35,6.18,6.04,5.81,-31.0,-54.0,-37.0
2000-07-25,6.35,6.17,6.04,5.81,-31.0,-54.0,-36.0
2000-07-26,6.29,6.16,6.04,5.82,-25.0,-47.0,-34.0
2000-07-27,6.27,6.14,6.02,5.78,-25.0,-49.0,-36.0
2000-07-28,6.3,6.16,6.04,5.78,-26.0,-52.0,-38.0
2000-07-31,6.3,6.16,6.04,5.79,-26.0,-51.0,-37.0
2000-08-01,6.27,6.12,6.0,5.74,-27.0,-53.0,-38.0
2000-08-02,6.23,6.09,5.98,5.77,-25.0,-46.0,-32.0
2000-08-03,6.22,6.07,5.95,5.74,-27.0,-48.0,-33.0
2000-08-04,6.15,6.02,5.91,5.72,-24.0,-43.0,-30.0
2000-08-07,6.2,6.07,5.97,5.76,-23.0,-44.0,-31.0
2000-08-08,6.16,6.03,5.93,5.73,-23.0,-43.0,-30.0
2000-08-09,6.18,6.03,5.81,5.73,-37.0,-45.0,-30.0
2000-08-10,6.16,6.0,5.76,5.68,-40.0,-48.0,-32.0
2000-08-11,6.25,6.07,5.79,5.72,-46.0,-53.0,-35.0
2000-08-14,6.25,6.07,5.78,5.7,-47.0,-55.0,-37.0
2000-08-15,6.28,6.11,5.81,5.72,-47.0,-56.0,-39.0
2000-08-16,6.3,6.13,5.83,5.73,-47.0,-57.0,-40.0
2000-08-17,6.3,6.13,5.81,5.72,-49.0,-58.0,-41.0
2000-08-18,6.27,6.09,5.78,5.69,-49.0,-58.0,-40.0
2000-08-21,6.28,6.1,5.79,5.71,-49.0,-57.0,-39.0
2000-08-22,6.27,6.07,5.78,5.71,-49.0,-56.0,-36.0
2000-08-23,6.2,6.02,5.73,5.68,-47.0,-52.0,-34.0
2000-08-24,6.19,6.0,5.73,5.67,-46.0,-52.0,-33.0
2000-08-25,6.19,6.0,5.73,5.67,-46.0,-52.0,-33.0
2000-08-28,6.23,6.05,5.78,5.72,-45.0,-51.0,-33.0
2000-08-29,6.26,6.08,5.81,5.75,-45.0,-51.0,-33.0
2000-08-30,6.24,6.07,5.81,5.74,-43.0,-50.0,-33.0
2000-08-31,6.18,5.98,5.73,5.67,-45.0,-51.0,-31.0
2000-09-01,6.09,5.92,5.68,5.67,-41.0,-42.0,-25.0
2000-09-05,6.09,5.92,5.69,5.67,-40.0,-42.0,-25.0
2000-09-06,6.11,5.95,5.72,5.71,-39.0,-40.0,-24.0
2000-09-07,6.14,5.97,5.76,5.72,-38.0,-42.0,-25.0
2000-09-08,6.11,5.95,5.73,5.7,-38.0,-41.0,-25.0
2000-09-11,6.12,5.97,5.77,5.73,-35.0,-39.0,-24.0
2000-09-12,6.12,5.97,5.78,5.76,-34.0,-36.0,-21.0
2000-09-13,6.09,5.94,5.74,5.73,-35.0,-36.0,-21.0
2000-09-14,6.11,5.96,5.79,5.81,-32.0,-30.0,-15.0
2000-09-15,6.07,5.93,5.84,5.9,-23.0,-17.0,-3.0
2000-09-18,6.04,5.93,5.88,5.96,-16.0,-8.0,3.0
2000-09-19,6.05,5.93,5.86,5.92,-19.0,-13.0,-1.0
2000-09-20,6.11,5.98,5.91,5.97,-20.0,-14.0,-1.0
2000-09-21,6.11,5.96,5.88,5.93,-23.0,-18.0,-3.0
2000-09-22,6.09,5.93,5.85,5.92,-24.0,-17.0,-1.0
2000-09-25,6.11,5.94,5.84,5.9,-27.0,-21.0,-4.0
2000-09-26,6.07,5.9,5.81,5.86,-26.0,-21.0,-4.0
2000-09-27,6.0,5.89,5.83,5.9,-17.0,-10.0,1.0
2000-09-28,6.02,5.9,5.82,5.89,-20.0,-13.0,-1.0
2000-09-29,5.98,5.85,5.8,5.88,-18.0,-10.0,3.0
2000-10-02,5.98,5.86,5.83,5.93,-15.0,-5.0,7.0
2000-10-03,6.0,5.88,5.87,5.94,-13.0,-6.0,6.0
2000-10-04,6.03,5.94,5.9,5.95,-13.0,-8.0,1.0
2000-10-05,6.02,5.92,5.87,5.91,-15.0,-11.0,-1.0
2000-10-06,5.98,5.88,5.82,5.85,-16.0,-13.0,-3.0
2000-10-10,5.98,5.86,5.8,5.83,-18.0,-15.0,-3.0
2000-10-11,5.93,5.82,5.77,5.83,-16.0,-10.0,1.0
2000-10-12,5.86,5.74,5.73,5.82,-13.0,-4.0,8.0
2000-10-13,5.84,5.73,5.73,5.8,-11.0,-4.0,7.0
2000-10-16,5.89,5.77,5.74,5.81,-15.0,-8.0,4.0
2000-10-17,5.83,5.68,5.68,5.77,-15.0,-6.0,9.0
2000-10-18,5.82,5.68,5.66,5.77,-16.0,-5.0,9.0
2000-10-19,5.86,5.69,5.66,5.76,-20.0,-10.0,7.0
2000-10-20,5.84,5.69,5.64,5.73,-20.0,-11.0,4.0
2000-10-23,5.82,5.66,5.59,5.68,-23.0,-14.0,2.0
2000-10-24,5.86,5.7,5.63,5.71,-23.0,-15.0,1.0
2000-10-25,5.87,5.74,5.67,5.75,-20.0,-12.0,1.0
2000-10-26,5.9,5.75,5.69,5.74,-21.0,-16.0,-1.0
2000-10-27,5.94,5.79,5.72,5.74,-22.0,-20.0,-5.0
2000-10-30,5.97,5.83,5.74,5.76,-23.0,-21.0,-7.0
2000-10-31,5.94,5.83,5.77,5.79,-17.0,-15.0,-4.0
2000-11-01,5.88,5.79,5.74,5.78,-14.0,-10.0,-1.0
2000-11-02,5.87,5.78,5.74,5.79,-13.0,-8.0,1.0
2000-11-03,5.94,5.86,5.83,5.86,-11.0,-8.0,0.0
2000-11-06,5.99,5.91,5.87,5.89,-12.0,-10.0,-2.0
2000-11-07,5.99,5.84,5.87,5.9,-12.0,-9.0,6.0
2000-11-08,5.99,5.83,5.87,5.89,-12.0,-10.0,6.0
2000-11-09,5.94,5.76,5.82,5.85,-12.0,-9.0,9.0
2000-11-10,5.92,5.76,5.82,5.88,-10.0,-4.0,12.0
2000-11-13,5.9,5.72,5.77,5.85,-13.0,-5.0,13.0
2000-11-14,5.92,5.72,5.76,5.81,-16.0,-11.0,9.0
2000-11-15,5.9,5.69,5.72,5.77,-18.0,-13.0,8.0
2000-11-16,5.87,5.66,5.68,5.75,-19.0,-12.0,9.0
2000-11-17,5.88,5.67,5.71,5.78,-17.0,-10.0,11.0
2000-11-20,5.87,5.65,5.68,5.76,-19.0,-11.0,11.0
2000-11-21,5.86,5.65,5.67,5.74,-19.0,-12.0,9.0
2000-11-22,5.85,5.6,5.62,5.68,-23.0,-17.0,8.0
2000-11-24,5.86,5.63,5.63,5.67,-23.0,-19.0,4.0
2000-11-27,5.86,5.63,5.64,5.71,-22.0,-15.0,8.0
2000-11-28,5.79,5.57,5.59,5.67,-20.0,-12.0,10.0
2000-11-29,5.69,5.51,5.55,5.66,-14.0,-3.0,15.0
2000-11-30,5.61,5.42,5.48,5.6,-13.0,-1.0,18.0
2000-12-01,5.62,5.46,5.52,5.64,-10.0,2.0,18.0
2000-12-04,5.59,5.45,5.53,5.66,-6.0,7.0,21.0
2000-12-05,5.49,5.36,5.43,5.59,-6.0,10.0,23.0
2000-12-06,5.42,5.26,5.32,5.52,-10.0,10.0,26.0
2000-12-07,5.45,5.26,5.32,5.51,-13.0,6.0,25.0
2000-12-08,5.5,5.32,5.35,5.55,-15.0,5.0,23.0
2000-12-11,5.52,5.33,5.37,5.54,-15.0,2.0,21.0
2000-12-12,5.54,5.33,5.36,5.53,-18.0,-1.0,20.0
2000-12-13,5.45,5.24,5.29,5.48,-16.0,3.0,24.0
2000-12-14,5.43,5.19,5.23,5.45,-20.0,2.0,26.0
2000-12-15,5.38,5.15,5.2,5.44,-18.0,6.0,29.0
2000-12-18,5.33,5.1,5.17,5.44,-16.0,11.0,34.0
2000-12-19,5.35,5.12,5.19,5.47,-16.0,12.0,35.0
2000-12-20,5.24,5.0,5.08,5.42,-16.0,18.0,42.0
2000-12-21,5.14,4.94,5.03,5.41,-11.0,27.0,47.0
2000-12-22,5.1,4.93,5.02,5.4,-8.0,30.0,47.0
2000-12-26,5.1,4.92,5.04,5.41,-6.0,31.0,49.0
2000-12-27,5.1,4.99,5.11,5.45,1.0,35.0,46.0
2000-12-28,5.18,5.02,5.13,5.44,-5.0,26.0,42.0
2000-12-29,5.11,4.99,5.12,5.46,1.0,35.0,47.0
2001-01-02,4.87,4.76,4.92,5.35,5.0,48.0,59.0
2001-01-03,4.92,4.94,5.14,5.49,22.0,57.0,55.0
2001-01-04,4.77,4.82,5.03,5.44,26.0,67.0,62.0
2001-01-05,4.56,4.66,4.93,5.41,37.0,85.0,75.0
2001-01-08,4.54,4.65,4.94,5.42,40.0,88.0,77.0
2001-01-09,4.64,4.73,4.98,5.43,34.0,79.0,70.0
2001-01-10,4.76,4.83,5.1,5.49,34.0,73.0,66.0
2001-01-11,4.77,4.85,5.14,5.55,37.0,78.0,70.0
2001-01-12,4.9,4.97,5.25,5.63,35.0,73.0,66.0
2001-01-16,4.89,4.96,5.24,5.6,35.0,71.0,64.0
2001-01-17,4.84,4.87,5.19,5.52,35.0,68.0,65.0
2001-01-18,4.72,4.74,5.12,5.47,40.0,75.0,73.0
2001-01-19,4.75,4.84,5.19,5.56,44.0,81.0,72.0
2001-01-22,4.75,4.87,5.25,5.61,50.0,86.0,74.0
2001-01-23,4.82,4.96,5.3,5.65,48.0,83.0,69.0
2001-01-24,4.81,4.98,5.33,5.67,52.0,86.0,69.0
2001-01-25,4.78,4.94,5.29,5.61,51.0,83.0,67.0
2001-01-26,4.78,4.93,5.29,5.64,51.0,86.0,71.0
2001-01-29,4.77,4.97,5.32,5.69,55.0,92.0,72.0
2001-01-30,4.7,4.91,5.24,5.59,54.0,89.0,68.0
2001-01-31,4.62,4.85,5.19,5.54,57.0,92.0,69.0
2001-02-01,4.55,4.78,5.1,5.46,55.0,91.0,68.0
2001-02-02,4.65,4.86,5.17,5.51,52.0,86.0,65.0
2001-02-05,4.68,4.88,5.18,5.48,50.0,80.0,60.0
2001-02-06,4.72,4.92,5.22,5.51,50.0,79.0,59.0
2001-02-07,4.7,4.91,5.1,5.52,40.0,82.0,61.0
2001-02-08,4.73,4.93,5.1,5.44,37.0,71.0,51.0
2001-02-09,4.67,4.85,5.03,5.38,36.0,71.0,53.0
2001-02-12,4.67,4.86,5.05,5.42,38.0,75.0,56.0
2001-02-13,4.75,4.9,5.07,5.43,32.0,68.0,53.0
2001-02-14,4.84,4.99,5.13,5.44,29.0,60.0,45.0
2001-02-15,4.89,5.06,5.19,5.5,30.0,61.0,44.0
2001-02-16,4.75,4.94,5.11,5.46,36.0,71.0,52.0
2001-02-20,4.73,4.94,5.11,5.46,38.0,73.0,52.0
2001-02-21,4.68,4.96,5.14,5.49,46.0,81.0,53.0
2001-02-22,4.63,4.94,5.15,5.52,52.0,89.0,58.0
2001-02-23,4.53,4.86,5.1,5.49,57.0,96.0,63.0
2001-02-26,4.46,4.81,5.05,5.45,59.0,99.0,64.0
2001-02-27,4.44,4.75,4.96,5.34,52.0,90.0,59.0
2001-02-28,4.41,4.7,4.92,5.34,51.0,93.0,64.0
2001-03-01,4.41,4.67,4.87,5.29,46.0,88.0,62.0
2001-03-02,4.48,4.75,4.95,5.38,47.0,90.0,63.0
2001-03-05,4.49,4.78,4.98,5.36,49.0,87.0,58.0
2001-03-06,4.49,4.78,4.99,5.38,50.0,89.0,60.0
2001-03-07,4.43,4.72,4.92,5.32,49.0,89.0,60.0
2001-03-08,4.43,4.7,4.89,5.3,46.0,87.0,60.0
2001-03-09,4.47,4.75,4.95,5.32,48.0,85.0,57.0
2001-03-12,4.46,4.72,4.92,5.31,46.0,85.0,59.0
2001-03-13,4.46,4.75,4.95,5.34,49.0,88.0,59.0
2001-03-14,4.32,4.62,4.84,5.28,52.0,96.0,66.0
2001-03-15,4.22,4.55,4.81,5.29,59.0,107.0,74.0
2001-03-16,4.26,4.54,4.78,5.28,52.0,102.0,74.0
2001-03-19,4.32,4.58,4.82,5.3,50.0,98.0,72.0
2001-03-20,4.24,4.52,4.78,5.27,54.0,103.0,75.0
2001-03-21,4.21,4.49,4.77,5.28,56.0,107.0,79.0
2001-03-22,4.17,4.44,4.73,5.25,56.0,108.0,81.0
2001-03-23,4.24,4.52,4.8,5.3,56.0,106.0,78.0
2001-03-26,4.27,4.56,4.85,5.36,58.0,109.0,80.0
2001-03-27,4.41,4.73,5.0,5.45,59.0,104.0,72.0
2001-03-28,4.3,4.68,4.97,5.47,67.0,117.0,79.0
2001-03-29,4.27,4.67,4.98,5.48,71.0,121.0,81.0
2001-03-30,4.18,4.62,4.93,5.46,75.0,128.0,84.0
2001-04-02,4.22,4.66,4.98,5.49,76.0,127.0,83.0
2001-04-03,4.15,4.6,4.94,5.48,79.0,133.0,88.0
2001-04-04,4.12,4.58,4.94,5.5,82.0,138.0,92.0
2001-04-05,4.19,4.63,4.98,5.53,79.0,134.0,90.0
2001-04-06,4.07,4.52,4.89,5.46,82.0,139.0,94.0
2001-04-09,4.1,4.56,4.93,5.5,83.0,140.0,94.0
2001-04-10,4.24,4.7,5.09,5.63,85.0,139.0,93.0
2001-04-11,4.29,4.75,5.12,5.6,83.0,131.0,85.0
2001-04-12,4.36,4.83,5.17,5.61,81.0,125.0,78.0
2001-04-16,4.49,4.94,5.28,5.7,79.0,121.0,76.0
2001-04-17,4.41,4.87,5.21,5.65,80.0,124.0,78.0
2001-04-18,4.26,4.75,5.14,5.65,88.0,139.0,90.0
2001-04-19,4.29,4.86,5.27,5.77,98.0,148.0,91.0
2001-04-20,4.26,4.88,5.29,5.79,103.0,153.0,91.0
2001-04-23,4.15,4.78,5.2,5.73,105.0,158.0,95.0
2001-04-24,4.16,4.78,5.22,5.75,106.0,159.0,97.0
2001-04-25,4.2,4.88,5.28,5.78,108.0,158.0,90.0
2001-04-26,4.14,4.79,5.2,5.71,106.0,157.0,92.0
2001-04-27,4.28,4.94,5.34,5.81,106.0,153.0,87.0
2001-04-30,4.3,4.97,5.35,5.78,105.0,148.0,81.0
2001-05-01,4.23,4.94,5.3,5.75,107.0,152.0,81.0
2001-05-02,4.27,4.95,5.31,5.71,104.0,144.0,76.0
2001-05-03,4.22,4.87,5.22,5.64,100.0,142.0,77.0
2001-05-04,4.14,4.83,5.21,5.65,107.0,151.0,82.0
2001-05-07,4.12,4.82,5.21,5.68,109.0,156.0,86.0
2001-05-08,4.1,4.68,5.24,5.72,114.0,162.0,104.0
2001-05-09,4.07,4.65,5.2,5.67,113.0,160.0,102.0
2001-05-10,4.17,4.76,5.31,5.75,114.0,158.0,99.0
2001-05-11,4.36,4.99,5.51,5.88,115.0,152.0,89.0
2001-05-14,4.29,4.94,5.46,5.85,117.0,156.0,91.0
2001-05-15,4.28,4.95,5.5,5.89,122.0,161.0,94.0
2001-05-16,4.25,4.95,5.48,5.86,123.0,161.0,91.0
2001-05-17,4.33,4.99,5.46,5.8,113.0,147.0,81.0
2001-05-18,4.37,4.99,5.41,5.76,104.0,139.0,77.0
2001-05-21,4.37,4.99,5.41,5.75,104.0,138.0,76.0
2001-05-22,4.34,4.99,5.42,5.78,108.0,144.0,79.0
2001-05-23,4.29,4.96,5.41,5.79,112.0,150.0,83.0
2001-05-24,4.32,5.05,5.52,5.87,120.0,155.0,82.0
2001-05-25,4.31,5.04,5.52,5.86,121.0,155.0,82.0
2001-05-29,4.33,5.06,5.54,5.86,121.0,153.0,80.0
2001-05-30,4.34,5.07,5.54,5.86,120.0,152.0,79.0
2001-05-31,4.22,4.94,5.43,5.78,121.0,156.0,84.0
2001-06-01,4.22,4.94,5.39,5.71,117.0,149.0,77.0
2001-06-04,4.19,4.93,5.35,5.69,116.0,150.0,76.0
2001-06-05,4.12,4.84,5.29,5.66,117.0,154.0,82.0
2001-06-06,4.12,4.83,5.27,5.65,115.0,153.0,82.0
2001-06-07,4.14,4.88,5.33,5.72,119.0,158.0,84.0
2001-06-08,4.17,4.93,5.38,5.73,121.0,156.0,80.0
2001-06-11,4.11,4.87,5.32,5.69,121.0,158.0,82.0
2001-06-12,4.09,4.82,5.27,5.65,118.0,156.0,83.0
2001-06-13,4.08,4.81,5.28,5.66,120.0,158.0,85.0
2001-06-14,4.04,4.76,5.26,5.65,122.0,161.0,89.0
2001-06-15,4.01,4.74,5.27,5.68,126.0,167.0,94.0
2001-06-18,3.98,4.73,5.27,5.7,129.0,172.0,97.0
2001-06-19,3.99,4.72,5.26,5.69,127.0,170.0,97.0
2001-06-20,3.98,4.72,5.24,5.67,126.0,169.0,95.0
2001-06-21,3.99,4.7,5.22,5.64,123.0,165.0,94.0
2001-06-22,3.93,4.63,5.14,5.58,121.0,165.0,95.0
2001-06-25,3.96,4.65,5.16,5.59,120.0,163.0,94.0
2001-06-26,4.03,4.74,5.24,5.65,121.0,162.0,91.0
2001-06-27,4.06,4.82,5.26,5.62,120.0,156.0,80.0
2001-06-28,4.22,4.92,5.35,5.68,113.0,146.0,76.0
2001-06-29,4.25,4.97,5.42,5.75,117.0,150.0,78.0
2001-07-02,4.21,4.88,5.37,5.7,116.0,149.0,82.0
2001-07-03,4.24,4.91,5.41,5.73,117.0,149.0,82.0
2001-07-05,4.24,4.95,5.44,5.76,120.0,152.0,81.0
2001-07-06,4.16,4.9,5.41,5.75,125.0,159.0,85.0
2001-07-09,4.15,4.88,5.37,5.7,122.0,155.0,82.0
2001-07-10,4.08,4.82,5.32,5.68,124.0,160.0,86.0
2001-07-11,4.07,4.81,5.31,5.69,124.0,162.0,88.0
2001-07-12,4.07,4.8,5.27,5.65,120.0,158.0,85.0
2001-07-13,4.12,4.82,5.27,5.64,115.0,152.0,82.0
2001-07-16,4.07,4.76,5.21,5.59,114.0,152.0,83.0
2001-07-17,4.09,4.78,5.22,5.59,113.0,150.0,81.0
2001-07-18,3.96,4.66,5.12,5.52,116.0,156.0,86.0
2001-07-19,3.98,4.69,5.13,5.53,115.0,155.0,84.0
2001-07-20,3.98,4.7,5.15,5.54,117.0,156.0,84.0
2001-07-23,3.98,4.68,5.13,5.53,115.0,155.0,85.0
2001-07-24,3.97,4.67,5.13,5.52,116.0,155.0,85.0
2001-07-25,3.98,4.74,5.2,5.58,122.0,160.0,84.0
2001-07-26,3.94,4.71,5.19,5.59,125.0,165.0,88.0
2001-07-27,3.87,4.64,5.13,5.55,126.0,168.0,91.0
2001-07-30,3.86,4.63,5.11,5.53,125.0,167.0,90.0
2001-07-31,3.79,4.57,5.07,5.51,128.0,172.0,94.0
2001-08-01,3.83,4.62,5.11,5.53,128.0,170.0,91.0
2001-08-02,3.89,4.69,5.17,5.57,128.0,168.0,88.0
2001-08-03,3.91,4.72,5.2,5.59,129.0,168.0,87.0
2001-08-06,3.88,4.71,5.19,5.59,131.0,171.0,88.0
2001-08-07,3.9,4.72,5.2,5.6,130.0,170.0,88.0
2001-08-08,3.77,4.61,4.99,5.52,122.0,175.0,91.0
2001-08-09,3.77,4.66,5.04,5.54,127.0,177.0,88.0
2001-08-10,3.73,4.61,4.99,5.52,126.0,179.0,91.0
2001-08-13,3.7,4.57,4.97,5.52,127.0,182.0,95.0
2001-08-14,3.74,4.59,4.97,5.51,123.0,177.0,92.0
2001-08-15,3.8,4.62,5.0,5.52,120.0,172.0,90.0
2001-08-16,3.75,4.58,4.95,5.48,120.0,173.0,90.0
2001-08-17,3.67,4.49,4.84,5.43,117.0,176.0,94.0
2001-08-20,3.74,4.55,4.91,5.46,117.0,172.0,91.0
2001-08-21,3.69,4.5,4.87,5.44,118.0,175.0,94.0
2001-08-22,3.76,4.53,4.91,5.44,115.0,168.0,91.0
2001-08-23,3.72,4.52,4.89,5.41,117.0,169.0,89.0
2001-08-24,3.76,4.55,4.93,5.45,117.0,169.0,90.0
2001-08-27,3.78,4.57,4.94,5.47,116.0,169.0,90.0
2001-08-28,3.71,4.48,4.85,5.41,114.0,170.0,93.0
2001-08-29,3.67,4.43,4.78,5.36,111.0,169.0,93.0
2001-08-30,3.61,4.42,4.79,5.37,118.0,176.0,95.0
2001-08-31,3.64,4.46,4.85,5.39,121.0,175.0,93.0
2001-09-04,3.83,4.63,4.99,5.5,116.0,167.0,87.0
2001-09-05,3.79,4.61,4.97,5.48,118.0,169.0,87.0
2001-09-06,3.65,4.48,4.86,5.41,121.0,176.0,93.0
2001-09-07,3.53,4.39,4.8,5.39,127.0,186.0,100.0
2001-09-10,3.53,4.41,4.84,5.43,131.0,190.0,102.0
2001-09-13,2.99,4.03,4.64,5.39,165.0,240.0,136.0
2001-09-14,2.87,3.92,4.57,5.35,170.0,248.0,143.0
2001-09-17,2.96,3.99,4.63,5.41,167.0,245.0,142.0
2001-09-18,2.96,4.01,4.72,5.55,176.0,259.0,154.0
2001-09-19,2.81,3.9,4.69,5.56,188.0,275.0,166.0
2001-09-20,2.91,3.97,4.75,5.62,184.0,271.0,165.0
2001-09-21,2.91,3.94,4.7,5.59,179.0,268.0,165.0
2001-09-24,2.94,4.0,4.73,5.58,179.0,264.0,158.0
2001-09-25,2.88,3.97,4.72,5.58,184.0,270.0,161.0
2001-09-26,2.82,3.91,4.65,5.5,183.0,268.0,159.0
2001-09-27,2.78,3.87,4.58,5.45,180.0,267.0,158.0
2001-09-28,2.86,3.93,4.6,5.42,174.0,256.0,149.0
2001-10-01,2.82,3.9,4.55,5.38,173.0,256.0,148.0
2001-10-02,2.77,3.87,4.53,5.34,176.0,257.0,147.0
2001-10-03,2.77,3.86,4.5,5.32,173.0,255.0,146.0
2001-10-04,2.75,3.88,4.53,5.31,178.0,256.0,143.0
2001-10-05,2.71,3.87,4.52,5.31,181.0,260.0,144.0
2001-10-09,2.74,3.96,4.62,5.39,188.0,265.0,143.0
2001-10-10,2.78,3.96,4.61,5.36,183.0,258.0,140.0
2001-10-11,2.88,4.03,4.69,5.41,181.0,253.0,138.0
2001-10-12,2.81,4.01,4.68,5.42,187.0,261.0,141.0
2001-10-15,2.78,3.97,4.62,5.38,184.0,260.0,141.0
2001-10-16,2.77,3.93,4.59,5.35,182.0,258.0,142.0
2001-10-17,2.8,3.93,4.59,5.32,179.0,252.0,139.0
2001-10-18,2.77,3.93,4.58,5.32,181.0,255.0,139.0
2001-10-19,2.77,3.96,4.63,5.36,186.0,259.0,140.0
2001-10-22,2.79,3.98,4.63,5.36,184.0,257.0,138.0
2001-10-23,2.81,4.01,4.66,5.38,185.0,257.0,137.0
2001-10-24,2.72,3.96,4.61,5.32,189.0,260.0,136.0
2001-10-25,2.63,3.89,4.56,5.28,193.0,265.0,139.0
2001-10-26,2.63,3.88,4.53,5.27,190.0,264.0,139.0
2001-10-29,2.55,3.82,4.5,5.25,195.0,270.0,143.0
2001-10-30,2.48,3.76,4.44,5.22,196.0,274.0,146.0
2001-10-31,2.44,3.66,4.3,4.89,186.0,245.0,123.0
2001-11-01,2.49,3.66,4.24,4.79,175.0,230.0,113.0
2001-11-02,2.48,3.77,4.37,4.96,189.0,248.0,119.0
2001-11-05,2.46,3.71,4.31,4.86,185.0,240.0,115.0
2001-11-06,2.37,3.54,4.3,4.86,193.0,249.0,132.0
2001-11-07,2.32,3.47,4.22,4.79,190.0,247.0,132.0
2001-11-08,2.42,3.58,4.32,4.87,190.0,245.0,129.0
2001-11-09,2.45,3.62,4.34,4.88,189.0,243.0,126.0
2001-11-13,2.54,3.69,4.41,4.92,187.0,238.0,123.0
2001-11-14,2.7,3.83,4.54,5.02,184.0,232.0,119.0
2001-11-15,2.98,4.1,4.79,5.22,181.0,224.0,112.0
2001-11-16,3.09,4.24,4.91,5.3,182.0,221.0,106.0
2001-11-19,2.92,4.12,4.8,5.22,188.0,230.0,110.0
2001-11-20,2.96,4.17,4.88,5.3,192.0,234.0,113.0
2001-11-21,3.11,4.31,4.98,5.35,187.0,224.0,104.0
2001-11-23,3.2,4.4,5.04,5.39,184.0,219.0,99.0
2001-11-26,3.22,4.41,5.05,5.39,183.0,217.0,98.0
2001-11-27,3.11,4.32,4.98,5.37,187.0,226.0,105.0
2001-11-28,3.12,4.33,4.98,5.36,186.0,224.0,103.0
2001-11-29,2.87,4.1,4.79,5.24,192.0,237.0,114.0
2001-11-30,2.84,4.08,4.78,5.27,194.0,243.0,119.0
2001-12-03,2.82,4.04,4.75,5.26,193.0,244.0,122.0
2001-12-04,2.81,3.99,4.7,5.22,189.0,241.0,123.0
2001-12-05,3.07,4.24,4.92,5.35,185.0,228.0,111.0
2001-12-06,3.19,4.38,5.04,5.47,185.0,228.0,109.0
2001-12-07,3.19,4.5,5.2,5.6,201.0,241.0,110.0
2001-12-10,3.1,4.46,5.17,5.58,207.0,248.0,112.0
2001-12-11,3.03,4.38,5.13,5.55,210.0,252.0,117.0
2001-12-12,2.97,4.29,5.02,5.47,205.0,250.0,118.0
2001-12-13,3.09,4.4,5.13,5.53,204.0,244.0,113.0
2001-12-14,3.2,4.52,5.24,5.59,204.0,239.0,107.0
2001-12-17,3.21,4.54,5.26,5.61,205.0,240.0,107.0
2001-12-18,3.13,4.46,5.16,5.52,203.0,239.0,106.0
2001-12-19,3.11,4.38,5.08,5.45,197.0,234.0,107.0
2001-12-20,3.15,4.42,5.08,5.43,193.0,228.0,101.0
2001-12-21,3.17,4.45,5.12,5.45,195.0,228.0,100.0
2001-12-24,3.22,4.49,5.18,5.49,196.0,227.0,100.0
2001-12-26,3.26,4.55,5.22,5.52,196.0,226.0,97.0
2001-12-27,3.19,4.46,5.13,5.49,194.0,230.0,103.0
2001-12-28,3.16,4.46,5.15,5.54,199.0,238.0,108.0
2001-12-31,3.07,4.38,5.07,5.48,200.0,241.0,110.0
2002-01-02,3.22,4.52,5.2,5.56,198.0,234.0,104.0
2002-01-03,3.19,4.48,5.16,5.54,197.0,235.0,106.0
2002-01-04,3.19,4.5,5.18,5.57,199.0,238.0,107.0
2002-01-07,3.08,4.39,5.09,5.49,201.0,241.0,110.0
2002-01-08,3.07,4.39,5.1,5.51,203.0,244.0,112.0
2002-01-09,3.03,4.38,5.1,5.51,207.0,248.0,113.0
2002-01-10,2.94,4.27,5.0,5.42,206.0,248.0,115.0
2002-01-11,2.76,4.14,4.92,5.37,216.0,261.0,123.0
2002-01-14,2.79,4.15,4.91,5.38,212.0,259.0,123.0
2002-01-15,2.79,4.14,4.88,5.34,209.0,255.0,120.0
2002-01-16,2.84,4.16,4.88,5.36,204.0,252.0,120.0
2002-01-17,2.96,4.28,4.98,5.41,202.0,245.0,113.0
2002-01-18,2.91,4.23,4.94,5.36,203.0,245.0,113.0
2002-01-22,2.97,4.27,4.96,5.39,199.0,242.0,112.0
2002-01-23,3.07,4.36,5.05,5.48,198.0,241.0,112.0
2002-01-24,3.15,4.4,5.07,5.47,192.0,232.0,107.0
2002-01-25,3.17,4.46,5.1,5.47,193.0,230.0,101.0
2002-01-28,3.19,4.48,5.12,5.47,193.0,228.0,99.0
2002-01-29,3.05,4.35,5.02,5.4,197.0,235.0,105.0
2002-01-30,3.06,4.37,5.02,5.41,196.0,235.0,104.0
2002-01-31,3.16,4.42,5.07,5.44,191.0,228.0,102.0
2002-02-01,3.08,4.37,5.02,5.4,194.0,232.0,103.0
2002-02-04,2.99,4.29,4.94,5.35,195.0,236.0,106.0
2002-02-05,2.99,4.29,4.92,5.35,193.0,236.0,106.0
2002-02-06,2.98,4.3,4.92,5.38,194.0,240.0,108.0
2002-02-07,2.99,4.33,4.93,5.42,194.0,243.0,109.0
2002-02-08,2.95,4.28,4.9,5.39,195.0,244.0,111.0
2002-02-11,2.95,4.29,4.91,5.41,196.0,246.0,112.0
2002-02-12,3.04,4.36,4.97,5.45,193.0,241.0,109.0
2002-02-13,3.09,4.4,5.01,5.47,192.0,238.0,107.0
2002-02-14,3.07,4.35,4.95,5.42,188.0,235.0,107.0
2002-02-15,2.97,4.27,4.86,5.37,189.0,240.0,110.0
2002-02-19,2.98,4.28,4.88,,190.0,,
2002-02-20,3.0,4.28,4.88,,188.0,,
2002-02-21,3.0,4.27,4.88,,188.0,,
2002-02-22,2.97,4.23,4.84,,187.0,,
2002-02-25,3.01,4.26,4.86,,185.0,,
2002-02-26,3.08,4.33,4.93,,185.0,,
2002-02-27,3.09,4.22,4.84,,175.0,,
2002-02-28,3.06,4.27,4.88,,182.0,,
2002-03-01,3.18,4.43,4.98,,180.0,,
2002-03-04,3.24,4.43,5.02,,178.0,,
2002-03-05,3.25,4.44,5.02,,177.0,,
2002-03-06,3.26,4.45,5.06,,180.0,,
2002-03-07,3.36,4.65,5.22,,186.0,,
2002-03-08,3.6,4.77,5.33,,173.0,,
2002-03-11,3.59,4.77,5.33,,174.0,,
2002-03-12,3.56,4.75,5.32,,176.0,,
2002-03-13,3.49,4.69,5.28,,179.0,,
2002-03-14,3.63,4.83,5.4,,177.0,,
2002-03-15,3.63,4.8,5.35,,172.0,,
2002-03-18,3.67,4.79,5.32,,165.0,,
2002-03-19,3.64,4.78,5.33,,169.0,,
2002-03-20,3.71,4.87,5.4,,169.0,,
2002-03-21,3.73,4.88,5.39,,166.0,,
2002-03-22,3.77,4.9,5.4,,163.0,,
2002-03-25,3.78,4.92,5.41,,163.0,,
2002-03-26,3.68,4.85,5.35,,167.0,,
2002-03-27,3.66,4.85,5.35,,169.0,,
2002-03-28,3.72,4.91,5.42,,170.0,,
2002-04-01,3.74,4.93,5.44,,170.0,,
2002-04-02,3.63,4.84,5.36,,173.0,,
2002-04-03,3.55,4.76,5.3,,175.0,,
2002-04-04,3.57,4.76,5.28,,171.0,,
2002-04-05,3.49,4.68,5.22,,173.0,,
2002-04-08,3.51,4.7,5.25,,174.0,,
2002-04-09,3.48,4.67,5.22,,174.0,,
2002-04-10,3.48,4.68,5.24,,176.0,,
2002-04-11,3.47,4.66,5.22,,175.0,,
2002-04-12,3.41,4.6,5.18,,177.0,,
2002-04-15,3.38,4.57,5.15,,177.0,,
2002-04-16,3.43,4.62,5.2,,177.0,,
2002-04-17,3.41,4.64,5.24,,183.0,,
2002-04-18,3.38,4.64,5.23,,185.0,,
2002-04-19,3.36,4.62,5.21,,185.0,,
2002-04-22,3.37,4.62,5.19,,182.0,,
2002-04-23,3.39,4.62,5.18,,179.0,,
2002-04-24,3.28,4.53,5.11,,183.0,,
2002-04-25,3.25,4.52,5.1,,185.0,,
2002-04-26,3.22,4.49,5.08,,186.0,,
2002-04-29,3.26,4.55,5.13,,187.0,,
2002-04-30,3.24,4.53,5.11,,187.0,,
2002-05-01,3.21,4.49,5.08,,187.0,,
2002-05-02,3.25,4.54,5.13,,188.0,,
2002-05-03,3.17,4.48,5.08,,191.0,,
2002-05-06,3.19,4.5,5.1,,191.0,,
2002-05-07,3.14,4.43,5.09,,195.0,,
2002-05-08,3.32,4.58,5.24,,192.0,,
2002-05-09,3.27,4.53,5.2,,193.0,,
2002-05-10,3.19,4.46,5.15,,196.0,,
2002-05-13,3.28,4.54,5.23,,195.0,,
2002-05-14,3.4,4.64,5.32,,192.0,,
2002-05-15,3.37,4.59,5.28,,191.0,,
2002-05-16,3.28,4.52,5.2,,192.0,,
2002-05-17,3.41,4.6,5.27,,186.0,,
2002-05-20,3.33,4.53,5.21,,188.0,,
2002-05-21,3.28,4.49,5.18,,190.0,,
2002-05-22,3.23,4.43,5.13,,190.0,,
2002-05-23,3.28,4.46,5.16,,188.0,,
2002-05-24,3.28,4.47,5.16,,188.0,,
2002-05-28,3.3,4.46,5.16,,186.0,,
2002-05-29,3.24,4.41,5.11,,187.0,,
2002-05-30,3.17,4.36,5.06,,189.0,,
2002-05-31,3.22,4.37,5.08,,186.0,,
2002-06-03,3.19,4.36,5.06,,187.0,,
2002-06-04,3.13,4.31,5.04,,191.0,,
2002-06-05,3.16,4.35,5.08,,192.0,,
2002-06-06,3.13,4.3,5.04,,191.0,,
2002-06-07,3.16,4.36,5.1,,194.0,,
2002-06-10,3.15,4.34,5.07,,192.0,,
2002-06-11,3.09,4.29,5.02,,193.0,,
2002-06-12,3.05,4.24,4.98,,193.0,,
2002-06-13,3.0,4.2,4.94,,194.0,,
2002-06-14,2.92,4.1,4.83,,191.0,,
2002-06-17,2.96,4.14,4.89,,193.0,,
2002-06-18,2.93,4.13,4.88,,195.0,,
2002-06-19,2.81,4.01,4.76,,195.0,,
2002-06-20,2.93,4.11,4.85,,192.0,,
2002-06-21,2.88,4.06,4.79,,191.0,,
2002-06-24,2.93,4.13,4.87,,194.0,,
2002-06-25,2.92,4.13,4.88,,196.0,,
2002-06-26,2.77,3.99,4.75,,198.0,,
2002-06-27,2.85,4.08,4.84,,199.0,,
2002-06-28,2.9,4.09,4.86,,196.0,,
2002-07-01,2.88,4.08,4.85,,197.0,,
2002-07-02,2.78,3.99,4.77,,199.0,,
2002-07-03,2.78,4.0,4.78,,200.0,,
2002-07-05,2.9,4.13,4.9,,200.0,,
2002-07-08,2.84,4.07,4.84,,200.0,,
2002-07-09,2.74,3.98,4.78,,204.0,,
2002-07-10,2.61,3.85,4.66,,205.0,,
2002-07-11,2.61,3.86,4.66,,205.0,,
2002-07-12,2.56,3.82,4.63,,207.0,,
2002-07-15,2.55,3.85,4.66,,211.0,,
2002-07-16,2.66,3.93,4.75,,209.0,,
2002-07-17,2.63,3.89,4.71,,208.0,,
2002-07-18,2.55,3.82,4.66,,211.0,,
2002-07-19,2.48,3.76,4.61,,213.0,,
2002-07-22,2.4,3.65,4.51,,211.0,,
2002-07-23,2.34,3.59,4.47,,213.0,,
2002-07-24,2.38,3.6,4.49,,211.0,,
2002-07-25,2.28,3.51,4.43,,215.0,,
2002-07-26,2.2,3.46,4.43,,223.0,,
2002-07-29,2.41,3.68,4.62,,221.0,,
2002-07-30,2.44,3.71,4.65,,221.0,,
2002-07-31,2.23,3.53,4.51,,228.0,,
2002-08-01,2.15,3.46,4.47,,232.0,,
2002-08-02,1.99,3.27,4.33,,234.0,,
2002-08-05,1.93,3.21,4.29,,236.0,,
2002-08-06,2.11,3.36,4.42,,231.0,,
2002-08-07,1.98,3.24,4.35,,237.0,,
2002-08-08,2.1,3.35,4.4,,230.0,,
2002-08-09,2.1,3.28,4.27,,217.0,,
2002-08-12,2.1,3.24,4.22,,212.0,,
2002-08-13,2.0,3.15,4.12,,212.0,,
2002-08-14,2.12,3.19,4.06,,194.0,,
2002-08-15,2.22,3.28,4.17,,195.0,,
2002-08-16,2.28,3.41,4.32,,204.0,,
2002-08-19,2.25,3.4,4.29,,204.0,,
2002-08-20,2.12,3.25,4.17,,205.0,,
2002-08-21,2.12,3.28,4.2,,208.0,,
2002-08-22,2.22,3.37,4.3,,208.0,,
2002-08-23,2.19,3.31,4.25,,206.0,,
2002-08-26,2.19,3.29,4.22,,203.0,,
2002-08-27,2.26,3.37,4.29,,203.0,,
2002-08-28,2.23,3.31,4.22,,199.0,,
2002-08-29,2.14,3.24,4.16,,202.0,,
2002-08-30,2.14,3.22,4.14,,200.0,,
2002-09-03,2.01,3.04,3.98,,197.0,,
2002-09-04,2.02,3.02,3.96,,194.0,,
2002-09-05,1.95,2.95,3.91,,196.0,,
2002-09-06,2.08,3.1,4.05,,197.0,,
2002-09-09,2.13,3.11,4.05,,192.0,,
2002-09-10,2.12,3.08,4.0,,188.0,,
2002-09-11,2.18,3.15,4.07,,189.0,,
2002-09-12,2.12,3.07,3.98,,186.0,,
2002-09-13,2.07,3.0,3.92,,185.0,,
2002-09-16,2.07,3.0,3.9,,183.0,,
2002-09-17,2.06,2.97,3.87,,181.0,,
2002-09-18,2.04,2.96,3.86,,182.0,,
2002-09-19,1.93,2.87,3.79,,186.0,,
2002-09-20,1.94,2.86,3.79,,185.0,,
2002-09-23,1.93,2.76,3.7,,177.0,,
2002-09-24,1.93,2.76,3.69,,176.0,,
2002-09-25,2.0,2.83,3.77,,177.0,,
2002-09-26,1.97,2.86,3.79,,182.0,,
2002-09-27,1.82,2.74,3.69,,187.0,,
2002-09-30,1.72,2.63,3.63,,191.0,,
2002-10-01,1.8,2.75,3.72,,192.0,,
2002-10-02,1.75,2.74,3.71,,196.0,,
2002-10-03,1.75,2.74,3.7,,195.0,,
2002-10-04,1.78,2.73,3.69,,191.0,,
2002-10-07,1.77,2.67,3.64,,187.0,,
2002-10-08,1.8,2.7,3.65,,185.0,,
2002-10-09,1.72,2.65,3.61,,189.0,,
2002-10-10,1.75,2.68,3.68,,193.0,,
2002-10-11,1.85,2.83,3.83,,198.0,,
2002-10-15,2.08,3.11,4.07,,199.0,,
2002-10-16,2.02,3.11,4.06,,204.0,,
2002-10-17,2.1,3.2,4.16,,206.0,,
2002-10-18,2.09,3.17,4.14,,205.0,,
2002-10-21,2.23,3.28,4.24,,201.0,,
2002-10-22,2.21,3.29,4.27,,206.0,,
2002-10-23,2.2,3.26,4.26,,206.0,,
2002-10-24,2.09,3.18,4.16,,207.0,,
2002-10-25,1.98,3.1,4.12,,214.0,,
2002-10-28,1.88,3.03,4.1,,222.0,,
2002-10-29,1.79,2.89,3.97,,218.0,,
2002-10-30,1.74,2.87,3.99,,225.0,,
2002-10-31,1.68,2.81,3.93,,225.0,,
2002-11-01,1.76,2.92,4.01,,225.0,,
2002-11-04,1.79,3.0,4.07,,228.0,,
2002-11-05,1.82,3.0,4.1,,228.0,,
2002-11-06,1.87,3.01,4.09,,222.0,,
2002-11-07,1.86,2.86,3.88,,202.0,,
2002-11-08,1.87,2.87,3.85,,198.0,,
2002-11-12,1.79,2.83,3.84,,205.0,,
2002-11-13,1.76,2.82,3.84,,208.0,,
2002-11-14,1.89,3.01,4.03,,214.0,,
2002-11-15,1.91,3.05,4.05,,214.0,,
2002-11-18,1.91,3.04,4.02,,211.0,,
2002-11-19,1.91,3.02,3.99,,208.0,,
2002-11-20,1.98,3.13,4.08,,210.0,,
2002-11-21,2.05,3.2,4.14,,209.0,,
2002-11-22,2.1,3.26,4.18,,208.0,,
2002-11-25,2.09,3.26,4.19,,210.0,,
2002-11-26,1.97,3.14,4.08,,211.0,,
2002-11-27,2.13,3.34,4.26,,213.0,,
2002-11-29,2.08,3.28,4.22,,214.0,,
2002-12-02,2.07,3.31,4.22,,215.0,,
2002-12-03,2.08,3.33,4.24,,216.0,,
2002-12-04,2.02,3.25,4.18,,216.0,,
2002-12-05,1.97,3.19,4.13,,216.0,,
2002-12-06,1.89,3.13,4.09,,220.0,,
2002-12-09,1.88,3.08,4.06,,218.0,,
2002-12-10,1.9,3.07,4.06,,216.0,,
2002-12-11,1.85,3.02,4.01,,216.0,,
2002-12-12,1.85,3.03,4.01,,216.0,,
2002-12-13,1.87,3.08,4.07,,220.0,,
2002-12-16,1.94,3.14,4.15,,221.0,,
2002-12-17,1.89,3.11,4.13,,224.0,,
2002-12-18,1.81,3.03,4.06,,225.0,,
2002-12-19,1.74,2.91,3.96,,222.0,,
2002-12-20,1.76,2.93,3.97,,221.0,,
2002-12-23,1.79,2.95,3.98,,219.0,,
2002-12-24,1.73,2.92,3.95,,222.0,,
2002-12-26,1.7,2.89,3.93,,223.0,,
2002-12-27,1.6,2.79,3.83,,223.0,,
2002-12-30,1.61,2.76,3.82,,221.0,,
2002-12-31,1.61,2.78,3.83,,222.0,,
2003-01-02,1.8,3.05,4.07,,227.0,,
2003-01-03,1.79,3.03,4.05,,226.0,,
2003-01-06,1.84,3.1,4.09,,225.0,,
2003-01-07,1.77,3.04,4.04,,227.0,,
2003-01-08,1.71,3.01,4.0,,229.0,,
2003-01-09,1.87,3.23,4.19,,232.0,,
2003-01-10,1.79,3.2,4.16,,237.0,,
2003-01-13,1.81,3.17,4.15,,234.0,,
2003-01-14,1.76,3.1,4.1,,234.0,,
2003-01-15,1.75,3.1,4.1,,235.0,,
2003-01-16,1.75,3.11,4.1,,235.0,,
2003-01-17,1.7,3.05,4.05,,235.0,,
2003-01-21,1.67,3.0,4.01,,234.0,,
2003-01-22,1.66,2.94,3.95,,229.0,,
2003-01-23,1.69,2.97,3.98,,229.0,,
2003-01-24,1.66,2.93,3.94,,228.0,,
2003-01-27,1.7,2.97,3.98,,228.0,,
2003-01-28,1.7,2.99,4.0,,230.0,,
2003-01-29,1.77,3.07,4.06,,229.0,,
2003-01-30,1.7,3.02,4.0,,230.0,,
2003-01-31,1.72,3.02,4.0,,228.0,,
2003-02-03,1.72,3.05,4.01,,229.0,,
2003-02-04,1.68,2.99,3.96,,228.0,,
2003-02-05,1.73,3.07,4.02,,229.0,,
2003-02-06,1.68,3.02,3.97,,229.0,,
2003-02-07,1.63,2.97,3.96,,233.0,,
2003-02-10,1.68,3.03,3.99,,231.0,,
2003-02-11,1.65,3.0,3.98,,233.0,,
2003-02-12,1.62,2.92,3.93,,231.0,,
2003-02-13,1.57,2.85,3.89,,232.0,,
2003-02-14,1.62,2.91,3.95,,233.0,,
2003-02-18,1.66,2.92,3.94,,228.0,,
2003-02-19,1.61,2.87,3.88,,227.0,,
2003-02-20,1.59,2.82,3.85,,226.0,,
2003-02-21,1.63,2.86,3.9,,227.0,,
2003-02-24,1.6,2.82,3.86,,226.0,,
2003-02-25,1.58,2.77,3.81,,223.0,,
2003-02-26,1.57,2.75,3.78,,221.0,,
2003-02-27,1.58,2.75,3.76,,218.0,,
2003-02-28,1.53,2.69,3.71,,218.0,,
2003-03-03,1.52,2.66,3.68,,216.0,,
2003-03-04,1.49,2.62,3.65,,216.0,,
2003-03-05,1.46,2.58,3.63,,217.0,,
2003-03-06,1.47,2.63,3.67,,220.0,,
2003-03-07,1.39,2.56,3.63,,224.0,,
2003-03-10,1.35,2.51,3.59,,224.0,,
2003-03-11,1.38,2.54,3.6,,222.0,,
2003-03-12,1.45,2.57,3.6,,215.0,,
2003-03-13,1.59,2.75,3.74,,215.0,,
2003-03-14,1.56,2.72,3.72,,216.0,,
2003-03-17,1.63,2.82,3.82,,219.0,,
2003-03-18,1.72,2.93,3.91,,219.0,,
2003-03-19,1.72,2.98,3.98,,226.0,,
2003-03-20,1.75,3.02,4.01,,226.0,,
2003-03-21,1.8,3.12,4.11,,231.0,,
2003-03-24,1.71,2.98,3.98,,227.0,,
2003-03-25,1.69,2.97,3.97,,228.0,,
2003-03-26,1.68,2.94,3.96,,228.0,,
2003-03-27,1.62,2.92,3.95,,233.0,,
2003-03-28,1.56,2.86,3.92,,236.0,,
2003-03-31,1.51,2.78,3.83,,232.0,,
2003-04-01,1.5,2.78,3.84,,234.0,,
2003-04-02,1.6,2.89,3.94,,234.0,,
2003-04-03,1.55,2.87,3.93,,238.0,,
2003-04-04,1.55,2.88,3.96,,241.0,,
2003-04-07,1.65,2.99,4.03,,238.0,,
2003-04-08,1.59,2.91,3.95,,236.0,,
2003-04-09,1.55,2.87,3.93,,238.0,,
2003-04-10,1.6,2.89,3.95,,235.0,,
2003-04-11,1.65,2.95,4.0,,235.0,,
2003-04-14,1.74,3.02,4.04,,230.0,,
2003-04-15,1.69,2.96,3.98,,229.0,,
2003-04-16,1.67,2.95,3.96,,229.0,,
2003-04-17,1.71,2.99,3.98,,227.0,,
2003-04-21,1.71,3.03,4.0,,229.0,,
2003-04-22,1.7,3.01,4.01,,231.0,,
2003-04-23,1.7,3.02,4.02,,232.0,,
2003-04-24,1.62,2.92,3.93,,231.0,,
2003-04-25,1.57,2.88,3.91,,234.0,,
2003-04-28,1.59,2.9,3.92,,233.0,,
2003-04-29,1.62,2.94,3.96,,234.0,,
2003-04-30,1.51,2.85,3.89,,238.0,,
2003-05-01,1.5,2.82,3.88,,238.0,,
2003-05-02,1.56,2.9,3.94,,238.0,,
2003-05-05,1.55,2.87,3.92,,237.0,,
2003-05-06,1.45,2.76,3.84,,239.0,,
2003-05-07,1.45,2.64,3.72,,227.0,,
2003-05-08,1.49,2.62,3.7,,221.0,,
2003-05-09,1.45,2.61,3.69,,224.0,,
2003-05-12,1.46,2.58,3.64,,218.0,,
2003-05-13,1.47,2.58,3.63,,216.0,,
2003-05-14,1.41,2.47,3.53,,212.0,,
2003-05-15,1.46,2.52,3.53,,207.0,,
2003-05-16,1.38,2.43,3.46,,208.0,,
2003-05-19,1.35,2.41,3.46,,211.0,,
2003-05-20,1.31,2.34,3.38,,207.0,,
2003-05-21,1.38,2.37,3.39,,201.0,,
2003-05-22,1.36,2.32,3.34,,198.0,,
2003-05-23,1.38,2.33,3.34,,196.0,,
2003-05-27,1.33,2.34,3.41,,208.0,,
2003-05-28,1.35,2.35,3.44,,209.0,,
2003-05-29,1.3,2.27,3.34,,204.0,,
2003-05-30,1.33,2.3,3.37,,204.0,,
2003-06-02,1.33,2.37,3.43,,210.0,,
2003-06-03,1.2,2.25,3.34,,214.0,,
2003-06-04,1.2,2.19,3.3,,210.0,,
2003-06-05,1.25,2.25,3.34,,209.0,,
2003-06-06,1.27,2.29,3.37,,210.0,,
2003-06-09,1.19,2.2,3.29,,210.0,,
2003-06-10,1.13,2.12,3.2,,207.0,,
2003-06-11,1.16,2.16,3.21,,205.0,,
2003-06-12,1.13,2.1,3.18,,205.0,,
2003-06-13,1.1,2.08,3.13,,203.0,,
2003-06-16,1.18,2.14,3.18,,200.0,,
2003-06-17,1.25,2.26,3.27,,202.0,,
2003-06-18,1.27,2.34,3.37,,210.0,,
2003-06-19,1.17,2.28,3.35,,218.0,,
2003-06-20,1.22,2.31,3.4,,218.0,,
2003-06-23,1.17,2.24,3.32,,215.0,,
2003-06-24,1.14,2.21,3.29,,215.0,,
2003-06-25,1.3,2.32,3.38,,208.0,,
2003-06-26,1.41,2.49,3.55,,214.0,,
2003-06-27,1.38,2.52,3.58,,220.0,,
2003-06-30,1.32,2.46,3.54,,222.0,,
2003-07-01,1.3,2.48,3.56,,226.0,,
2003-07-02,1.3,2.47,3.56,,226.0,,
2003-07-03,1.32,2.55,3.67,,235.0,,
2003-07-07,1.36,2.63,3.74,,238.0,,
2003-07-08,1.39,2.65,3.75,,236.0,,
2003-07-09,1.37,2.63,3.73,,236.0,,
2003-07-10,1.33,2.59,3.7,,237.0,,
2003-07-11,1.29,2.52,3.66,,237.0,,
2003-07-14,1.35,2.6,3.74,,239.0,,
2003-07-15,1.45,2.81,3.94,,249.0,,
2003-07-16,1.49,2.87,3.97,,248.0,,
2003-07-17,1.47,2.88,3.98,,251.0,,
2003-07-18,1.51,2.93,4.0,,249.0,,
2003-07-21,1.61,3.1,4.19,,258.0,,
2003-07-22,1.57,3.07,4.17,,260.0,,
2003-07-23,1.54,3.04,4.12,,258.0,,
2003-07-24,1.54,3.08,4.2,,266.0,,
2003-07-25,1.52,3.1,4.22,,270.0,,
2003-07-28,1.61,3.21,4.31,,270.0,,
2003-07-29,1.67,3.33,4.42,,275.0,,
2003-07-30,1.64,3.27,4.34,,270.0,,
2003-07-31,1.8,3.38,4.49,,269.0,,
2003-08-01,1.85,3.37,4.44,,259.0,,
2003-08-04,1.71,3.24,4.35,,264.0,,
2003-08-05,1.88,3.37,4.47,,259.0,,
2003-08-06,1.78,3.25,4.32,,254.0,,
2003-08-07,1.74,3.19,4.3,,256.0,,
2003-08-08,1.72,3.17,4.27,,255.0,,
2003-08-11,1.81,3.26,4.38,,257.0,,
2003-08-12,1.71,3.23,4.37,,266.0,,
2003-08-13,1.86,3.43,4.58,,272.0,,
2003-08-14,1.86,3.42,4.55,,269.0,,
2003-08-15,1.85,3.42,4.55,,270.0,,
2003-08-18,1.87,3.37,4.49,,262.0,,
2003-08-19,1.81,3.27,4.38,,257.0,,
2003-08-20,1.84,3.35,4.45,,261.0,,
2003-08-21,1.98,3.51,4.53,,255.0,,
2003-08-22,1.97,3.47,4.48,,251.0,,
2003-08-25,2.02,3.52,4.53,,251.0,,
2003-08-26,1.96,3.5,4.5,,254.0,,
2003-08-27,2.05,3.55,4.54,,249.0,,
2003-08-28,1.93,3.42,4.42,,249.0,,
2003-08-29,1.95,3.46,4.45,,250.0,,
2003-09-02,2.04,3.63,4.61,,257.0,,
2003-09-03,2.02,3.61,4.6,,258.0,,
2003-09-04,1.91,3.5,4.52,,261.0,,
2003-09-05,1.72,3.28,4.35,,263.0,,
2003-09-08,1.75,3.32,4.41,,266.0,,
2003-09-09,1.71,3.28,4.37,,266.0,,
2003-09-10,1.64,3.18,4.28,,264.0,,
2003-09-11,1.71,3.24,4.35,,264.0,,
2003-09-12,1.66,3.15,4.27,,261.0,,
2003-09-15,1.63,3.12,4.28,,265.0,,
2003-09-16,1.63,3.12,4.29,,266.0,,
2003-09-17,1.63,3.06,4.2,,257.0,,
2003-09-18,1.68,3.09,4.19,,251.0,,
2003-09-19,1.7,3.11,4.17,,247.0,,
2003-09-22,1.7,3.16,4.26,,256.0,,
2003-09-23,1.68,3.13,4.24,,256.0,,
2003-09-24,1.66,3.07,4.16,,250.0,,
2003-09-25,1.65,3.05,4.12,,247.0,,
2003-09-26,1.6,2.95,4.04,,244.0,,
2003-09-29,1.61,2.98,4.09,,248.0,,
2003-09-30,1.5,2.85,3.96,,246.0,,
2003-10-01,1.47,2.84,3.96,,249.0,,
2003-10-02,1.48,2.9,4.03,,255.0,,
2003-10-03,1.65,3.12,4.21,,256.0,,
2003-10-06,1.6,3.06,4.17,,257.0,,
2003-10-07,1.67,3.15,4.27,,260.0,,
2003-10-08,1.65,3.14,4.27,,262.0,,
2003-10-09,1.69,3.17,4.32,,263.0,,
2003-10-10,1.65,3.15,4.29,,264.0,,
2003-10-14,1.73,3.23,4.37,,264.0,,
2003-10-15,1.79,3.3,4.43,,264.0,,
2003-10-16,1.96,3.4,4.47,,251.0,,
2003-10-17,1.9,3.33,4.41,,251.0,,
2003-10-20,1.88,3.33,4.41,,253.0,,
2003-10-21,1.89,3.31,4.38,,249.0,,
2003-10-22,1.8,3.21,4.29,,249.0,,
2003-10-23,1.84,3.24,4.34,,250.0,,
2003-10-24,1.76,3.13,4.24,,248.0,,
2003-10-27,1.83,3.21,4.3,,247.0,,
2003-10-28,1.71,3.11,4.23,,252.0,,
2003-10-29,1.79,3.2,4.31,,252.0,,
2003-10-30,1.86,3.29,4.36,,250.0,,
2003-10-31,1.85,3.27,4.33,,248.0,,
2003-11-03,1.9,3.34,4.4,,250.0,,
2003-11-04,1.86,3.28,4.33,,247.0,,
2003-11-05,1.94,3.35,4.38,,244.0,,
2003-11-06,2.01,3.43,4.45,,244.0,,
2003-11-07,2.04,3.47,4.48,,244.0,,
2003-11-10,2.06,3.49,4.49,,243.0,,
2003-11-12,2.05,3.45,4.44,,239.0,,
2003-11-13,1.92,3.29,4.3,,238.0,,
2003-11-14,1.84,3.19,4.22,,238.0,,
2003-11-17,1.8,3.14,4.18,,238.0,,
2003-11-18,1.83,3.14,4.17,,234.0,,
2003-11-19,1.9,3.22,4.24,,234.0,,
2003-11-20,1.83,3.14,4.16,,233.0,,
2003-11-21,1.84,3.15,4.15,,231.0,,
2003-11-24,1.94,3.24,4.23,,229.0,,
2003-11-25,1.89,3.2,4.19,,230.0,,
2003-11-26,1.97,3.27,4.25,,228.0,,
2003-11-28,2.06,3.38,4.34,,228.0,,
2003-12-01,2.12,3.46,4.4,,228.0,,
2003-12-02,2.07,3.43,4.38,,231.0,,
2003-12-03,2.09,3.46,4.41,,232.0,,
2003-12-04,2.06,3.42,4.38,,232.0,,
2003-12-05,1.88,3.23,4.23,,235.0,,
2003-12-08,1.94,3.28,4.29,,235.0,,
2003-12-09,1.97,3.33,4.32,,235.0,,
2003-12-10,1.94,3.28,4.3,,236.0,,
2003-12-11,1.83,3.21,4.27,,244.0,,
2003-12-12,1.84,3.23,4.26,,242.0,,
2003-12-15,1.88,3.26,4.28,,240.0,,
2003-12-16,1.83,3.21,4.24,,241.0,,
2003-12-17,1.83,3.18,4.19,,236.0,,
2003-12-18,1.85,3.17,4.16,,231.0,,
2003-12-19,1.82,3.16,4.15,,233.0,,
2003-12-22,1.84,3.19,4.18,,234.0,,
2003-12-23,1.96,3.3,4.28,,232.0,,
2003-12-24,1.83,3.2,4.2,,237.0,,
2003-12-26,1.82,3.17,4.17,,235.0,,
2003-12-29,1.86,3.23,4.24,,238.0,,
2003-12-30,1.86,3.26,4.29,,243.0,,
2003-12-31,1.84,3.25,4.27,,243.0,,
2004-01-02,1.94,3.36,4.38,,244.0,,
2004-01-05,1.95,3.39,4.41,,246.0,,
2004-01-06,1.84,3.26,4.29,,245.0,,
2004-01-07,1.84,3.25,4.27,,243.0,,
2004-01-08,1.85,3.24,4.27,,242.0,,
2004-01-09,1.68,3.05,4.11,,243.0,,
2004-01-12,1.68,3.04,4.11,,243.0,,
2004-01-13,1.63,2.98,4.05,,242.0,,
2004-01-14,1.65,2.96,4.01,,236.0,,
2004-01-15,1.67,2.97,3.99,,232.0,,
2004-01-16,1.7,3.03,4.04,,234.0,,
2004-01-20,1.69,3.05,4.08,,239.0,,
2004-01-21,1.69,3.02,4.05,,236.0,,
2004-01-22,1.66,2.96,3.99,,233.0,,
2004-01-23,1.71,3.06,4.09,,238.0,,
2004-01-26,1.75,3.13,4.16,,241.0,,
2004-01-27,1.7,3.07,4.11,,241.0,,
2004-01-28,1.87,3.22,4.22,,235.0,,
2004-01-29,1.88,3.22,4.22,,234.0,,
2004-01-30,1.84,3.17,4.16,,232.0,,
2004-02-02,1.83,3.18,4.18,,235.0,,
2004-02-03,1.78,3.12,4.13,,235.0,,
2004-02-04,1.8,3.15,4.15,,235.0,,
2004-02-05,1.85,3.21,4.2,,235.0,,
2004-02-06,1.77,3.12,4.12,,235.0,,
2004-02-09,1.76,3.08,4.09,,233.0,,
2004-02-10,1.82,3.13,4.13,,231.0,,
2004-02-11,1.73,3.03,4.05,,232.0,,
2004-02-12,1.75,3.07,4.1,,235.0,,
2004-02-13,1.7,3.01,4.05,,235.0,,
2004-02-17,1.7,3.02,4.05,,235.0,,
2004-02-18,1.72,3.03,4.05,,233.0,,
2004-02-19,1.7,3.02,4.05,,235.0,,
2004-02-20,1.75,3.08,4.1,,235.0,,
2004-02-23,1.69,3.03,4.05,,236.0,,
2004-02-24,1.69,3.01,4.04,,235.0,,
2004-02-25,1.67,2.98,4.02,,235.0,,
2004-02-26,1.69,3.01,4.05,,236.0,,
2004-02-27,1.66,3.01,3.99,,233.0,,
2004-03-01,1.67,2.98,4.0,,233.0,,
2004-03-02,1.74,3.04,4.05,,231.0,,
2004-03-03,1.74,3.06,4.07,,233.0,,
2004-03-04,1.73,3.02,4.04,,231.0,,
2004-03-05,1.57,2.81,3.85,,228.0,,
2004-03-08,1.52,2.74,3.78,,226.0,,
2004-03-09,1.51,2.68,3.73,,222.0,,
2004-03-10,1.54,2.71,3.74,,220.0,,
2004-03-11,1.52,2.72,3.74,,222.0,,
2004-03-12,1.54,2.73,3.78,,224.0,,
2004-03-15,1.56,2.74,3.78,,222.0,,
2004-03-16,1.51,2.65,3.7,,219.0,,
2004-03-17,1.53,2.66,3.71,,218.0,,
2004-03-18,1.55,2.72,3.76,,221.0,,
2004-03-19,1.56,2.75,3.8,,224.0,,
2004-03-22,1.52,2.69,3.74,,222.0,,
2004-03-23,1.52,2.69,3.73,,221.0,,
2004-03-24,1.5,2.68,3.73,,223.0,,
2004-03-25,1.51,2.7,3.75,,224.0,,
2004-03-26,1.59,2.81,3.85,,226.0,,
2004-03-29,1.63,2.86,3.91,,228.0,,
2004-03-30,1.63,2.86,3.91,,228.0,,
2004-03-31,1.6,2.8,3.86,,226.0,,
2004-04-01,1.65,2.87,3.91,,226.0,,
2004-04-02,1.86,3.15,4.15,,229.0,,
2004-04-05,1.91,3.24,4.24,,233.0,,
2004-04-06,1.86,3.19,4.19,,233.0,,
2004-04-07,1.87,3.19,4.19,,232.0,,
2004-04-08,1.88,3.22,4.21,,233.0,,
2004-04-12,1.91,3.26,4.25,,234.0,,
2004-04-13,2.01,3.37,4.35,,234.0,,
2004-04-14,2.13,3.44,4.4,,227.0,,
2004-04-15,2.1,3.45,4.42,,232.0,,
2004-04-16,2.03,3.39,4.37,,234.0,,
2004-04-19,2.07,3.42,4.39,,232.0,,
2004-04-20,2.11,3.45,4.43,,232.0,,
2004-04-21,2.22,3.52,4.45,,223.0,,
2004-04-22,2.15,3.46,4.4,,225.0,,
2004-04-23,2.29,3.58,4.48,,219.0,,
2004-04-26,2.28,3.57,4.46,,218.0,,
2004-04-27,2.21,3.52,4.43,,222.0,,
2004-04-28,2.3,3.6,4.5,,220.0,,
2004-04-29,2.34,3.66,4.55,,221.0,,
2004-04-30,2.31,3.63,4.53,,222.0,,
2004-05-03,2.34,3.63,4.53,,219.0,,
2004-05-04,2.32,3.66,4.56,,224.0,,
2004-05-05,2.34,3.71,4.61,,227.0,,
2004-05-06,2.39,3.72,4.63,,224.0,,
2004-05-07,2.64,3.96,4.79,,215.0,,
2004-05-10,2.61,3.95,4.81,,220.0,,
2004-05-11,2.61,3.94,4.79,,218.0,,
2004-05-12,2.62,3.96,4.83,,221.0,,
2004-05-13,2.67,4.01,4.85,,218.0,,
2004-05-14,2.59,3.92,4.79,,220.0,,
2004-05-17,2.51,3.83,4.7,,219.0,,
2004-05-18,2.58,3.87,4.74,,216.0,,
2004-05-19,2.61,3.93,4.79,,218.0,,
2004-05-20,2.55,3.86,4.72,,217.0,,
2004-05-21,2.6,3.91,4.76,,216.0,,
2004-05-24,2.59,3.9,4.75,,216.0,,
2004-05-25,2.58,3.89,4.73,,215.0,,
2004-05-26,2.52,3.81,4.67,,215.0,,
2004-05-27,2.46,3.74,4.6,,214.0,,
2004-05-28,2.54,3.81,4.66,,212.0,,
2004-06-01,2.6,3.86,4.71,,211.0,,
2004-06-02,2.65,3.91,4.74,,209.0,,
2004-06-03,2.63,3.89,4.71,,208.0,,
2004-06-04,2.7,3.97,4.78,,208.0,,
2004-06-07,2.67,3.95,4.78,,211.0,,
2004-06-08,2.73,3.96,4.78,,205.0,,
2004-06-09,2.79,4.01,4.82,,203.0,,
2004-06-10,2.81,4.0,4.81,,200.0,,
2004-06-14,2.97,4.1,4.89,,192.0,,
2004-06-15,2.77,3.9,4.69,,192.0,,
2004-06-16,2.84,3.96,4.74,,190.0,,
2004-06-17,2.81,3.93,4.71,,190.0,,
2004-06-18,2.81,3.94,4.72,,191.0,,
2004-06-21,2.8,3.91,4.7,,190.0,,
2004-06-22,2.8,3.92,4.72,,192.0,,
2004-06-23,2.78,3.9,4.71,,193.0,,
2004-06-24,2.74,3.85,4.66,,192.0,,
2004-06-25,2.74,3.85,4.66,,192.0,,
2004-06-28,2.86,3.97,4.76,,190.0,,
2004-06-29,2.83,3.92,4.7,,187.0,,
2004-06-30,2.7,3.81,4.62,,192.0,,
2004-07-01,2.64,3.74,4.57,,193.0,,
2004-07-02,2.54,3.62,4.48,,194.0,,
2004-07-06,2.56,3.65,4.49,,193.0,,
2004-07-07,2.56,3.67,4.5,,194.0,,
2004-07-08,2.55,3.65,4.49,,194.0,,
2004-07-09,2.55,3.64,4.49,,194.0,,
2004-07-12,2.53,3.62,4.46,,193.0,,
2004-07-13,2.58,3.66,4.5,,192.0,,
2004-07-14,2.62,3.68,4.5,,188.0,,
2004-07-15,2.64,3.69,4.5,,186.0,,
2004-07-16,2.54,3.56,4.38,,184.0,,
2004-07-19,2.56,3.57,4.38,,182.0,,
2004-07-20,2.67,3.68,4.47,,180.0,,
2004-07-21,2.71,3.72,4.5,,179.0,,
2004-07-22,2.69,3.71,4.48,,179.0,,
2004-07-23,2.69,3.69,4.45,,176.0,,
2004-07-26,2.75,3.73,4.49,,174.0,,
2004-07-27,2.82,3.85,4.62,,180.0,,
2004-07-28,2.78,3.82,4.61,,183.0,,
2004-07-29,2.75,3.8,4.6,,185.0,,
2004-07-30,2.68,3.71,4.5,,182.0,,
2004-08-02,2.66,3.68,4.48,,182.0,,
2004-08-03,2.66,3.67,4.45,,179.0,,
2004-08-04,2.66,3.66,4.45,,179.0,,
2004-08-05,2.64,3.64,4.43,,179.0,,
2004-08-06,2.4,3.4,4.24,,184.0,,
2004-08-09,2.45,3.45,4.28,,183.0,,
2004-08-10,2.55,3.52,4.32,,177.0,,
2004-08-11,2.54,3.51,4.3,,176.0,,
2004-08-12,2.52,3.47,4.27,,175.0,,
2004-08-13,2.47,3.42,4.22,,175.0,,
2004-08-16,2.51,3.45,4.26,,175.0,,
2004-08-17,2.44,3.39,4.21,,177.0,,
2004-08-18,2.44,3.41,4.23,,179.0,,
2004-08-19,2.43,3.39,4.22,,179.0,,
2004-08-20,2.46,3.42,4.24,,178.0,,
2004-08-23,2.5,3.46,4.28,,178.0,,
2004-08-24,2.5,3.46,4.28,,178.0,,
2004-08-25,2.51,3.46,4.26,,175.0,,
2004-08-26,2.48,3.42,4.22,,174.0,,
2004-08-27,2.48,3.43,4.23,,175.0,,
2004-08-30,2.47,3.4,4.19,,172.0,,
2004-08-31,2.41,3.33,4.13,,172.0,,
2004-09-01,2.41,3.32,4.13,,172.0,,
2004-09-02,2.46,3.4,4.2,,174.0,,
2004-09-03,2.61,3.52,4.3,,169.0,,
2004-09-07,2.58,3.48,4.26,,168.0,,
2004-09-08,2.5,3.4,4.18,,168.0,,
2004-09-09,2.5,3.41,4.22,,172.0,,
2004-09-10,2.5,3.4,4.19,,169.0,,
2004-09-13,2.5,3.38,4.16,,166.0,,
2004-09-14,2.47,3.35,4.15,,168.0,,
2004-09-15,2.51,3.39,4.18,,167.0,,
2004-09-16,2.44,3.29,4.08,,164.0,,
2004-09-17,2.53,3.35,4.14,,161.0,,
2004-09-20,2.46,3.28,4.07,,161.0,,
2004-09-21,2.49,3.28,4.05,,156.0,,
2004-09-22,2.5,3.26,4.0,,150.0,,
2004-09-23,2.57,3.3,4.02,,145.0,,
2004-09-24,2.62,3.33,4.04,,142.0,,
2004-09-27,2.59,3.29,4.01,,142.0,,
2004-09-28,2.55,3.28,4.02,,147.0,,
2004-09-29,2.61,3.37,4.1,,149.0,,
2004-09-30,2.63,3.38,4.14,,151.0,,
2004-10-01,2.63,3.44,4.21,,158.0,,
2004-10-04,2.65,3.44,4.19,,154.0,,
2004-10-05,2.65,3.44,4.18,,153.0,,
2004-10-06,2.7,3.51,4.23,,153.0,,
2004-10-07,2.72,3.53,4.26,,154.0,,
2004-10-08,2.61,3.39,4.15,,154.0,,
2004-10-12,2.56,3.35,4.12,,156.0,,
2004-10-13,2.53,3.32,4.09,,156.0,,
2004-10-14,2.48,3.26,4.03,,155.0,,
2004-10-15,2.53,3.31,4.07,,154.0,,
2004-10-18,2.55,3.31,4.07,,152.0,,
2004-10-19,2.57,3.32,4.07,,150.0,,
2004-10-20,2.53,3.26,4.01,,148.0,,
2004-10-21,2.57,3.29,4.01,,144.0,,
2004-10-22,2.55,3.26,4.0,,145.0,,
2004-10-25,2.54,3.25,3.99,,145.0,,
2004-10-26,2.54,3.26,4.01,,147.0,,
2004-10-27,2.63,3.37,4.11,,148.0,,
2004-10-28,2.59,3.34,4.09,,150.0,,
2004-10-29,2.56,3.3,4.05,,149.0,,
2004-11-01,2.61,3.36,4.11,,150.0,,
2004-11-02,2.6,3.34,4.1,,150.0,,
2004-11-03,2.6,3.35,4.09,,149.0,,
2004-11-04,2.63,3.37,4.1,,147.0,,
2004-11-05,2.8,3.51,4.21,,141.0,,
2004-11-08,2.8,3.51,4.22,,142.0,,
2004-11-09,2.8,3.53,4.22,,142.0,,
2004-11-10,2.82,3.56,4.25,,143.0,,
2004-11-12,2.86,3.53,4.2,,134.0,,
2004-11-15,2.89,3.53,4.2,,131.0,,
2004-11-16,2.91,3.56,4.21,,130.0,,
2004-11-17,2.85,3.47,4.14,,129.0,,
2004-11-18,2.86,3.48,4.12,,126.0,,
2004-11-19,2.95,3.57,4.2,,125.0,,
2004-11-22,2.95,3.56,4.18,,123.0,,
2004-11-23,2.98,3.58,4.19,,121.0,,
2004-11-24,3.01,3.61,4.2,,119.0,,
2004-11-26,3.03,3.64,4.24,,121.0,,
2004-11-29,3.07,3.72,4.34,,127.0,,
2004-11-30,3.02,3.72,4.36,,134.0,,
2004-12-01,3.01,3.72,4.38,,137.0,,
2004-12-02,3.04,3.75,4.4,,136.0,,
2004-12-03,2.94,3.61,4.27,,133.0,,
2004-12-06,2.93,3.59,4.24,,131.0,,
2004-12-07,2.95,3.6,4.23,,128.0,,
2004-12-08,2.91,3.53,4.14,,123.0,,
2004-12-09,2.93,3.54,4.19,,126.0,,
2004-12-10,2.95,3.52,4.16,,121.0,,
2004-12-13,2.98,3.54,4.16,,118.0,,
2004-12-14,2.99,3.53,4.14,,115.0,,
2004-12-15,2.97,3.48,4.09,,112.0,,
2004-12-16,3.01,3.58,4.19,,118.0,,
2004-12-17,3.03,3.59,4.21,,118.0,,
2004-12-20,3.06,3.59,4.21,,115.0,,
2004-12-21,3.05,3.57,4.18,,113.0,,
2004-12-22,3.04,3.57,4.21,,117.0,,
2004-12-23,3.02,3.58,4.23,,121.0,,
2004-12-27,3.07,3.65,4.3,,123.0,,
2004-12-28,3.08,3.66,4.31,,123.0,,
2004-12-29,3.12,3.69,4.33,,121.0,,
2004-12-30,3.1,3.64,4.27,,117.0,,
2004-12-31,3.08,3.63,4.24,,116.0,,
2005-01-03,3.1,3.64,4.23,,113.0,,
2005-01-04,3.2,3.72,4.29,,109.0,,
2005-01-05,3.22,3.73,4.29,,107.0,,
2005-01-06,3.18,3.71,4.29,,111.0,,
2005-01-07,3.2,3.73,4.29,,109.0,,
2005-01-10,3.23,3.75,4.29,,106.0,,
2005-01-11,3.24,3.73,4.26,,102.0,,
2005-01-12,3.22,3.72,4.25,,103.0,,
2005-01-13,3.21,3.68,4.2,,99.0,,
2005-01-14,3.24,3.71,4.23,,99.0,,
2005-01-18,3.26,3.72,4.21,,95.0,,
2005-01-19,3.26,3.73,4.2,,94.0,,
2005-01-20,3.21,3.68,4.17,,96.0,,
2005-01-21,3.16,3.65,4.16,,100.0,,
2005-01-24,3.2,3.65,4.14,,94.0,,
2005-01-25,3.23,3.71,4.2,,97.0,,
2005-01-26,3.27,3.73,4.21,,94.0,,
2005-01-27,3.28,3.75,4.22,,94.0,,
2005-01-28,3.25,3.69,4.16,,91.0,,
2005-01-31,3.29,3.71,4.14,,85.0,,
2005-02-01,3.29,3.71,4.15,,86.0,,
2005-02-02,3.32,3.73,4.15,,83.0,,
2005-02-03,3.34,3.76,4.18,,84.0,,
2005-02-04,3.29,3.68,4.09,,80.0,,
2005-02-07,3.31,3.67,4.07,,76.0,,
2005-02-08,3.33,3.68,4.05,,72.0,,
2005-02-09,3.24,3.58,4.0,,76.0,,
2005-02-10,3.29,3.65,4.07,,78.0,,
2005-02-11,3.34,3.7,4.1,,76.0,,
2005-02-14,3.38,3.7,4.08,,70.0,,
2005-02-15,3.37,3.71,4.1,,73.0,,
2005-02-16,3.41,3.78,4.16,,75.0,,
2005-02-17,3.38,3.78,4.19,,81.0,,
2005-02-18,3.45,3.86,4.27,,82.0,,
2005-02-22,3.46,3.88,4.29,,83.0,,
2005-02-23,3.46,3.87,4.27,,81.0,,
2005-02-24,3.52,3.91,4.29,,77.0,,
2005-02-25,3.54,3.91,4.27,,73.0,,
2005-02-28,3.59,4.0,4.36,,77.0,,
2005-03-01,3.59,4.02,4.38,,79.0,,
2005-03-02,3.57,4.0,4.38,,81.0,,
2005-03-03,3.59,4.02,4.39,,80.0,,
2005-03-04,3.57,3.97,4.32,,75.0,,
2005-03-07,3.61,3.99,4.31,,70.0,,
2005-03-08,3.62,4.05,4.38,,76.0,,
2005-03-09,3.66,4.16,4.52,,86.0,,
2005-03-10,3.68,4.13,4.48,,80.0,,
2005-03-11,3.73,4.22,4.56,,83.0,,
2005-03-14,3.75,4.2,4.52,,77.0,,
2005-03-15,3.75,4.22,4.54,,79.0,,
2005-03-16,3.72,4.18,4.52,,80.0,,
2005-03-17,3.7,4.14,4.47,,77.0,,
2005-03-18,3.72,4.18,4.51,,79.0,,
2005-03-21,3.72,4.18,4.53,,81.0,,
2005-03-22,3.86,4.31,4.63,,77.0,,
2005-03-23,3.84,4.3,4.61,,77.0,,
2005-03-24,3.88,4.3,4.6,,72.0,,
2005-03-28,3.9,4.33,4.64,,74.0,,
2005-03-29,3.87,4.3,4.6,,73.0,,
2005-03-30,3.86,4.26,4.56,,70.0,,
2005-03-31,3.8,4.18,4.5,,70.0,,
2005-04-01,3.75,4.13,4.46,,71.0,,
2005-04-04,3.74,4.13,4.47,,73.0,,
2005-04-05,3.75,4.15,4.48,,73.0,,
2005-04-06,3.7,4.09,4.44,,74.0,,
2005-04-07,3.72,4.13,4.49,,77.0,,
2005-04-08,3.77,4.17,4.5,,73.0,,
2005-04-11,3.75,4.13,4.45,,70.0,,
2005-04-12,3.71,4.05,4.38,,67.0,,
2005-04-13,3.66,4.03,4.38,,72.0,,
2005-04-14,3.6,3.99,4.37,,77.0,,
2005-04-15,3.54,3.9,4.27,,73.0,,
2005-04-18,3.55,3.9,4.27,,72.0,,
2005-04-19,3.5,3.85,4.21,,71.0,,
2005-04-20,3.52,3.86,4.22,,70.0,,
2005-04-21,3.65,3.97,4.32,,67.0,,
2005-04-22,3.62,3.92,4.26,,64.0,,
2005-04-25,3.64,3.94,4.26,,62.0,,
2005-04-26,3.67,3.96,4.28,,61.0,,
2005-04-27,3.64,3.92,4.25,,61.0,,
2005-04-28,3.59,3.85,4.19,,60.0,,
2005-04-29,3.66,3.9,4.21,,55.0,,
2005-05-02,3.64,3.88,4.21,,57.0,,
2005-05-03,3.68,3.9,4.21,,53.0,,
2005-05-04,3.63,3.87,4.2,,57.0,,
2005-05-05,3.58,3.82,4.19,,61.0,,
2005-05-06,3.73,3.95,4.28,,55.0,,
2005-05-09,3.76,3.99,4.29,,53.0,,
2005-05-10,3.69,3.93,4.23,,54.0,,
2005-05-11,3.68,3.91,4.21,,53.0,,
2005-05-12,3.66,3.87,4.18,,52.0,,
2005-05-13,3.61,3.83,4.12,,51.0,,
2005-05-16,3.61,3.83,4.13,,52.0,,
2005-05-17,3.61,3.82,4.12,,51.0,,
2005-05-18,3.56,3.77,4.07,,51.0,,
2005-05-19,3.64,3.84,4.11,,47.0,,
2005-05-20,3.69,3.88,4.13,,44.0,,
2005-05-23,3.65,3.83,4.07,,42.0,,
2005-05-24,3.61,3.78,4.04,,43.0,,
2005-05-25,3.61,3.81,4.08,,47.0,,
2005-05-26,3.64,3.82,4.08,,44.0,,
2005-05-27,3.64,3.82,4.08,,44.0,,
2005-05-31,3.6,3.76,4.0,,40.0,,
2005-06-01,3.5,3.63,3.91,,41.0,,
2005-06-02,3.52,3.65,3.89,,37.0,,
2005-06-03,3.57,3.73,3.98,,41.0,,
2005-06-06,3.59,3.73,3.96,,37.0,,
2005-06-07,3.57,3.7,3.92,,35.0,,
2005-06-08,3.6,3.73,3.95,,35.0,,
2005-06-09,3.64,3.76,3.98,,34.0,,
2005-06-10,3.71,3.84,4.05,,34.0,,
2005-06-13,3.71,3.87,4.09,,38.0,,
2005-06-14,3.71,3.89,4.13,,42.0,,
2005-06-15,3.72,3.9,4.12,,40.0,,
2005-06-16,3.7,3.87,4.09,,39.0,,
2005-06-17,3.72,3.88,4.09,,37.0,,
2005-06-20,3.72,3.88,4.11,,39.0,,
2005-06-21,3.71,3.84,4.06,,35.0,,
2005-06-22,3.62,3.72,3.95,,33.0,,
2005-06-23,3.63,3.74,3.96,,33.0,,
2005-06-24,3.59,3.69,3.92,,33.0,,
2005-06-27,3.6,3.69,3.9,,30.0,,
2005-06-28,3.65,3.76,3.97,,32.0,,
2005-06-29,3.65,3.77,3.99,,34.0,,
2005-06-30,3.66,3.72,3.94,,28.0,,
2005-07-01,3.76,3.84,4.06,,30.0,,
2005-07-05,3.79,3.9,4.11,,32.0,,
2005-07-06,3.77,3.86,4.08,,31.0,,
2005-07-07,3.71,3.83,4.05,,34.0,,
2005-07-08,3.78,3.89,4.11,,33.0,,
2005-07-11,3.81,3.91,4.11,,30.0,,
2005-07-12,3.82,3.94,4.15,,33.0,,
2005-07-13,3.84,3.96,4.17,,33.0,,
2005-07-14,3.86,3.98,4.19,,33.0,,
2005-07-15,3.86,3.98,4.18,,32.0,,
2005-07-18,3.89,4.01,4.22,,33.0,,
2005-07-19,3.88,3.99,4.2,,32.0,,
2005-07-20,3.9,3.99,4.17,,27.0,,
2005-07-21,3.96,4.09,4.28,,32.0,,
2005-07-22,3.92,4.04,4.23,,31.0,,
2005-07-25,3.95,4.06,4.25,,30.0,,
2005-07-26,3.95,4.06,4.24,,29.0,,
2005-07-27,3.99,4.09,4.27,,28.0,,
2005-07-28,3.96,4.04,4.2,,24.0,,
2005-07-29,4.02,4.12,4.28,,26.0,,
2005-08-01,4.04,4.16,4.32,,28.0,,
2005-08-02,4.06,4.17,4.34,,28.0,,
2005-08-03,4.02,4.13,4.3,,28.0,,
2005-08-04,4.04,4.15,4.32,,28.0,,
2005-08-05,4.11,4.24,4.4,,29.0,,
2005-08-08,4.16,4.28,4.42,,26.0,,
2005-08-09,4.13,4.25,4.41,,28.0,,
2005-08-10,4.13,4.24,4.4,,27.0,,
2005-08-11,4.1,4.18,4.32,,22.0,,
2005-08-12,4.05,4.11,4.24,,19.0,,
2005-08-15,4.08,4.15,4.27,,19.0,,
2005-08-16,4.03,4.1,4.23,,20.0,,
2005-08-17,4.07,4.15,4.28,,21.0,,
2005-08-18,4.01,4.08,4.21,,20.0,,
2005-08-19,4.03,4.08,4.21,,18.0,,
2005-08-22,4.03,4.08,4.22,,19.0,,
2005-08-23,4.01,4.07,4.2,,19.0,,
2005-08-24,3.99,4.06,4.19,,20.0,,
2005-08-25,4.0,4.06,4.18,,18.0,,
2005-08-26,4.06,4.09,4.2,,14.0,,
2005-08-29,4.06,4.08,4.2,,14.0,,
2005-08-30,3.97,4.03,4.16,,19.0,,
2005-08-31,3.84,3.87,4.02,,18.0,,
2005-09-01,3.72,3.85,4.02,,30.0,,
2005-09-02,3.75,3.85,4.03,,28.0,,
2005-09-06,3.8,3.89,4.09,,29.0,,
2005-09-07,3.87,3.93,4.15,,28.0,,
2005-09-08,3.87,3.94,4.15,,28.0,,
2005-09-09,3.88,3.94,4.14,,26.0,,
2005-09-12,3.92,3.98,4.18,,26.0,,
2005-09-13,3.88,3.93,4.14,,26.0,,
2005-09-14,3.9,3.96,4.17,,27.0,,
2005-09-15,3.9,3.99,4.22,,32.0,,
2005-09-16,3.97,4.05,4.26,,29.0,,
2005-09-19,3.93,4.02,4.25,,32.0,,
2005-09-20,4.0,4.06,4.26,,26.0,,
2005-09-21,3.96,4.01,4.19,,23.0,,
2005-09-22,3.95,3.99,4.19,,24.0,,
2005-09-23,4.02,4.07,4.25,,23.0,,
2005-09-26,4.07,4.11,4.3,,23.0,,
2005-09-27,4.08,4.13,4.3,,22.0,,
2005-09-28,4.09,4.11,4.26,,17.0,,
2005-09-29,4.13,4.14,4.29,,16.0,,
2005-09-30,4.18,4.18,4.34,,16.0,,
2005-10-03,4.21,4.25,4.39,,18.0,,
2005-10-04,4.22,4.24,4.38,,16.0,,
2005-10-05,4.21,4.23,4.36,,15.0,,
2005-10-06,4.2,4.23,4.37,,17.0,,
2005-10-07,4.18,4.23,4.35,,17.0,,
2005-10-11,4.22,4.27,4.39,,17.0,,
2005-10-12,4.24,4.32,4.45,,21.0,,
2005-10-13,4.24,4.32,4.48,,24.0,,
2005-10-14,4.27,4.34,4.48,,21.0,,
2005-10-17,4.29,4.36,4.5,,21.0,,
2005-10-18,4.27,4.34,4.49,,22.0,,
2005-10-19,4.25,4.32,4.47,,22.0,,
2005-10-20,4.27,4.33,4.46,,19.0,,
2005-10-21,4.22,4.26,4.39,,17.0,,
2005-10-24,4.25,4.32,4.45,,20.0,,
2005-10-25,4.34,4.41,4.54,,20.0,,
2005-10-26,4.38,4.46,4.6,,22.0,,
2005-10-27,4.36,4.43,4.57,,21.0,,
2005-10-28,4.4,4.46,4.58,,18.0,,
2005-10-31,4.4,4.45,4.57,,17.0,,
2005-11-01,4.42,4.47,4.58,,16.0,,
2005-11-02,4.43,4.5,4.61,,18.0,,
2005-11-03,4.47,4.55,4.65,,18.0,,
2005-11-04,4.47,4.56,4.66,,19.0,,
2005-11-07,4.47,4.55,4.65,,18.0,,
2005-11-08,4.43,4.49,4.57,,14.0,,
2005-11-09,4.49,4.55,4.64,,15.0,,
2005-11-10,4.44,4.49,4.55,,11.0,,
2005-11-14,4.5,4.54,4.61,,11.0,,
2005-11-15,4.47,4.51,4.56,,9.0,,
2005-11-16,4.42,4.43,4.49,,7.0,,
2005-11-17,4.37,4.39,4.46,,9.0,,
2005-11-18,4.4,4.43,4.5,,10.0,,
2005-11-21,4.39,4.39,4.46,,7.0,,
2005-11-22,4.32,4.34,4.43,,11.0,,
2005-11-23,4.36,4.38,4.47,,11.0,,
2005-11-25,4.33,4.34,4.43,,10.0,,
2005-11-28,4.33,4.32,4.41,,8.0,,
2005-11-29,4.4,4.4,4.48,,8.0,,
2005-11-30,4.42,4.42,4.49,,7.0,,
2005-12-01,4.45,4.45,4.52,,7.0,,
2005-12-02,4.43,4.45,4.52,,9.0,,
2005-12-05,4.47,4.5,4.57,,10.0,,
2005-12-06,4.42,4.42,4.49,,7.0,,
2005-12-07,4.42,4.43,4.52,,10.0,,
2005-12-08,4.37,4.36,4.47,,10.0,,
2005-12-09,4.43,4.44,4.54,,11.0,,
2005-12-12,4.45,4.46,4.56,,11.0,,
2005-12-13,4.43,4.44,4.54,,11.0,,
2005-12-14,4.37,4.36,4.45,,8.0,,
2005-12-15,4.37,4.38,4.47,,10.0,,
2005-12-16,4.37,4.36,4.45,,8.0,,
2005-12-19,4.38,4.37,4.45,,7.0,,
2005-12-20,4.42,4.4,4.47,,5.0,,
2005-12-21,4.43,4.42,4.49,,6.0,,
2005-12-22,4.4,4.38,4.44,,4.0,,
2005-12-23,4.37,4.32,4.38,,1.0,,
2005-12-27,4.35,4.3,4.34,,-1.0,,
2005-12-28,4.37,4.32,4.38,,1.0,,
2005-12-29,4.38,4.33,4.37,,-1.0,,
2005-12-30,4.41,4.35,4.39,,-2.0,,
2006-01-03,4.34,4.3,4.37,,3.0,,
2006-01-04,4.31,4.28,4.36,,5.0,,
2006-01-05,4.32,4.29,4.36,,4.0,,
2006-01-06,4.36,4.32,4.38,,2.0,,
2006-01-09,4.36,4.32,4.38,,2.0,,
2006-01-10,4.41,4.36,4.43,,2.0,,
2006-01-11,4.44,4.39,4.46,,2.0,,
2006-01-12,4.39,4.35,4.42,,3.0,,
2006-01-13,4.34,4.28,4.36,,2.0,,
2006-01-17,4.33,4.27,4.34,,1.0,,
2006-01-18,4.33,4.28,4.34,,1.0,,
2006-01-19,4.37,4.31,4.38,,1.0,,
2006-01-20,4.37,4.31,4.37,,0.0,,
2006-01-23,4.35,4.3,4.36,,1.0,,
2006-01-24,4.37,4.32,4.4,,3.0,,
2006-01-25,4.46,4.41,4.49,,3.0,,
2006-01-26,4.49,4.44,4.53,,4.0,,
2006-01-27,4.51,4.45,4.52,,1.0,,
2006-01-30,4.52,4.46,4.54,,2.0,,
2006-01-31,4.54,4.47,4.53,,-1.0,,
2006-02-01,4.59,4.51,4.57,,-2.0,,
2006-02-02,4.59,4.51,4.57,,-2.0,,
2006-02-03,4.59,4.5,4.54,,-5.0,,
2006-02-06,4.62,4.51,4.55,,-7.0,,
2006-02-07,4.61,4.52,4.57,,-4.0,,
2006-02-08,4.64,4.55,4.56,,-8.0,,
2006-02-09,4.66,4.55,4.54,4.51,-12.0,-15.0,-4.0
2006-02-10,4.69,4.59,4.59,4.55,-10.0,-14.0,-4.0
2006-02-13,4.68,4.58,4.58,4.56,-10.0,-12.0,-2.0
2006-02-14,4.69,4.61,4.62,4.6,-7.0,-9.0,-1.0
2006-02-15,4.71,4.6,4.61,4.58,-10.0,-13.0,-2.0
2006-02-16,4.69,4.59,4.59,4.57,-10.0,-12.0,-2.0
2006-02-17,4.66,4.55,4.54,4.51,-12.0,-15.0,-4.0
2006-02-21,4.71,4.59,4.57,4.53,-14.0,-18.0,-6.0
2006-02-22,4.68,4.57,4.53,4.48,-15.0,-20.0,-9.0
2006-02-23,4.72,4.63,4.56,4.51,-16.0,-21.0,-12.0
2006-02-24,4.74,4.64,4.58,4.52,-16.0,-22.0,-12.0
2006-02-27,4.74,4.66,4.59,4.55,-15.0,-19.0,-11.0
2006-02-28,4.69,4.61,4.55,4.51,-14.0,-18.0,-10.0
2006-03-01,4.71,4.63,4.59,4.56,-12.0,-15.0,-7.0
2006-03-02,4.72,4.68,4.64,4.62,-8.0,-10.0,-6.0
2006-03-03,4.76,4.71,4.68,4.66,-8.0,-10.0,-5.0
2006-03-06,4.77,4.76,4.74,4.72,-3.0,-5.0,-4.0
2006-03-07,4.77,4.76,4.74,4.72,-3.0,-5.0,-4.0
2006-03-08,4.72,4.75,4.73,4.72,1.0,0.0,-3.0
2006-03-09,4.72,4.75,4.74,4.72,2.0,0.0,-3.0
2006-03-10,4.74,4.77,4.76,4.74,2.0,0.0,-3.0
2006-03-13,4.74,4.78,4.77,4.77,3.0,3.0,-1.0
2006-03-14,4.66,4.68,4.71,4.71,5.0,5.0,3.0
2006-03-15,4.69,4.69,4.73,4.75,4.0,6.0,6.0
2006-03-16,4.62,4.6,4.65,4.7,3.0,8.0,10.0
2006-03-17,4.65,4.62,4.68,4.72,3.0,7.0,10.0
2006-03-20,4.65,4.61,4.66,4.7,1.0,5.0,9.0
2006-03-21,4.72,4.68,4.71,4.74,-1.0,2.0,6.0
2006-03-22,4.74,4.69,4.7,4.73,-4.0,-1.0,4.0
2006-03-23,4.77,4.73,4.73,4.75,-4.0,-2.0,2.0
2006-03-24,4.72,4.66,4.67,4.7,-5.0,-2.0,4.0
2006-03-27,4.72,4.69,4.7,4.73,-2.0,1.0,4.0
2006-03-28,4.81,4.79,4.79,4.8,-2.0,-1.0,1.0
2006-03-29,4.82,4.79,4.81,4.84,-1.0,2.0,5.0
2006-03-30,4.84,4.83,4.86,4.89,2.0,5.0,6.0
2006-03-31,4.82,4.82,4.86,4.9,4.0,8.0,8.0
2006-04-03,4.86,4.85,4.88,4.9,2.0,4.0,5.0
2006-04-04,4.84,4.82,4.87,4.91,3.0,7.0,9.0
2006-04-05,4.81,4.79,4.84,4.9,3.0,9.0,11.0
2006-04-06,4.84,4.84,4.9,4.96,6.0,12.0,12.0
2006-04-07,4.89,4.89,4.97,5.04,8.0,15.0,15.0
2006-04-10,4.89,4.89,4.97,5.04,8.0,15.0,15.0
2006-04-11,4.88,4.86,4.93,5.0,5.0,12.0,14.0
2006-04-12,4.91,4.91,4.98,5.05,7.0,14.0,14.0
2006-04-13,4.96,4.97,5.05,5.11,9.0,15.0,14.0
2006-04-17,4.91,4.93,5.01,5.08,10.0,17.0,15.0
2006-04-18,4.84,4.87,4.99,5.07,15.0,23.0,20.0
2006-04-19,4.86,4.91,5.04,5.13,18.0,27.0,22.0
2006-04-20,4.89,4.92,5.04,5.14,15.0,25.0,22.0
2006-04-21,4.9,4.92,5.01,5.1,11.0,20.0,18.0
2006-04-24,4.89,4.9,4.99,5.07,10.0,18.0,17.0
2006-04-25,4.95,4.98,5.07,5.16,12.0,21.0,18.0
2006-04-26,4.99,5.02,5.12,5.18,13.0,19.0,16.0
2006-04-27,4.91,4.95,5.09,5.18,18.0,27.0,23.0
2006-04-28,4.87,4.92,5.07,5.17,20.0,30.0,25.0
2006-05-01,4.94,4.99,5.14,5.23,20.0,29.0,24.0
2006-05-02,4.92,4.98,5.12,5.2,20.0,28.0,22.0
2006-05-03,4.94,5.01,5.15,5.24,21.0,30.0,23.0
2006-05-04,4.97,5.03,5.16,5.23,19.0,26.0,20.0
2006-05-05,4.94,4.99,5.12,5.2,18.0,26.0,21.0
2006-05-08,4.97,5.01,5.12,5.19,15.0,22.0,18.0
2006-05-09,4.97,5.01,5.13,5.2,16.0,23.0,19.0
2006-05-10,5.01,5.03,5.13,5.19,12.0,18.0,16.0
2006-05-11,4.99,5.04,5.14,5.23,15.0,24.0,19.0
2006-05-12,5.01,5.08,5.19,5.29,18.0,28.0,21.0
2006-05-15,4.99,5.04,5.15,5.26,16.0,27.0,22.0
2006-05-16,4.96,4.99,5.1,5.22,14.0,26.0,23.0
2006-05-17,4.97,5.03,5.16,5.28,19.0,31.0,25.0
2006-05-18,4.94,4.96,5.08,5.18,14.0,24.0,22.0
2006-05-19,4.96,4.96,5.05,5.14,9.0,18.0,18.0
2006-05-22,4.94,4.94,5.04,5.13,10.0,19.0,19.0
2006-05-23,4.97,4.98,5.07,5.16,10.0,19.0,18.0
2006-05-24,4.94,4.93,5.03,5.13,9.0,19.0,20.0
2006-05-25,4.98,4.97,5.07,5.17,9.0,19.0,20.0
2006-05-26,4.96,4.95,5.06,5.16,10.0,20.0,21.0
2006-05-30,4.99,4.99,5.09,5.19,10.0,20.0,20.0
2006-05-31,5.04,5.04,5.12,5.21,8.0,17.0,17.0
2006-06-01,5.04,5.03,5.11,5.2,7.0,16.0,17.0
2006-06-02,4.92,4.9,5.0,5.1,8.0,18.0,20.0
2006-06-05,4.99,4.95,5.02,5.1,3.0,11.0,15.0
2006-06-06,4.99,4.95,5.01,5.08,2.0,9.0,13.0
2006-06-07,5.02,4.97,5.02,5.09,0.0,7.0,12.0
2006-06-08,5.01,4.95,5.0,5.06,-1.0,5.0,11.0
2006-06-09,5.01,4.95,4.98,5.03,-3.0,2.0,8.0
2006-06-12,5.02,4.95,4.99,5.03,-3.0,1.0,8.0
2006-06-13,5.02,4.93,4.97,5.01,-5.0,-1.0,8.0
2006-06-14,5.11,5.03,5.05,5.09,-6.0,-2.0,6.0
2006-06-15,5.14,5.08,5.1,5.13,-4.0,-1.0,5.0
2006-06-16,5.16,5.1,5.13,5.17,-3.0,1.0,7.0
2006-06-19,5.19,5.12,5.14,5.18,-5.0,-1.0,6.0
2006-06-20,5.19,5.13,5.15,5.19,-4.0,0.0,6.0
2006-06-21,5.2,5.14,5.16,5.19,-4.0,-1.0,5.0
2006-06-22,5.23,5.18,5.2,5.23,-3.0,0.0,5.0
2006-06-23,5.27,5.21,5.23,5.26,-4.0,-1.0,5.0
2006-06-26,5.27,5.22,5.25,5.28,-2.0,1.0,6.0
2006-06-27,5.24,5.19,5.21,5.24,-3.0,0.0,5.0
2006-06-28,5.29,5.23,5.25,5.28,-4.0,-1.0,5.0
2006-06-29,5.21,5.17,5.22,5.26,1.0,5.0,9.0
2006-06-30,5.16,5.1,5.15,5.19,-1.0,3.0,9.0
2006-07-03,5.17,5.11,5.15,5.2,-2.0,3.0,9.0
2006-07-05,5.24,5.19,5.23,5.27,-1.0,3.0,8.0
2006-07-06,5.22,5.15,5.19,5.23,-3.0,1.0,8.0
2006-07-07,5.17,5.1,5.14,5.18,-3.0,1.0,8.0
2006-07-10,5.17,5.1,5.13,5.17,-4.0,0.0,7.0
2006-07-11,5.17,5.07,5.1,5.14,-7.0,-3.0,7.0
2006-07-12,5.17,5.08,5.1,5.14,-7.0,-3.0,6.0
2006-07-13,5.12,5.04,5.08,5.12,-4.0,0.0,8.0
2006-07-14,5.08,5.02,5.07,5.11,-1.0,3.0,9.0
2006-07-17,5.12,5.04,5.07,5.1,-5.0,-2.0,6.0
2006-07-18,5.19,5.1,5.13,5.16,-6.0,-3.0,6.0
2006-07-19,5.12,5.02,5.06,5.1,-6.0,-2.0,8.0
2006-07-20,5.06,4.98,5.03,5.08,-3.0,2.0,10.0
2006-07-21,5.08,4.99,5.05,5.1,-3.0,2.0,11.0
2006-07-24,5.1,4.99,5.05,5.11,-5.0,1.0,12.0
2006-07-25,5.11,5.02,5.07,5.13,-4.0,2.0,11.0
2006-07-26,5.06,4.99,5.04,5.1,-2.0,4.0,11.0
2006-07-27,5.07,4.98,5.07,5.11,0.0,4.0,13.0
2006-07-28,4.98,4.92,5.0,5.07,2.0,9.0,15.0
2006-07-31,4.97,4.91,4.99,5.07,2.0,10.0,16.0
2006-08-01,4.97,4.9,4.99,5.07,2.0,10.0,17.0
2006-08-02,4.97,4.88,4.96,5.05,-1.0,8.0,17.0
2006-08-03,4.98,4.9,4.96,5.04,-2.0,6.0,14.0
2006-08-04,4.91,4.84,4.91,5.0,0.0,9.0,16.0
2006-08-07,4.96,4.86,4.93,5.0,-3.0,4.0,14.0
2006-08-08,4.91,4.85,4.93,5.02,2.0,11.0,17.0
2006-08-09,4.91,4.86,4.92,5.05,1.0,14.0,19.0
2006-08-10,4.93,4.86,4.93,5.06,0.0,13.0,20.0
2006-08-11,4.96,4.91,4.97,5.09,1.0,13.0,18.0
2006-08-14,5.01,4.95,5.0,5.12,-1.0,11.0,17.0
2006-08-15,4.94,4.88,4.93,5.05,-1.0,11.0,17.0
2006-08-16,4.87,4.81,4.87,5.0,0.0,13.0,19.0
2006-08-17,4.89,4.82,4.87,5.0,-2.0,11.0,18.0
2006-08-18,4.87,4.78,4.84,4.97,-3.0,10.0,19.0
2006-08-21,4.85,4.77,4.82,4.96,-3.0,11.0,19.0
2006-08-22,4.87,4.77,4.82,4.95,-5.0,8.0,18.0
2006-08-23,4.87,4.77,4.82,4.95,-5.0,8.0,18.0
2006-08-24,4.88,4.78,4.81,4.94,-7.0,6.0,16.0
2006-08-25,4.86,4.76,4.79,4.93,-7.0,7.0,17.0
2006-08-28,4.88,4.77,4.8,4.94,-8.0,6.0,17.0
2006-08-29,4.87,4.77,4.79,4.93,-8.0,6.0,16.0
2006-08-30,4.83,4.72,4.76,4.91,-7.0,8.0,19.0
2006-08-31,4.79,4.7,4.74,4.88,-5.0,9.0,18.0
2006-09-01,4.77,4.68,4.73,4.87,-4.0,10.0,19.0
2006-09-05,4.8,4.73,4.78,4.93,-2.0,13.0,20.0
2006-09-06,4.82,4.75,4.8,4.95,-2.0,13.0,20.0
2006-09-07,4.82,4.74,4.8,4.94,-2.0,12.0,20.0
2006-09-08,4.8,4.71,4.78,4.92,-2.0,12.0,21.0
2006-09-11,4.83,4.74,4.8,4.95,-3.0,12.0,21.0
2006-09-12,4.82,4.71,4.78,4.91,-4.0,9.0,20.0
2006-09-13,4.8,4.7,4.77,4.9,-3.0,10.0,20.0
2006-09-14,4.83,4.74,4.79,4.92,-4.0,9.0,18.0
2006-09-15,4.87,4.76,4.8,4.92,-7.0,5.0,16.0
2006-09-18,4.88,4.77,4.81,4.93,-7.0,5.0,16.0
2006-09-19,4.79,4.69,4.74,4.86,-5.0,7.0,17.0
2006-09-20,4.81,4.7,4.73,4.85,-8.0,4.0,15.0
2006-09-21,4.71,4.6,4.65,4.78,-6.0,7.0,18.0
2006-09-22,4.67,4.55,4.6,4.74,-7.0,7.0,19.0
2006-09-25,4.63,4.51,4.56,4.7,-7.0,7.0,19.0
2006-09-26,4.68,4.55,4.59,4.71,-9.0,3.0,16.0
2006-09-27,4.66,4.56,4.6,4.73,-6.0,7.0,17.0
2006-09-28,4.68,4.57,4.63,4.76,-5.0,8.0,19.0
2006-09-29,4.71,4.59,4.64,4.77,-7.0,6.0,18.0
2006-10-02,4.66,4.56,4.62,4.76,-4.0,10.0,20.0
2006-10-03,4.67,4.56,4.62,4.76,-5.0,9.0,20.0
2006-10-04,4.6,4.5,4.57,4.72,-3.0,12.0,22.0
2006-10-05,4.65,4.55,4.61,4.76,-4.0,11.0,21.0
2006-10-06,4.74,4.64,4.7,4.84,-4.0,10.0,20.0
2006-10-10,4.82,4.71,4.75,4.88,-7.0,6.0,17.0
2006-10-11,4.85,4.75,4.78,4.91,-7.0,6.0,16.0
2006-10-12,4.85,4.74,4.79,4.91,-6.0,6.0,17.0
2006-10-13,4.87,4.77,4.81,4.94,-6.0,7.0,17.0
2006-10-16,4.85,4.76,4.79,4.92,-6.0,7.0,16.0
2006-10-17,4.83,4.73,4.78,4.91,-5.0,8.0,18.0
2006-10-18,4.85,4.74,4.77,4.89,-8.0,4.0,15.0
2006-10-19,4.85,4.75,4.79,4.91,-6.0,6.0,16.0
2006-10-20,4.87,4.76,4.79,4.91,-8.0,4.0,15.0
2006-10-23,4.9,4.8,4.83,4.95,-7.0,5.0,15.0
2006-10-24,4.91,4.81,4.83,4.95,-8.0,4.0,14.0
2006-10-25,4.88,4.75,4.78,4.89,-10.0,1.0,14.0
2006-10-26,4.81,4.69,4.73,4.84,-8.0,3.0,15.0
2006-10-27,4.76,4.64,4.68,4.8,-8.0,4.0,16.0
2006-10-30,4.78,4.64,4.68,4.78,-10.0,0.0,14.0
2006-10-31,4.71,4.57,4.61,4.72,-10.0,1.0,15.0
2006-11-01,4.66,4.52,4.57,4.68,-9.0,2.0,16.0
2006-11-02,4.67,4.55,4.6,4.72,-7.0,5.0,17.0
2006-11-03,4.82,4.7,4.72,4.81,-10.0,-1.0,11.0
2006-11-06,4.82,4.69,4.71,4.79,-11.0,-3.0,10.0
2006-11-07,4.77,4.63,4.66,4.76,-11.0,-1.0,13.0
2006-11-08,4.75,4.61,4.64,4.73,-11.0,-2.0,12.0
2006-11-09,4.75,4.6,4.62,4.73,-13.0,-2.0,13.0
2006-11-10,4.73,4.57,4.59,4.69,-14.0,-4.0,12.0
2006-11-13,4.76,4.6,4.61,4.71,-15.0,-5.0,11.0
2006-11-14,4.74,4.57,4.57,4.66,-17.0,-8.0,9.0
2006-11-15,4.8,4.62,4.61,4.69,-19.0,-11.0,7.0
2006-11-16,4.85,4.67,4.66,4.74,-19.0,-11.0,7.0
2006-11-17,4.76,4.6,4.61,4.69,-15.0,-7.0,9.0
2006-11-20,4.76,4.6,4.6,4.68,-16.0,-8.0,8.0
2006-11-21,4.75,4.58,4.58,4.66,-17.0,-9.0,8.0
2006-11-22,4.74,4.57,4.57,4.65,-17.0,-9.0,8.0
2006-11-24,4.73,4.55,4.55,4.63,-18.0,-10.0,8.0
2006-11-27,4.71,4.54,4.54,4.62,-17.0,-9.0,8.0
2006-11-28,4.67,4.5,4.51,4.59,-16.0,-8.0,9.0
2006-11-29,4.69,4.51,4.52,4.61,-17.0,-8.0,10.0
2006-11-30,4.62,4.45,4.46,4.56,-16.0,-6.0,11.0
2006-12-01,4.52,4.39,4.43,4.54,-9.0,2.0,15.0
2006-12-04,4.52,4.39,4.43,4.55,-9.0,3.0,16.0
2006-12-05,4.52,4.39,4.45,4.57,-7.0,5.0,18.0
2006-12-06,4.59,4.44,4.48,4.6,-11.0,1.0,16.0
2006-12-07,4.58,4.45,4.49,4.6,-9.0,2.0,15.0
2006-12-08,4.68,4.53,4.56,4.66,-12.0,-2.0,13.0
2006-12-11,4.67,4.5,4.52,4.63,-15.0,-4.0,13.0
2006-12-12,4.61,4.45,4.49,4.6,-12.0,-1.0,15.0
2006-12-13,4.7,4.54,4.58,4.69,-12.0,-1.0,15.0
2006-12-14,4.73,4.58,4.6,4.72,-13.0,-1.0,14.0
2006-12-15,4.73,4.57,4.6,4.72,-13.0,-1.0,15.0
2006-12-18,4.71,4.57,4.6,4.72,-11.0,1.0,15.0
2006-12-19,4.71,4.57,4.6,4.73,-11.0,2.0,16.0
2006-12-20,4.71,4.57,4.6,4.73,-11.0,2.0,16.0
2006-12-21,4.66,4.52,4.55,4.7,-11.0,4.0,18.0
2006-12-22,4.71,4.59,4.63,4.76,-8.0,5.0,17.0
2006-12-26,4.71,4.58,4.61,4.73,-10.0,2.0,15.0
2006-12-27,4.77,4.64,4.66,4.78,-11.0,1.0,14.0
2006-12-28,4.82,4.69,4.7,4.81,-12.0,-1.0,12.0
2006-12-29,4.82,4.7,4.71,4.81,-11.0,-1.0,11.0
2007-01-02,4.8,4.68,4.68,4.79,-12.0,-1.0,11.0
2007-01-03,4.76,4.66,4.67,4.77,-9.0,1.0,11.0
2007-01-04,4.71,4.61,4.62,4.72,-9.0,1.0,11.0
2007-01-05,4.76,4.65,4.65,4.74,-11.0,-2.0,9.0
2007-01-08,4.78,4.66,4.66,4.74,-12.0,-4.0,8.0
2007-01-09,4.79,4.65,4.66,4.74,-13.0,-5.0,9.0
2007-01-10,4.81,4.68,4.69,4.77,-12.0,-4.0,9.0
2007-01-11,4.86,4.73,4.74,4.82,-12.0,-4.0,9.0
2007-01-12,4.88,4.76,4.77,4.86,-11.0,-2.0,10.0
2007-01-16,4.86,4.74,4.75,4.85,-11.0,-1.0,11.0
2007-01-17,4.91,4.78,4.79,4.88,-12.0,-3.0,10.0
2007-01-18,4.89,4.75,4.75,4.85,-14.0,-4.0,10.0
2007-01-19,4.93,4.78,4.78,4.87,-15.0,-6.0,9.0
2007-01-22,4.91,4.77,4.76,4.84,-15.0,-7.0,7.0
2007-01-23,4.94,4.81,4.81,4.9,-13.0,-4.0,9.0
2007-01-24,4.93,4.81,4.81,4.91,-12.0,-2.0,10.0
2007-01-25,4.98,4.85,4.87,4.96,-11.0,-2.0,11.0
2007-01-26,4.99,4.87,4.88,4.98,-11.0,-1.0,11.0
2007-01-29,4.99,4.89,4.9,4.99,-9.0,0.0,10.0
2007-01-30,4.98,4.86,4.88,4.98,-10.0,0.0,12.0
2007-01-31,4.94,4.82,4.83,4.93,-11.0,-1.0,11.0
2007-02-01,4.96,4.84,4.84,4.93,-12.0,-3.0,9.0
2007-02-02,4.94,4.82,4.83,4.93,-11.0,-1.0,11.0
2007-02-05,4.92,4.8,4.81,4.91,-11.0,-1.0,11.0
2007-02-06,4.9,4.76,4.77,4.87,-13.0,-3.0,11.0
2007-02-07,4.87,4.74,4.74,4.86,-13.0,-1.0,12.0
2007-02-08,4.87,4.73,4.73,4.81,-14.0,-6.0,8.0
2007-02-09,4.92,4.78,4.79,4.87,-13.0,-5.0,9.0
2007-02-12,4.94,4.8,4.8,4.88,-14.0,-6.0,8.0
2007-02-13,4.95,4.81,4.82,4.9,-13.0,-5.0,9.0
2007-02-14,4.87,4.72,4.74,4.83,-13.0,-4.0,11.0
2007-02-15,4.83,4.68,4.7,4.81,-13.0,-2.0,13.0
2007-02-16,4.83,4.68,4.69,4.79,-14.0,-4.0,11.0
2007-02-20,4.81,4.67,4.68,4.78,-13.0,-3.0,11.0
2007-02-21,4.82,4.68,4.69,4.79,-13.0,-3.0,11.0
2007-02-22,4.87,4.72,4.73,4.83,-14.0,-4.0,11.0
2007-02-23,4.82,4.67,4.68,4.79,-14.0,-3.0,12.0
2007-02-26,4.77,4.62,4.63,4.73,-14.0,-4.0,11.0
2007-02-27,4.59,4.46,4.5,4.62,-9.0,3.0,16.0
2007-02-28,4.65,4.52,4.56,4.68,-9.0,3.0,16.0
2007-03-01,4.63,4.5,4.56,4.68,-7.0,5.0,18.0
2007-03-02,4.56,4.46,4.52,4.65,-4.0,9.0,19.0
2007-03-05,4.53,4.45,4.51,4.64,-2.0,11.0,19.0
2007-03-06,4.58,4.48,4.53,4.66,-5.0,8.0,18.0
2007-03-07,4.54,4.45,4.5,4.64,-4.0,10.0,19.0
2007-03-08,4.56,4.45,4.51,4.65,-5.0,9.0,20.0
2007-03-09,4.66,4.55,4.59,4.72,-7.0,6.0,17.0
2007-03-12,4.62,4.5,4.56,4.69,-6.0,7.0,19.0
2007-03-13,4.52,4.41,4.5,4.66,-2.0,14.0,25.0
2007-03-14,4.54,4.44,4.53,4.69,-1.0,15.0,25.0
2007-03-15,4.57,4.46,4.54,4.69,-3.0,12.0,23.0
2007-03-16,4.58,4.47,4.55,4.7,-3.0,12.0,23.0
2007-03-19,4.61,4.5,4.58,4.72,-3.0,11.0,22.0
2007-03-20,4.6,4.47,4.56,4.71,-4.0,11.0,24.0
2007-03-21,4.51,4.43,4.53,4.7,2.0,19.0,27.0
2007-03-22,4.58,4.49,4.6,4.78,2.0,20.0,29.0
2007-03-23,4.6,4.52,4.62,4.8,2.0,20.0,28.0
2007-03-26,4.56,4.48,4.6,4.79,4.0,23.0,31.0
2007-03-27,4.58,4.5,4.62,4.81,4.0,23.0,31.0
2007-03-28,4.53,4.5,4.62,4.83,9.0,30.0,33.0
2007-03-29,4.58,4.53,4.64,4.83,6.0,25.0,30.0
2007-03-30,4.58,4.54,4.65,4.84,7.0,26.0,30.0
2007-04-02,4.6,4.54,4.65,4.84,5.0,24.0,30.0
2007-04-03,4.63,4.56,4.67,4.85,4.0,22.0,29.0
2007-04-04,4.61,4.55,4.66,4.85,5.0,24.0,30.0
2007-04-05,4.63,4.57,4.68,4.87,5.0,24.0,30.0
2007-04-06,4.75,4.67,4.76,4.92,1.0,17.0,25.0
2007-04-09,4.73,4.66,4.75,4.92,2.0,19.0,26.0
2007-04-10,4.71,4.63,4.73,4.91,2.0,20.0,28.0
2007-04-11,4.73,4.66,4.74,4.92,1.0,19.0,26.0
2007-04-12,4.73,4.66,4.74,4.91,1.0,18.0,25.0
2007-04-13,4.76,4.68,4.76,4.93,0.0,17.0,25.0
2007-04-16,4.74,4.67,4.74,4.89,0.0,15.0,22.0
2007-04-17,4.68,4.61,4.69,4.85,1.0,17.0,24.0
2007-04-18,4.64,4.56,4.66,4.81,2.0,17.0,25.0
2007-04-19,4.64,4.57,4.68,4.84,4.0,20.0,27.0
2007-04-20,4.64,4.57,4.68,4.85,4.0,21.0,28.0
2007-04-23,4.62,4.55,4.66,4.83,4.0,21.0,28.0
2007-04-24,4.58,4.51,4.63,4.8,5.0,22.0,29.0
2007-04-25,4.63,4.55,4.66,4.83,3.0,20.0,28.0
2007-04-26,4.67,4.59,4.69,4.87,2.0,20.0,28.0
2007-04-27,4.67,4.59,4.71,4.89,4.0,22.0,30.0
2007-04-30,4.6,4.51,4.63,4.81,3.0,21.0,30.0
2007-05-01,4.63,4.54,4.64,4.81,1.0,18.0,27.0
2007-05-02,4.65,4.55,4.65,4.82,0.0,17.0,27.0
2007-05-03,4.71,4.59,4.68,4.84,-3.0,13.0,25.0
2007-05-04,4.68,4.55,4.65,4.8,-3.0,12.0,25.0
2007-05-07,4.68,4.55,4.64,4.79,-4.0,11.0,24.0
2007-05-08,4.68,4.54,4.63,4.8,-5.0,12.0,26.0
2007-05-09,4.73,4.58,4.67,4.83,-6.0,10.0,25.0
2007-05-10,4.7,4.56,4.65,4.83,-5.0,13.0,27.0
2007-05-11,4.71,4.58,4.67,4.85,-4.0,14.0,27.0
2007-05-14,4.73,4.61,4.69,4.86,-4.0,13.0,25.0
2007-05-15,4.75,4.63,4.71,4.88,-4.0,13.0,25.0
2007-05-16,4.73,4.62,4.71,4.88,-2.0,15.0,26.0
2007-05-17,4.78,4.68,4.76,4.91,-2.0,13.0,23.0
2007-05-18,4.82,4.74,4.81,4.96,-1.0,14.0,22.0
2007-05-21,4.81,4.71,4.79,4.94,-2.0,13.0,23.0
2007-05-22,4.83,4.76,4.83,4.98,0.0,15.0,22.0
2007-05-23,4.85,4.79,4.86,5.01,1.0,16.0,22.0
2007-05-24,4.85,4.79,4.86,5.0,1.0,15.0,21.0
2007-05-25,4.85,4.8,4.86,5.01,1.0,16.0,21.0
2007-05-29,4.88,4.82,4.88,5.01,0.0,13.0,19.0
2007-05-30,4.89,4.83,4.88,5.01,-1.0,12.0,18.0
2007-05-31,4.92,4.86,4.9,5.01,-2.0,9.0,15.0
2007-06-01,4.97,4.92,4.95,5.06,-2.0,9.0,14.0
2007-06-04,4.97,4.91,4.93,5.02,-4.0,5.0,11.0
2007-06-05,4.99,4.96,4.98,5.07,-1.0,8.0,11.0
2007-06-06,4.97,4.94,4.97,5.08,0.0,11.0,14.0
2007-06-07,5.03,5.05,5.11,5.2,8.0,17.0,15.0
2007-06-08,5.01,5.06,5.12,5.22,11.0,21.0,16.0
2007-06-11,5.01,5.07,5.14,5.24,13.0,23.0,17.0
2007-06-12,5.08,5.18,5.26,5.35,18.0,27.0,17.0
2007-06-13,5.08,5.13,5.2,5.28,12.0,20.0,15.0
2007-06-14,5.1,5.16,5.23,5.3,13.0,20.0,14.0
2007-06-15,5.05,5.1,5.16,5.26,11.0,21.0,16.0
2007-06-18,5.01,5.07,5.15,5.26,14.0,25.0,19.0
2007-06-19,4.94,5.0,5.09,5.2,15.0,26.0,20.0
2007-06-20,4.97,5.05,5.14,5.24,17.0,27.0,19.0
2007-06-21,4.98,5.06,5.16,5.28,18.0,30.0,22.0
2007-06-22,4.92,5.02,5.14,5.25,22.0,33.0,23.0
2007-06-25,4.87,4.97,5.09,5.2,22.0,33.0,23.0
2007-06-26,4.9,4.99,5.1,5.22,20.0,32.0,23.0
2007-06-27,4.91,4.97,5.09,5.2,18.0,29.0,23.0
2007-06-28,4.96,5.02,5.12,5.22,16.0,26.0,20.0
2007-06-29,4.87,4.92,5.03,5.12,16.0,25.0,20.0
2007-07-02,4.86,4.9,5.0,5.09,14.0,23.0,19.0
2007-07-03,4.89,4.95,5.05,5.14,16.0,25.0,19.0
2007-07-05,4.99,5.05,5.16,5.24,17.0,25.0,19.0
2007-07-06,4.99,5.1,5.19,5.28,20.0,29.0,18.0
2007-07-09,4.97,5.07,5.16,5.25,19.0,28.0,18.0
2007-07-10,4.85,4.93,5.03,5.14,18.0,29.0,21.0
2007-07-11,4.89,4.98,5.09,5.18,20.0,29.0,20.0
2007-07-12,4.94,5.03,5.13,5.22,19.0,28.0,19.0
2007-07-13,4.94,5.01,5.11,5.19,17.0,25.0,18.0
2007-07-16,4.89,4.95,5.05,5.14,16.0,25.0,19.0
2007-07-17,4.91,4.98,5.08,5.16,17.0,25.0,18.0
2007-07-18,4.84,4.91,5.02,5.1,18.0,26.0,19.0
2007-07-19,4.87,4.94,5.04,5.12,17.0,25.0,18.0
2007-07-20,4.79,4.85,4.96,5.07,17.0,28.0,22.0
2007-07-23,4.8,4.86,4.97,5.07,17.0,27.0,21.0
2007-07-24,4.77,4.82,4.94,5.05,17.0,28.0,23.0
2007-07-25,4.74,4.8,4.92,5.04,18.0,30.0,24.0
2007-07-26,4.56,4.61,4.79,4.95,23.0,39.0,34.0
2007-07-27,4.56,4.6,4.8,4.95,24.0,39.0,35.0
2007-07-30,4.59,4.64,4.82,4.97,23.0,38.0,33.0
2007-07-31,4.56,4.6,4.78,4.92,22.0,36.0,32.0
2007-08-01,4.56,4.6,4.76,4.9,20.0,34.0,30.0
2007-08-02,4.59,4.62,4.77,4.91,18.0,32.0,29.0
2007-08-03,4.46,4.52,4.71,4.87,25.0,41.0,35.0
2007-08-06,4.46,4.52,4.72,4.89,26.0,43.0,37.0
2007-08-07,4.56,4.6,4.77,4.92,21.0,36.0,32.0
2007-08-08,4.64,4.69,4.84,5.01,20.0,37.0,32.0
2007-08-09,4.49,4.58,4.79,5.02,30.0,53.0,44.0
2007-08-10,4.47,4.59,4.81,5.03,34.0,56.0,44.0
2007-08-13,4.46,4.57,4.78,5.01,32.0,55.0,44.0
2007-08-14,4.39,4.51,4.73,4.99,34.0,60.0,48.0
2007-08-15,4.27,4.41,4.69,5.0,42.0,73.0,59.0
2007-08-16,4.08,4.26,4.6,4.92,52.0,84.0,66.0
2007-08-17,4.18,4.35,4.68,5.0,50.0,82.0,65.0
2007-08-20,4.11,4.32,4.64,4.98,53.0,87.0,66.0
2007-08-21,4.05,4.27,4.6,4.95,55.0,90.0,68.0
2007-08-22,4.15,4.34,4.63,4.96,48.0,81.0,62.0
2007-08-23,4.2,4.36,4.62,4.93,42.0,73.0,57.0
2007-08-24,4.3,4.42,4.63,4.88,33.0,58.0,46.0
2007-08-27,4.28,4.39,4.6,4.87,32.0,59.0,48.0
2007-08-28,4.13,4.25,4.53,4.86,40.0,73.0,61.0
2007-08-29,4.14,4.31,4.57,4.88,43.0,74.0,57.0
2007-08-30,4.08,4.21,4.51,4.83,43.0,75.0,62.0
2007-08-31,4.15,4.25,4.54,4.83,39.0,68.0,58.0
2007-09-04,4.13,4.26,4.56,4.84,43.0,71.0,58.0
2007-09-05,4.03,4.16,4.48,4.78,45.0,75.0,62.0
2007-09-06,4.08,4.2,4.51,4.79,43.0,71.0,59.0
2007-09-07,3.9,4.03,4.38,4.7,48.0,80.0,67.0
2007-09-10,3.87,4.0,4.34,4.65,47.0,78.0,65.0
2007-09-11,3.95,4.07,4.37,4.65,42.0,70.0,58.0
2007-09-12,3.95,4.11,4.41,4.68,46.0,73.0,57.0
2007-09-13,4.08,4.22,4.49,4.75,41.0,67.0,53.0
2007-09-14,4.05,4.18,4.47,4.72,42.0,67.0,54.0
2007-09-17,4.08,4.21,4.48,4.72,40.0,64.0,51.0
2007-09-18,4.0,4.19,4.5,4.77,50.0,77.0,58.0
2007-09-19,4.0,4.2,4.53,4.83,53.0,83.0,63.0
2007-09-20,4.1,4.35,4.69,4.96,59.0,86.0,61.0
2007-09-21,4.06,4.31,4.64,4.89,58.0,83.0,58.0
2007-09-24,4.05,4.31,4.63,4.88,58.0,83.0,57.0
2007-09-25,4.0,4.26,4.63,4.89,63.0,89.0,63.0
2007-09-26,3.97,4.27,4.63,4.9,66.0,93.0,63.0
2007-09-27,3.95,4.22,4.58,4.84,63.0,89.0,62.0
2007-09-28,3.97,4.23,4.59,4.83,62.0,86.0,60.0
2007-10-01,4.02,4.24,4.56,4.79,54.0,77.0,55.0
2007-10-02,3.98,4.2,4.54,4.77,56.0,79.0,57.0
2007-10-03,4.02,4.24,4.55,4.79,53.0,77.0,55.0
2007-10-04,4.0,4.22,4.54,4.77,54.0,77.0,55.0
2007-10-05,4.08,4.33,4.65,4.87,57.0,79.0,54.0
2007-10-09,4.15,4.38,4.67,4.87,52.0,72.0,49.0
2007-10-10,4.15,4.37,4.65,4.86,50.0,71.0,49.0
2007-10-11,4.13,4.36,4.66,4.87,53.0,74.0,51.0
2007-10-12,4.23,4.42,4.7,4.91,47.0,68.0,49.0
2007-10-15,4.22,4.4,4.69,4.91,47.0,69.0,51.0
2007-10-16,4.12,4.34,4.66,4.9,54.0,78.0,56.0
2007-10-17,4.0,4.22,4.57,4.82,57.0,82.0,60.0
2007-10-18,3.93,4.17,4.52,4.78,59.0,85.0,61.0
2007-10-19,3.8,4.03,4.41,4.68,61.0,88.0,65.0
2007-10-22,3.85,4.08,4.42,4.68,57.0,83.0,60.0
2007-10-23,3.81,4.06,4.41,4.69,60.0,88.0,63.0
2007-10-24,3.74,3.99,4.36,4.64,62.0,90.0,65.0
2007-10-25,3.74,4.01,4.37,4.66,63.0,92.0,65.0
2007-10-26,3.77,4.04,4.41,4.68,64.0,91.0,64.0
2007-10-29,3.79,4.04,4.39,4.66,60.0,87.0,62.0
2007-10-30,3.82,4.06,4.4,4.68,58.0,86.0,62.0
2007-10-31,3.94,4.16,4.48,4.74,54.0,80.0,58.0
2007-11-01,3.77,4.02,4.36,4.64,59.0,87.0,62.0
2007-11-02,3.66,3.93,4.31,4.61,65.0,95.0,68.0
2007-11-05,3.69,3.96,4.35,4.63,66.0,94.0,67.0
2007-11-06,3.7,3.99,4.38,4.66,68.0,96.0,67.0
2007-11-07,3.61,3.92,4.34,4.67,73.0,106.0,75.0
2007-11-08,3.47,3.81,4.28,4.67,81.0,120.0,86.0
2007-11-09,3.42,3.77,4.23,4.61,81.0,119.0,84.0
2007-11-13,3.54,3.84,4.26,4.61,72.0,107.0,77.0
2007-11-14,3.57,3.86,4.28,4.61,71.0,104.0,75.0
2007-11-15,3.35,3.71,4.17,4.54,82.0,119.0,83.0
2007-11-16,3.33,3.68,4.15,4.52,82.0,119.0,84.0
2007-11-19,3.18,3.57,4.07,4.47,89.0,129.0,90.0
2007-11-20,3.14,3.52,4.06,4.49,92.0,135.0,97.0
2007-11-21,2.99,3.4,4.0,4.46,101.0,147.0,106.0
2007-11-23,3.07,3.42,4.01,4.43,94.0,136.0,101.0
2007-11-26,2.92,3.23,3.83,4.26,91.0,134.0,103.0
2007-11-27,3.05,3.38,3.95,4.36,90.0,131.0,98.0
2007-11-28,3.17,3.5,4.03,4.41,86.0,124.0,91.0
2007-11-29,3.06,3.42,3.94,4.35,88.0,129.0,93.0
2007-11-30,3.04,3.41,3.97,4.4,93.0,136.0,99.0
2007-12-03,2.9,3.28,3.89,4.34,99.0,144.0,106.0
2007-12-04,2.9,3.28,3.89,4.34,99.0,144.0,106.0
2007-12-05,2.9,3.28,3.92,4.39,102.0,149.0,111.0
2007-12-06,3.03,3.39,4.02,4.49,99.0,146.0,110.0
2007-12-07,3.12,3.51,4.12,4.58,100.0,146.0,107.0
2007-12-10,3.17,3.54,4.15,4.6,98.0,143.0,106.0
2007-12-11,2.94,3.32,3.98,4.47,104.0,153.0,115.0
2007-12-12,3.07,3.41,4.05,4.51,98.0,144.0,110.0
2007-12-13,3.21,3.54,4.18,4.61,97.0,140.0,107.0
2007-12-14,3.31,3.63,4.24,4.66,93.0,135.0,103.0
2007-12-17,3.24,3.57,4.2,4.62,96.0,138.0,105.0
2007-12-18,3.19,3.53,4.14,4.55,95.0,136.0,102.0
2007-12-19,3.12,3.46,4.06,4.47,94.0,135.0,101.0
2007-12-20,3.09,3.45,4.04,4.46,95.0,137.0,101.0
2007-12-21,3.19,3.58,4.18,4.58,99.0,139.0,100.0
2007-12-24,3.24,3.65,4.23,4.62,99.0,138.0,97.0
2007-12-26,3.31,3.72,4.3,4.68,99.0,137.0,96.0
2007-12-27,3.24,3.64,4.21,4.61,97.0,137.0,97.0
2007-12-28,3.12,3.52,4.11,4.51,99.0,139.0,99.0
2007-12-31,3.05,3.45,4.04,4.45,99.0,140.0,100.0
2008-01-02,2.88,3.28,3.91,4.35,103.0,147.0,107.0
2008-01-03,2.83,3.26,3.91,4.37,108.0,154.0,111.0
2008-01-04,2.74,3.18,3.88,4.36,114.0,162.0,118.0
2008-01-07,2.76,3.16,3.86,4.34,110.0,158.0,118.0
2008-01-08,2.76,3.16,3.86,4.35,110.0,159.0,119.0
2008-01-09,2.69,3.1,3.82,4.32,113.0,163.0,122.0
2008-01-10,2.71,3.16,3.91,4.44,120.0,173.0,128.0
2008-01-11,2.59,3.06,3.82,4.39,123.0,180.0,133.0
2008-01-14,2.58,3.08,3.81,4.37,123.0,179.0,129.0
2008-01-15,2.53,3.0,3.72,4.28,119.0,175.0,128.0
2008-01-16,2.51,3.0,3.74,4.32,123.0,181.0,132.0
2008-01-17,2.44,2.9,3.66,4.25,122.0,181.0,135.0
2008-01-18,2.36,2.86,3.66,4.28,130.0,192.0,142.0
2008-01-22,2.08,2.64,3.52,4.23,144.0,215.0,159.0
2008-01-23,2.09,2.64,3.51,4.23,142.0,214.0,159.0
2008-01-24,2.25,2.85,3.68,4.36,143.0,211.0,151.0
2008-01-25,2.23,2.81,3.61,4.28,138.0,205.0,147.0
2008-01-28,2.2,2.8,3.61,4.29,141.0,209.0,149.0
2008-01-29,2.29,2.87,3.69,4.34,140.0,205.0,147.0
2008-01-30,2.3,2.96,3.78,4.44,148.0,214.0,148.0
2008-01-31,2.17,2.82,3.67,4.35,150.0,218.0,153.0
2008-02-01,2.09,2.75,3.62,4.32,153.0,223.0,157.0
2008-02-04,2.08,2.78,3.68,4.37,160.0,229.0,159.0
2008-02-05,1.93,2.66,3.61,4.33,168.0,240.0,167.0
2008-02-06,1.96,2.67,3.61,4.37,165.0,241.0,170.0
2008-02-07,1.99,2.79,3.74,4.51,175.0,252.0,172.0
2008-02-08,1.93,2.69,3.64,4.43,171.0,250.0,174.0
2008-02-11,1.93,2.67,3.62,4.41,169.0,248.0,174.0
2008-02-12,1.94,2.71,3.66,4.46,172.0,252.0,175.0
2008-02-13,1.91,2.71,3.7,4.52,179.0,261.0,181.0
2008-02-14,1.93,2.81,3.85,4.67,192.0,274.0,186.0
2008-02-15,1.91,2.76,3.76,4.58,185.0,267.0,182.0
2008-02-19,2.06,2.93,3.89,4.66,183.0,260.0,173.0
2008-02-20,2.14,3.02,3.93,4.65,179.0,251.0,163.0
2008-02-21,1.98,2.8,3.77,4.54,179.0,256.0,174.0
2008-02-22,1.98,2.81,3.79,4.58,181.0,260.0,177.0
2008-02-25,2.13,2.98,3.91,4.67,178.0,254.0,169.0
2008-02-26,2.04,2.92,3.88,4.66,184.0,262.0,174.0
2008-02-27,2.01,2.89,3.85,4.65,184.0,264.0,176.0
2008-02-28,1.87,2.73,3.71,4.55,184.0,268.0,182.0
2008-02-29,1.65,2.5,3.53,4.41,188.0,276.0,191.0
2008-03-03,1.61,2.48,3.54,4.42,193.0,281.0,194.0
2008-03-04,1.65,2.53,3.63,4.52,198.0,287.0,199.0
2008-03-05,1.66,2.59,3.7,4.6,204.0,294.0,201.0
2008-03-06,1.53,2.5,3.62,4.57,209.0,304.0,207.0
2008-03-07,1.53,2.45,3.56,4.55,203.0,302.0,210.0
2008-03-10,1.47,2.37,3.46,4.45,199.0,298.0,208.0
2008-03-11,1.74,2.61,3.6,4.53,186.0,279.0,192.0
2008-03-12,1.63,2.49,3.49,4.4,186.0,277.0,191.0
2008-03-13,1.63,2.53,3.56,4.47,193.0,284.0,194.0
2008-03-14,1.47,2.37,3.44,4.35,197.0,288.0,198.0
2008-03-17,1.35,2.23,3.34,4.29,199.0,294.0,206.0
2008-03-18,1.58,2.42,3.48,4.35,190.0,277.0,193.0
2008-03-19,1.54,2.36,3.38,4.22,184.0,268.0,186.0
2008-03-20,1.59,2.36,3.34,4.17,175.0,258.0,181.0
2008-03-24,1.84,2.64,3.56,4.33,172.0,249.0,169.0
2008-03-25,1.79,2.61,3.51,4.3,172.0,251.0,169.0
2008-03-26,1.71,2.55,3.51,4.33,180.0,262.0,178.0
2008-03-27,1.73,2.61,3.56,4.38,183.0,265.0,177.0
2008-03-28,1.67,2.51,3.47,4.33,180.0,266.0,182.0
2008-03-31,1.62,2.46,3.45,4.3,183.0,268.0,184.0
2008-04-01,1.8,2.65,3.57,4.4,177.0,260.0,175.0
2008-04-02,1.88,2.72,3.6,4.38,172.0,250.0,166.0
2008-04-03,1.91,2.75,3.61,4.4,170.0,249.0,165.0
2008-04-04,1.83,2.63,3.5,4.32,167.0,249.0,169.0
2008-04-07,1.95,2.75,3.57,4.36,162.0,241.0,161.0
2008-04-08,1.87,2.72,3.58,4.37,171.0,250.0,165.0
2008-04-09,1.77,2.59,3.49,4.31,172.0,254.0,172.0
2008-04-10,1.84,2.66,3.55,4.34,171.0,250.0,168.0
2008-04-11,1.76,2.57,3.49,4.3,173.0,254.0,173.0
2008-04-14,1.78,2.6,3.53,4.35,175.0,257.0,175.0
2008-04-15,1.84,2.68,3.6,4.42,176.0,258.0,174.0
2008-04-16,1.98,2.82,3.72,4.54,174.0,256.0,172.0
2008-04-17,2.13,2.9,3.75,4.54,162.0,241.0,164.0
2008-04-18,2.19,2.95,3.77,4.51,158.0,232.0,156.0
2008-04-21,2.2,2.95,3.75,4.48,155.0,228.0,153.0
2008-04-22,2.24,2.96,3.74,4.46,150.0,222.0,150.0
2008-04-23,2.22,2.98,3.77,4.49,155.0,227.0,151.0
2008-04-24,2.41,3.15,3.87,4.56,146.0,215.0,141.0
2008-04-25,2.44,3.2,3.91,4.61,147.0,217.0,141.0
2008-04-28,2.36,3.14,3.86,4.57,150.0,221.0,143.0
2008-04-29,2.35,3.11,3.85,4.55,150.0,220.0,144.0
2008-04-30,2.29,3.03,3.77,4.49,148.0,220.0,146.0
2008-05-01,2.37,3.06,3.78,4.49,141.0,212.0,143.0
2008-05-02,2.47,3.18,3.89,4.57,142.0,210.0,139.0
2008-05-05,2.42,3.14,3.88,4.58,146.0,216.0,144.0
2008-05-06,2.38,3.15,3.93,4.64,155.0,226.0,149.0
2008-05-07,2.31,3.09,3.87,4.61,156.0,230.0,152.0
2008-05-08,2.25,2.99,3.79,4.5,154.0,225.0,151.0
2008-05-09,2.25,2.98,3.77,4.53,152.0,228.0,155.0
2008-05-12,2.3,3.0,3.78,4.53,148.0,223.0,153.0
2008-05-13,2.47,3.17,3.9,4.62,143.0,215.0,145.0
2008-05-14,2.53,3.22,3.92,4.63,139.0,210.0,141.0
2008-05-15,2.45,3.1,3.83,4.56,138.0,211.0,146.0
2008-05-16,2.47,3.12,3.85,4.58,138.0,211.0,146.0
2008-05-19,2.42,3.09,3.83,4.56,141.0,214.0,147.0
2008-05-20,2.34,3.02,3.78,4.53,144.0,219.0,151.0
2008-05-21,2.41,3.09,3.81,4.55,140.0,214.0,146.0
2008-05-22,2.56,3.24,3.92,4.63,136.0,207.0,139.0
2008-05-23,2.46,3.15,3.85,4.57,139.0,211.0,142.0
2008-05-27,2.55,3.25,3.93,4.65,138.0,210.0,140.0
2008-05-28,2.62,3.36,4.03,4.71,141.0,209.0,135.0
2008-05-29,2.67,3.41,4.08,4.76,141.0,209.0,135.0
2008-05-30,2.66,3.41,4.06,4.72,140.0,206.0,131.0
2008-06-02,2.51,3.28,3.98,4.68,147.0,217.0,140.0
2008-06-03,2.45,3.21,3.92,4.63,147.0,218.0,142.0
2008-06-04,2.47,3.26,3.98,4.71,151.0,224.0,145.0
2008-06-05,2.52,3.34,4.06,4.75,154.0,223.0,141.0
2008-06-06,2.4,3.2,3.94,4.65,154.0,225.0,145.0
2008-06-09,2.73,3.41,4.02,4.64,129.0,191.0,123.0
2008-06-10,2.91,3.54,4.11,4.7,120.0,179.0,116.0
2008-06-11,2.83,3.49,4.1,4.72,127.0,189.0,123.0
2008-06-12,3.03,3.68,4.23,4.77,120.0,174.0,109.0
2008-06-13,3.05,3.73,4.27,4.79,122.0,174.0,106.0
2008-06-16,3.02,3.73,4.25,4.77,123.0,175.0,104.0
2008-06-17,2.94,3.66,4.23,4.78,129.0,184.0,112.0
2008-06-18,2.89,3.57,4.16,4.72,127.0,183.0,115.0
2008-06-19,2.99,3.67,4.22,4.76,123.0,177.0,109.0
2008-06-20,2.88,3.57,4.16,4.71,128.0,183.0,114.0
2008-06-23,2.98,3.65,4.19,4.71,121.0,173.0,106.0
2008-06-24,2.87,3.52,4.1,4.65,123.0,178.0,113.0
2008-06-25,2.82,3.54,4.12,4.65,130.0,183.0,111.0
2008-06-26,2.68,3.44,4.07,4.62,139.0,194.0,118.0
2008-06-27,2.65,3.36,3.99,4.53,134.0,188.0,117.0
2008-06-30,2.63,3.34,3.99,4.53,136.0,190.0,119.0
2008-07-01,2.63,3.33,4.01,4.55,138.0,192.0,122.0
2008-07-02,2.6,3.31,3.99,4.51,139.0,191.0,120.0
2008-07-03,2.54,3.28,3.99,4.53,145.0,199.0,125.0
2008-07-07,2.47,3.23,3.95,4.51,148.0,204.0,128.0
2008-07-08,2.47,3.19,3.91,4.46,144.0,199.0,127.0
2008-07-09,2.41,3.11,3.85,4.42,144.0,201.0,131.0
2008-07-10,2.44,3.1,3.83,4.42,139.0,198.0,132.0
2008-07-11,2.59,3.27,3.96,4.52,137.0,193.0,125.0
2008-07-14,2.47,3.2,3.9,4.47,143.0,200.0,127.0
2008-07-15,2.39,3.12,3.87,4.48,148.0,209.0,136.0
2008-07-16,2.44,3.2,3.97,4.59,153.0,215.0,139.0
2008-07-17,2.58,3.35,4.07,4.65,149.0,207.0,130.0
2008-07-18,2.66,3.42,4.11,4.66,145.0,200.0,124.0
2008-07-21,2.66,3.41,4.09,4.64,143.0,198.0,123.0
2008-07-22,2.74,3.48,4.14,4.67,140.0,193.0,119.0
2008-07-23,2.81,3.51,4.16,4.69,135.0,188.0,118.0
2008-07-24,2.61,3.37,4.03,4.6,142.0,199.0,123.0
2008-07-25,2.7,3.45,4.13,4.69,143.0,199.0,124.0
2008-07-28,2.59,3.34,4.06,4.63,147.0,204.0,129.0
2008-07-29,2.65,3.39,4.09,4.64,144.0,199.0,125.0
2008-07-30,2.64,3.36,4.07,4.64,143.0,200.0,128.0
2008-07-31,2.52,3.25,3.99,4.59,147.0,207.0,134.0
2008-08-01,2.51,3.23,3.97,4.57,146.0,206.0,134.0
2008-08-04,2.53,3.23,3.98,4.58,145.0,205.0,135.0
2008-08-05,2.54,3.28,4.04,4.63,150.0,209.0,135.0
2008-08-06,2.56,3.3,4.06,4.68,150.0,212.0,138.0
2008-08-07,2.43,3.16,3.92,4.56,149.0,213.0,140.0
2008-08-08,2.51,3.21,3.94,4.55,143.0,204.0,134.0
2008-08-11,2.56,3.27,3.99,4.61,143.0,205.0,134.0
2008-08-12,2.45,3.16,3.91,4.55,146.0,210.0,139.0
2008-08-13,2.5,3.21,3.94,4.57,144.0,207.0,136.0
2008-08-14,2.45,3.15,3.89,4.52,144.0,207.0,137.0
2008-08-15,2.4,3.11,3.84,4.47,144.0,207.0,136.0
2008-08-18,2.35,3.07,3.82,4.44,147.0,209.0,137.0
2008-08-19,2.32,3.07,3.83,4.47,151.0,215.0,140.0
2008-08-20,2.25,3.0,3.79,4.43,154.0,218.0,143.0
2008-08-21,2.33,3.08,3.84,4.46,151.0,213.0,138.0
2008-08-22,2.42,3.14,3.87,4.46,145.0,204.0,132.0
2008-08-25,2.33,3.04,3.79,4.4,146.0,207.0,136.0
2008-08-26,2.35,3.06,3.79,4.4,144.0,205.0,134.0
2008-08-27,2.31,3.02,3.77,4.38,146.0,207.0,136.0
2008-08-28,2.37,3.09,3.79,4.38,142.0,201.0,129.0
2008-08-29,2.36,3.1,3.83,4.43,147.0,207.0,133.0
2008-09-02,2.26,3.0,3.74,4.36,148.0,210.0,136.0
2008-09-03,2.26,2.95,3.71,4.32,145.0,206.0,137.0
2008-09-04,2.2,2.87,3.64,4.27,144.0,207.0,140.0
2008-09-05,2.23,2.91,3.66,4.27,143.0,204.0,136.0
2008-09-08,2.3,2.96,3.66,4.26,136.0,196.0,130.0
2008-09-09,2.23,2.9,3.62,4.2,139.0,197.0,130.0
2008-09-10,2.22,2.91,3.65,4.23,143.0,201.0,132.0
2008-09-11,2.18,2.87,3.64,4.2,146.0,202.0,133.0
2008-09-12,2.23,2.97,3.74,4.32,151.0,209.0,135.0
2008-09-15,1.78,2.59,3.47,4.12,169.0,234.0,153.0
2008-09-16,1.89,2.64,3.48,4.08,159.0,219.0,144.0
2008-09-17,1.64,2.52,3.41,4.08,177.0,244.0,156.0
2008-09-18,1.78,2.67,3.54,4.14,176.0,236.0,147.0
2008-09-19,2.16,3.01,3.78,4.36,162.0,220.0,135.0
2008-09-22,2.13,3.04,3.83,4.41,170.0,228.0,137.0
2008-09-23,2.11,3.03,3.85,4.43,174.0,232.0,140.0
2008-09-24,2.03,2.91,3.8,4.4,177.0,237.0,149.0
2008-09-25,2.16,3.09,3.88,4.4,172.0,224.0,131.0
2008-09-26,2.11,3.05,3.85,4.36,174.0,225.0,131.0
2008-09-29,1.7,2.7,3.61,4.13,191.0,243.0,143.0
2008-09-30,2.0,2.98,3.85,4.31,185.0,231.0,133.0
2008-10-01,1.82,2.87,3.77,4.22,195.0,240.0,135.0
2008-10-02,1.62,2.68,3.66,4.16,204.0,254.0,148.0
2008-10-03,1.6,2.64,3.63,4.11,203.0,251.0,147.0
2008-10-06,1.43,2.45,3.48,3.99,205.0,256.0,154.0
2008-10-07,1.47,2.45,3.5,4.01,203.0,254.0,156.0
2008-10-08,1.65,2.7,3.72,4.09,207.0,244.0,139.0
2008-10-09,1.65,2.79,3.84,4.14,219.0,249.0,135.0
2008-10-10,1.62,2.77,3.89,4.15,227.0,253.0,138.0
2008-10-14,1.82,3.01,4.08,4.27,226.0,245.0,126.0
2008-10-15,1.64,2.9,4.04,4.25,240.0,261.0,135.0
2008-10-16,1.61,2.84,3.99,4.25,238.0,264.0,141.0
2008-10-17,1.64,2.83,3.98,4.32,234.0,268.0,149.0
2008-10-20,1.71,2.82,3.91,4.26,220.0,255.0,144.0
2008-10-21,1.58,2.63,3.76,4.2,218.0,262.0,157.0
2008-10-22,1.53,2.56,3.65,4.07,212.0,254.0,151.0
2008-10-23,1.54,2.57,3.63,3.99,209.0,245.0,142.0
2008-10-24,1.57,2.64,3.76,4.11,219.0,254.0,147.0
2008-10-27,1.59,2.67,3.79,4.12,220.0,253.0,145.0
2008-10-28,1.65,2.75,3.89,4.19,224.0,254.0,144.0
2008-10-29,1.58,2.77,3.93,4.26,235.0,268.0,149.0
2008-10-30,1.59,2.84,4.0,4.3,241.0,271.0,146.0
2008-10-31,1.56,2.8,4.01,4.35,245.0,279.0,155.0
2008-11-03,1.45,2.71,3.96,4.33,251.0,288.0,162.0
2008-11-04,1.39,2.56,3.81,4.2,242.0,281.0,164.0
2008-11-05,1.36,2.5,3.73,4.13,237.0,277.0,163.0
2008-11-06,1.28,2.46,3.75,4.19,247.0,291.0,173.0
2008-11-07,1.33,2.56,3.83,4.25,250.0,292.0,169.0
2008-11-10,1.27,2.51,3.82,4.21,255.0,294.0,170.0
2008-11-12,1.19,2.37,3.75,4.17,256.0,298.0,180.0
2008-11-13,1.24,2.43,3.84,4.34,260.0,310.0,191.0
2008-11-14,1.22,2.33,3.72,4.22,250.0,300.0,189.0
2008-11-17,1.22,2.32,3.68,4.2,246.0,298.0,188.0
2008-11-18,1.15,2.22,3.53,4.14,238.0,299.0,192.0
2008-11-19,1.09,2.08,3.38,3.96,229.0,287.0,188.0
2008-11-20,1.0,1.94,3.1,3.64,210.0,264.0,170.0
2008-11-21,1.09,2.02,3.2,3.7,211.0,261.0,168.0
2008-11-24,1.31,2.24,3.35,3.78,204.0,247.0,154.0
2008-11-25,1.15,2.06,3.11,3.63,196.0,248.0,157.0
2008-11-26,1.09,2.01,2.99,3.54,190.0,245.0,153.0
2008-11-28,1.0,1.93,2.93,3.45,193.0,245.0,152.0
2008-12-01,0.9,1.71,2.72,3.22,182.0,232.0,151.0
2008-12-02,0.9,1.65,2.68,3.18,178.0,228.0,153.0
2008-12-03,0.87,1.6,2.67,3.17,180.0,230.0,157.0
2008-12-04,0.82,1.51,2.55,3.06,173.0,224.0,155.0
2008-12-05,0.93,1.67,2.67,3.11,174.0,218.0,144.0
2008-12-08,0.97,1.76,2.77,3.16,180.0,219.0,140.0
2008-12-09,0.84,1.61,2.67,3.06,183.0,222.0,145.0
2008-12-10,0.86,1.62,2.69,3.09,183.0,223.0,147.0
2008-12-11,0.79,1.55,2.64,3.07,185.0,228.0,152.0
2008-12-12,0.78,1.55,2.6,3.07,182.0,229.0,152.0
2008-12-15,0.75,1.5,2.53,2.98,178.0,223.0,148.0
2008-12-16,0.65,1.34,2.37,2.86,172.0,221.0,152.0
2008-12-17,0.73,1.35,2.2,2.66,147.0,193.0,131.0
2008-12-18,0.68,1.26,2.08,2.53,140.0,185.0,127.0
2008-12-19,0.74,1.35,2.13,2.55,139.0,181.0,120.0
2008-12-22,0.87,1.4,2.16,2.6,129.0,173.0,120.0
2008-12-23,0.9,1.53,2.18,2.63,128.0,173.0,110.0
2008-12-24,0.9,1.54,2.2,2.63,130.0,173.0,109.0
2008-12-26,0.89,1.51,2.16,2.61,127.0,172.0,110.0
2008-12-29,0.78,1.45,2.13,2.63,135.0,185.0,118.0
2008-12-30,0.75,1.47,2.11,2.58,136.0,183.0,111.0
2008-12-31,0.76,1.55,2.25,2.69,149.0,193.0,114.0
2009-01-02,0.88,1.72,2.46,2.83,158.0,195.0,111.0
2009-01-05,0.78,1.67,2.49,3.0,171.0,222.0,133.0
2009-01-06,0.8,1.68,2.51,3.04,171.0,224.0,136.0
2009-01-07,0.82,1.66,2.52,3.05,170.0,223.0,139.0
2009-01-08,0.83,1.6,2.47,3.04,164.0,221.0,144.0
2009-01-09,0.75,1.51,2.43,3.04,168.0,229.0,153.0
2009-01-12,0.74,1.45,2.34,2.99,160.0,225.0,154.0
2009-01-13,0.76,1.44,2.33,3.0,157.0,224.0,156.0
2009-01-14,0.73,1.36,2.24,2.89,151.0,216.0,153.0
2009-01-15,0.73,1.36,2.23,2.86,150.0,213.0,150.0
2009-01-16,0.73,1.47,2.36,2.89,163.0,216.0,142.0
2009-01-20,0.73,1.48,2.4,2.97,167.0,224.0,149.0
2009-01-21,0.78,1.6,2.56,3.15,178.0,237.0,155.0
2009-01-22,0.75,1.61,2.62,3.25,187.0,250.0,164.0
2009-01-23,0.83,1.64,2.65,3.32,182.0,249.0,168.0
2009-01-26,0.85,1.67,2.7,3.39,185.0,254.0,172.0
2009-01-27,0.87,1.59,2.59,3.26,172.0,239.0,167.0
2009-01-28,0.89,1.7,2.71,3.44,182.0,255.0,174.0
2009-01-29,0.95,1.87,2.87,3.57,192.0,262.0,170.0
2009-01-30,0.94,1.85,2.87,3.58,193.0,264.0,173.0
2009-02-02,0.89,1.75,2.76,3.47,187.0,258.0,172.0
2009-02-03,0.96,1.88,2.89,3.64,193.0,268.0,176.0
2009-02-04,0.98,1.91,2.95,3.65,197.0,267.0,174.0
2009-02-05,0.98,1.89,2.95,3.63,197.0,265.0,174.0
2009-02-06,0.99,1.97,3.05,3.7,206.0,271.0,173.0
2009-02-09,1.05,1.99,3.07,3.69,202.0,264.0,170.0
2009-02-10,0.92,1.79,2.9,3.54,198.0,262.0,175.0
2009-02-11,0.93,1.76,2.78,3.45,185.0,252.0,169.0
2009-02-12,0.89,1.73,2.75,3.47,186.0,258.0,174.0
2009-02-13,0.97,1.88,2.89,3.68,192.0,271.0,180.0
2009-02-17,0.87,1.65,2.64,3.47,177.0,260.0,182.0
2009-02-18,0.97,1.81,2.74,3.54,177.0,257.0,173.0
2009-02-19,1.01,1.89,2.85,3.68,184.0,267.0,179.0
2009-02-20,0.96,1.81,2.78,3.56,182.0,260.0,175.0
2009-02-23,0.96,1.84,2.78,3.53,182.0,257.0,169.0
2009-02-24,1.03,1.89,2.8,3.49,177.0,246.0,160.0
2009-02-25,1.09,2.06,2.95,3.59,186.0,250.0,153.0
2009-02-26,1.08,2.07,2.98,3.66,190.0,258.0,159.0
2009-02-27,1.0,1.99,3.02,3.71,202.0,271.0,172.0
2009-03-02,0.89,1.86,2.91,3.64,202.0,275.0,178.0
2009-03-03,0.91,1.87,2.93,3.67,202.0,276.0,180.0
2009-03-04,0.97,1.97,3.01,3.69,204.0,272.0,172.0
2009-03-05,0.9,1.82,2.83,3.51,193.0,261.0,169.0
2009-03-06,0.91,1.83,2.83,3.5,192.0,259.0,167.0
2009-03-09,0.96,1.9,2.89,3.59,193.0,263.0,169.0
2009-03-10,1.01,1.99,2.99,3.7,198.0,269.0,171.0
2009-03-11,1.03,1.96,2.95,3.67,192.0,264.0,171.0
2009-03-12,1.03,1.92,2.89,3.63,186.0,260.0,171.0
2009-03-13,0.98,1.87,2.89,3.66,191.0,268.0,179.0
2009-03-16,1.0,1.91,2.97,3.76,197.0,276.0,185.0
2009-03-17,1.05,2.0,3.02,3.83,197.0,278.0,183.0
2009-03-18,0.82,1.54,2.51,3.57,169.0,275.0,203.0
2009-03-19,0.87,1.64,2.61,3.62,174.0,275.0,198.0
2009-03-20,0.89,1.66,2.65,3.65,176.0,276.0,199.0
2009-03-23,0.93,1.69,2.68,3.69,175.0,276.0,200.0
2009-03-24,0.93,1.7,2.68,3.6,175.0,267.0,190.0
2009-03-25,0.96,1.84,2.81,3.73,185.0,277.0,189.0
2009-03-26,0.9,1.8,2.76,3.66,186.0,276.0,186.0
2009-03-27,0.9,1.79,2.78,3.62,188.0,272.0,183.0
2009-03-30,0.84,1.72,2.73,3.6,189.0,276.0,188.0
2009-03-31,0.81,1.67,2.71,3.56,190.0,275.0,189.0
2009-04-01,0.83,1.65,2.68,3.51,185.0,268.0,186.0
2009-04-02,0.88,1.74,2.77,3.57,189.0,269.0,183.0
2009-04-03,0.96,1.87,2.91,3.7,195.0,274.0,183.0
2009-04-06,0.94,1.9,2.95,3.73,201.0,279.0,183.0
2009-04-07,0.91,1.87,2.93,3.72,202.0,281.0,185.0
2009-04-08,0.93,1.83,2.86,3.66,193.0,273.0,183.0
2009-04-09,0.96,1.9,2.96,3.76,200.0,280.0,186.0
2009-04-13,0.89,1.81,2.88,3.69,199.0,280.0,188.0
2009-04-14,0.86,1.71,2.8,3.64,194.0,278.0,193.0
2009-04-15,0.86,1.71,2.82,3.66,196.0,280.0,195.0
2009-04-16,0.91,1.79,2.86,3.72,195.0,281.0,193.0
2009-04-17,0.99,1.91,2.98,3.79,199.0,280.0,188.0
2009-04-20,0.93,1.82,2.88,3.69,195.0,276.0,187.0
2009-04-21,0.96,1.87,2.94,3.74,198.0,278.0,187.0
2009-04-22,1.0,1.92,2.98,3.82,198.0,282.0,190.0
2009-04-23,0.97,1.89,2.96,3.8,199.0,283.0,191.0
2009-04-24,0.99,1.96,3.03,3.89,204.0,290.0,193.0
2009-04-27,0.9,1.87,2.95,3.84,205.0,294.0,197.0
2009-04-28,0.95,1.97,3.05,3.97,210.0,302.0,200.0
2009-04-29,0.94,2.01,3.12,4.01,218.0,307.0,200.0
2009-04-30,0.91,2.02,3.16,4.05,225.0,314.0,203.0
2009-05-01,0.92,2.03,3.21,4.09,229.0,317.0,206.0
2009-05-04,0.94,2.03,3.19,4.06,225.0,312.0,203.0
2009-05-05,0.98,2.05,3.2,4.06,222.0,308.0,201.0
2009-05-06,0.96,2.06,3.18,4.09,222.0,313.0,203.0
2009-05-07,1.0,2.15,3.29,4.25,229.0,325.0,210.0
2009-05-08,1.0,2.15,3.29,4.28,229.0,328.0,213.0
2009-05-11,0.92,2.04,3.17,4.18,225.0,326.0,214.0
2009-05-12,0.9,2.02,3.17,4.16,227.0,326.0,214.0
2009-05-13,0.89,1.98,3.11,4.09,222.0,320.0,211.0
2009-05-14,0.87,1.98,3.1,4.06,223.0,319.0,208.0
2009-05-15,0.88,2.01,3.14,4.09,226.0,321.0,208.0
2009-05-18,0.93,2.09,3.22,4.18,229.0,325.0,209.0
2009-05-19,0.91,2.12,3.25,4.21,234.0,330.0,209.0
2009-05-20,0.87,2.05,3.19,4.14,232.0,327.0,209.0
2009-05-21,0.89,2.16,3.35,4.3,246.0,341.0,214.0
2009-05-22,0.92,2.23,3.45,4.38,253.0,346.0,215.0
2009-05-26,0.96,2.3,3.5,4.45,254.0,349.0,215.0
2009-05-27,0.96,2.43,3.71,4.59,275.0,363.0,216.0
2009-05-28,0.97,2.46,3.67,4.54,270.0,357.0,208.0
2009-05-29,0.92,2.34,3.47,4.34,255.0,342.0,200.0
2009-06-01,0.97,2.55,3.71,4.55,274.0,358.0,200.0
2009-06-02,0.96,2.52,3.65,4.5,269.0,354.0,198.0
2009-06-03,0.91,2.43,3.56,4.45,265.0,354.0,202.0
2009-06-04,0.96,2.56,3.72,4.58,276.0,362.0,202.0
2009-06-05,1.32,2.85,3.84,4.63,252.0,331.0,178.0
2009-06-08,1.42,2.95,3.91,4.65,249.0,323.0,170.0
2009-06-09,1.33,2.86,3.86,4.64,253.0,331.0,178.0
2009-06-10,1.38,2.93,3.98,4.76,260.0,338.0,183.0
2009-06-11,1.35,2.87,3.88,4.69,253.0,334.0,182.0
2009-06-12,1.3,2.81,3.81,4.65,251.0,335.0,184.0
2009-06-15,1.26,2.75,3.76,4.61,250.0,335.0,186.0
2009-06-16,1.23,2.7,3.67,4.48,244.0,325.0,178.0
2009-06-17,1.19,2.69,3.68,4.5,249.0,331.0,181.0
2009-06-18,1.28,2.86,3.86,4.63,258.0,335.0,177.0
2009-06-19,1.25,2.82,3.79,4.52,254.0,327.0,170.0
2009-06-22,1.17,2.75,3.72,4.45,255.0,328.0,170.0
2009-06-23,1.14,2.71,3.65,4.37,251.0,323.0,166.0
2009-06-24,1.19,2.74,3.72,4.44,253.0,325.0,170.0
2009-06-25,1.12,2.58,3.55,4.33,243.0,321.0,175.0
2009-06-26,1.1,2.53,3.52,4.3,242.0,320.0,177.0
2009-06-29,1.11,2.53,3.51,4.31,240.0,320.0,178.0
2009-06-30,1.11,2.54,3.53,4.32,242.0,321.0,178.0
2009-07-01,1.05,2.51,3.55,4.34,250.0,329.0,183.0
2009-07-02,0.98,2.43,3.51,4.32,253.0,334.0,189.0
2009-07-06,0.96,2.4,3.52,4.35,256.0,339.0,195.0
2009-07-07,0.98,2.36,3.47,4.31,249.0,333.0,195.0
2009-07-08,0.91,2.23,3.33,4.17,242.0,326.0,194.0
2009-07-09,0.94,2.33,3.44,4.31,250.0,337.0,198.0
2009-07-10,0.91,2.22,3.32,4.2,241.0,329.0,198.0
2009-07-13,0.92,2.27,3.38,4.25,246.0,333.0,198.0
2009-07-14,0.97,2.37,3.5,4.38,253.0,341.0,201.0
2009-07-15,1.03,2.52,3.63,4.48,260.0,345.0,196.0
2009-07-16,1.0,2.46,3.59,4.45,259.0,345.0,199.0
2009-07-17,1.02,2.52,3.67,4.53,265.0,351.0,201.0
2009-07-20,0.99,2.46,3.61,4.47,262.0,348.0,201.0
2009-07-21,0.96,2.36,3.5,4.38,254.0,342.0,202.0
2009-07-22,0.98,2.43,3.58,4.45,260.0,347.0,202.0
2009-07-23,1.08,2.6,3.72,4.58,264.0,350.0,198.0
2009-07-24,1.05,2.57,3.7,4.55,265.0,350.0,198.0
2009-07-27,1.08,2.63,3.75,4.62,267.0,354.0,199.0
2009-07-28,1.12,2.63,3.72,4.56,260.0,344.0,193.0
2009-07-29,1.17,2.69,3.69,4.5,252.0,333.0,181.0
2009-07-30,1.19,2.66,3.67,4.44,248.0,325.0,178.0
2009-07-31,1.13,2.53,3.52,4.31,239.0,318.0,178.0
2009-08-03,1.18,2.66,3.66,4.42,248.0,324.0,176.0
2009-08-04,1.2,2.68,3.7,4.45,250.0,325.0,177.0
2009-08-05,1.23,2.73,3.8,4.57,257.0,334.0,184.0
2009-08-06,1.22,2.73,3.79,4.53,257.0,331.0,180.0
2009-08-07,1.32,2.84,3.89,4.61,257.0,329.0,177.0
2009-08-10,1.24,2.75,3.8,4.52,256.0,328.0,177.0
2009-08-11,1.21,2.69,3.71,4.44,250.0,323.0,175.0
2009-08-12,1.18,2.7,3.72,4.53,254.0,335.0,183.0
2009-08-13,1.12,2.58,3.59,4.44,247.0,332.0,186.0
2009-08-14,1.07,2.51,3.55,4.41,248.0,334.0,190.0
2009-08-17,1.04,2.43,3.48,4.33,244.0,329.0,190.0
2009-08-18,1.06,2.48,3.51,4.35,245.0,329.0,187.0
2009-08-19,1.01,2.43,3.45,4.28,244.0,327.0,185.0
2009-08-20,1.03,2.43,3.42,4.24,239.0,321.0,181.0
2009-08-21,1.13,2.58,3.56,4.36,243.0,323.0,178.0
2009-08-24,1.05,2.5,3.48,4.27,243.0,322.0,177.0
2009-08-25,1.05,2.48,3.45,4.22,240.0,317.0,174.0
2009-08-26,1.06,2.46,3.44,4.2,238.0,314.0,174.0
2009-08-27,1.04,2.48,3.47,4.23,243.0,319.0,175.0
2009-08-28,1.01,2.46,3.46,4.21,245.0,320.0,175.0
2009-08-31,0.97,2.39,3.4,4.18,243.0,321.0,179.0
2009-09-01,0.92,2.33,3.38,4.19,246.0,327.0,186.0
2009-09-02,0.89,2.26,3.29,4.09,240.0,320.0,183.0
2009-09-03,0.91,2.29,3.33,4.15,242.0,324.0,186.0
2009-09-04,0.94,2.36,3.45,4.27,251.0,333.0,191.0
2009-09-08,0.93,2.38,3.47,4.31,254.0,338.0,193.0
2009-09-09,0.93,2.38,3.48,4.33,255.0,340.0,195.0
2009-09-10,0.9,2.29,3.36,4.19,246.0,329.0,190.0
2009-09-11,0.9,2.29,3.34,4.18,244.0,328.0,189.0
2009-09-14,0.94,2.37,3.42,4.22,248.0,328.0,185.0
2009-09-15,0.96,2.41,3.47,4.27,251.0,331.0,186.0
2009-09-16,1.01,2.46,3.48,4.26,247.0,325.0,180.0
2009-09-17,0.98,2.41,3.42,4.19,244.0,321.0,178.0
2009-09-18,1.03,2.49,3.49,4.24,246.0,321.0,175.0
2009-09-21,1.02,2.47,3.49,4.23,247.0,321.0,176.0
2009-09-22,1.02,2.45,3.46,4.2,244.0,318.0,175.0
2009-09-23,0.96,2.4,3.44,4.21,248.0,325.0,181.0
2009-09-24,0.93,2.37,3.4,4.17,247.0,324.0,180.0
2009-09-25,0.98,2.36,3.34,4.1,236.0,312.0,174.0
2009-09-28,0.98,2.33,3.31,4.04,233.0,306.0,171.0
2009-09-29,1.0,2.34,3.31,4.03,231.0,303.0,169.0
2009-09-30,0.95,2.31,3.31,4.03,236.0,308.0,172.0
2009-10-01,0.87,2.2,3.21,3.97,234.0,310.0,177.0
2009-10-02,0.88,2.22,3.24,4.01,236.0,313.0,179.0
2009-10-05,0.88,2.21,3.24,4.01,236.0,313.0,180.0
2009-10-06,0.91,2.25,3.27,4.07,236.0,316.0,182.0
2009-10-07,0.87,2.16,3.21,3.99,234.0,312.0,183.0
2009-10-08,0.9,2.22,3.27,4.09,237.0,319.0,187.0
2009-10-09,0.98,2.36,3.4,4.22,242.0,324.0,186.0
2009-10-13,0.91,2.28,3.34,4.16,243.0,325.0,188.0
2009-10-14,0.96,2.36,3.45,4.28,249.0,332.0,192.0
2009-10-15,0.97,2.41,3.49,4.31,252.0,334.0,190.0
2009-10-16,0.97,2.37,3.43,4.24,246.0,327.0,187.0
2009-10-19,0.99,2.36,3.41,4.21,242.0,322.0,185.0
2009-10-20,0.95,2.3,3.35,4.16,240.0,321.0,186.0
2009-10-21,1.0,2.38,3.42,4.22,242.0,322.0,184.0
2009-10-22,0.97,2.39,3.44,4.24,247.0,327.0,185.0
2009-10-23,1.04,2.46,3.51,4.29,247.0,325.0,183.0
2009-10-26,1.06,2.53,3.59,4.37,253.0,331.0,184.0
2009-10-27,0.99,2.41,3.49,4.29,250.0,330.0,188.0
2009-10-28,0.95,2.37,3.44,4.25,249.0,330.0,188.0
2009-10-29,0.98,2.44,3.53,4.35,255.0,337.0,191.0
2009-10-30,0.9,2.31,3.41,4.23,251.0,333.0,192.0
2009-11-02,0.92,2.33,3.45,4.26,253.0,334.0,193.0
2009-11-03,0.92,2.36,3.5,4.34,258.0,342.0,198.0
2009-11-04,0.91,2.39,3.57,4.41,266.0,350.0,202.0
2009-11-05,0.9,2.35,3.57,4.41,267.0,351.0,206.0
2009-11-06,0.86,2.3,3.54,4.4,268.0,354.0,210.0
2009-11-09,0.87,2.31,3.52,4.4,265.0,353.0,209.0
2009-11-10,0.85,2.31,3.5,4.41,265.0,356.0,210.0
2009-11-12,0.82,2.28,3.45,4.41,263.0,359.0,213.0
2009-11-13,0.82,2.28,3.43,4.36,261.0,354.0,208.0
2009-11-16,0.78,2.19,3.33,4.26,255.0,348.0,207.0
2009-11-17,0.78,2.19,3.33,4.26,255.0,348.0,207.0
2009-11-18,0.77,2.21,3.36,4.29,259.0,352.0,208.0
2009-11-19,0.73,2.18,3.35,4.29,262.0,356.0,211.0
2009-11-20,0.75,2.2,3.36,4.3,261.0,355.0,210.0
2009-11-23,0.77,2.2,3.37,4.29,260.0,352.0,209.0
2009-11-24,0.73,2.15,3.32,4.25,259.0,352.0,210.0
2009-11-25,0.73,2.11,3.28,4.23,255.0,350.0,212.0
2009-11-27,0.68,2.03,3.21,4.21,253.0,353.0,218.0
2009-11-30,0.67,2.01,3.21,4.2,254.0,353.0,219.0
2009-12-01,0.67,2.03,3.28,4.26,261.0,359.0,223.0
2009-12-02,0.72,2.09,3.32,4.26,260.0,354.0,217.0
2009-12-03,0.74,2.14,3.39,4.33,265.0,359.0,219.0
2009-12-04,0.84,2.24,3.48,4.4,264.0,356.0,216.0
2009-12-07,0.78,2.19,3.44,4.4,266.0,362.0,221.0
2009-12-08,0.73,2.12,3.4,4.39,267.0,366.0,227.0
2009-12-09,0.76,2.15,3.45,4.41,269.0,365.0,226.0
2009-12-10,0.78,2.19,3.49,4.5,271.0,372.0,231.0
2009-12-11,0.83,2.26,3.55,4.49,272.0,366.0,223.0
2009-12-14,0.87,2.3,3.56,4.49,269.0,362.0,219.0
2009-12-15,0.88,2.35,3.6,4.52,272.0,364.0,217.0
2009-12-16,0.85,2.35,3.61,4.52,276.0,367.0,217.0
2009-12-17,0.77,2.24,3.5,4.42,273.0,365.0,218.0
2009-12-18,0.82,2.3,3.55,4.46,273.0,364.0,216.0
2009-12-21,0.89,2.43,3.69,4.56,280.0,367.0,213.0
2009-12-22,0.95,2.49,3.76,4.6,281.0,365.0,211.0
2009-12-23,0.96,2.51,3.77,4.61,281.0,365.0,210.0
2009-12-24,1.0,2.57,3.82,4.68,282.0,368.0,211.0
2009-12-28,1.09,2.62,3.85,4.69,276.0,360.0,207.0
2009-12-29,1.09,2.62,3.82,4.64,273.0,355.0,202.0
2009-12-30,1.08,2.61,3.8,4.61,272.0,353.0,200.0
2009-12-31,1.14,2.69,3.85,4.63,271.0,349.0,194.0
2010-01-04,1.09,2.65,3.85,4.65,276.0,356.0,200.0
2010-01-05,1.01,2.56,3.77,4.59,276.0,358.0,203.0
2010-01-06,1.01,2.6,3.85,4.7,284.0,369.0,210.0
2010-01-07,1.03,2.62,3.85,4.69,282.0,366.0,207.0
2010-01-08,0.96,2.57,3.83,4.7,287.0,374.0,213.0
2010-01-11,0.95,2.58,3.85,4.74,290.0,379.0,216.0
2010-01-12,0.92,2.49,3.74,4.62,282.0,370.0,213.0
2010-01-13,0.97,2.55,3.8,4.71,283.0,374.0,216.0
2010-01-14,0.94,2.51,3.76,4.63,282.0,369.0,212.0
2010-01-15,0.89,2.44,3.7,4.58,281.0,369.0,214.0
2010-01-19,0.93,2.48,3.73,4.6,280.0,367.0,212.0
2010-01-20,0.92,2.45,3.68,4.54,276.0,362.0,209.0
2010-01-21,0.87,2.38,3.62,4.5,275.0,363.0,212.0
2010-01-22,0.84,2.37,3.62,4.5,278.0,366.0,213.0
2010-01-25,0.86,2.39,3.66,4.55,280.0,369.0,216.0
2010-01-26,0.87,2.38,3.65,4.56,278.0,369.0,218.0
2010-01-27,0.9,2.43,3.66,4.55,276.0,365.0,212.0
2010-01-28,0.87,2.41,3.68,4.57,281.0,370.0,216.0
2010-01-29,0.82,2.34,3.63,4.51,281.0,369.0,217.0
2010-02-01,0.86,2.38,3.68,4.56,282.0,370.0,218.0
2010-02-02,0.86,2.37,3.67,4.55,281.0,369.0,218.0
2010-02-03,0.88,2.4,3.73,4.62,285.0,374.0,222.0
2010-02-04,0.8,2.29,3.62,4.53,282.0,373.0,224.0
2010-02-05,0.77,2.23,3.59,4.51,282.0,374.0,228.0
2010-02-08,0.79,2.26,3.62,4.52,283.0,373.0,226.0
2010-02-09,0.84,2.32,3.67,4.58,283.0,374.0,226.0
2010-02-10,0.91,2.39,3.72,4.65,281.0,374.0,226.0
2010-02-11,0.91,2.39,3.73,4.69,282.0,378.0,230.0
2010-02-12,0.84,2.35,3.69,4.66,285.0,382.0,231.0
2010-02-16,0.82,2.32,3.66,4.63,284.0,381.0,231.0
2010-02-17,0.87,2.4,3.74,4.7,287.0,383.0,230.0
2010-02-18,0.9,2.46,3.79,4.74,289.0,384.0,228.0
2010-02-19,0.95,2.48,3.78,4.71,283.0,376.0,223.0
2010-02-22,0.91,2.47,3.8,4.73,289.0,382.0,226.0
2010-02-23,0.87,2.37,3.69,4.63,282.0,376.0,226.0
2010-02-24,0.87,2.4,3.7,4.63,283.0,376.0,223.0
2010-02-25,0.82,2.33,3.64,4.58,282.0,376.0,225.0
2010-02-26,0.81,2.3,3.61,4.55,280.0,374.0,225.0
2010-03-01,0.8,2.28,3.61,4.56,281.0,376.0,228.0
2010-03-02,0.8,2.27,3.62,4.57,282.0,377.0,230.0
2010-03-03,0.82,2.27,3.63,4.58,281.0,376.0,231.0
2010-03-04,0.86,2.28,3.61,4.56,275.0,370.0,228.0
2010-03-05,0.91,2.35,3.69,4.64,278.0,373.0,229.0
2010-03-08,0.9,2.36,3.72,4.68,282.0,378.0,232.0
2010-03-09,0.89,2.34,3.71,4.68,282.0,379.0,234.0
2010-03-10,0.92,2.39,3.73,4.69,281.0,377.0,230.0
2010-03-11,0.97,2.43,3.73,4.66,276.0,369.0,223.0
2010-03-12,0.97,2.42,3.71,4.62,274.0,365.0,220.0
2010-03-15,0.96,2.42,3.71,4.63,275.0,367.0,221.0
2010-03-16,0.93,2.37,3.66,4.59,273.0,366.0,222.0
2010-03-17,0.95,2.38,3.65,4.56,270.0,361.0,218.0
2010-03-18,0.98,2.44,3.68,4.59,270.0,361.0,215.0
2010-03-19,1.02,2.48,3.7,4.58,268.0,356.0,210.0
2010-03-22,1.01,2.43,3.67,4.57,266.0,356.0,214.0
2010-03-23,1.02,2.44,3.69,4.6,267.0,358.0,216.0
2010-03-24,1.08,2.62,3.84,4.72,276.0,364.0,210.0
2010-03-25,1.1,2.65,3.91,4.77,281.0,367.0,212.0
2010-03-26,1.04,2.59,3.86,4.75,282.0,371.0,216.0
2010-03-29,1.04,2.6,3.88,4.76,284.0,372.0,216.0
2010-03-30,1.06,2.6,3.88,4.75,282.0,369.0,215.0
2010-03-31,1.02,2.55,3.84,4.72,282.0,370.0,217.0
2010-04-01,1.05,2.59,3.89,4.74,284.0,369.0,215.0
2010-04-02,1.11,2.67,3.96,4.81,285.0,370.0,214.0
2010-04-05,1.18,2.75,4.01,4.85,283.0,367.0,210.0
2010-04-06,1.14,2.71,3.98,4.84,284.0,370.0,213.0
2010-04-07,1.06,2.62,3.89,4.74,283.0,368.0,212.0
2010-04-08,1.09,2.64,3.91,4.75,282.0,366.0,211.0
2010-04-09,1.08,2.65,3.9,4.74,282.0,366.0,209.0
2010-04-12,1.07,2.6,3.87,4.7,280.0,363.0,210.0
2010-04-13,1.07,2.58,3.84,4.68,277.0,361.0,210.0
2010-04-14,1.07,2.61,3.88,4.72,281.0,365.0,211.0
2010-04-15,1.04,2.57,3.86,4.72,282.0,368.0,215.0
2010-04-16,0.98,2.49,3.79,4.67,281.0,369.0,218.0
2010-04-19,1.01,2.54,3.83,4.7,282.0,369.0,216.0
2010-04-20,1.05,2.56,3.82,4.67,277.0,362.0,211.0
2010-04-21,1.03,2.52,3.77,4.61,274.0,358.0,209.0
2010-04-22,1.07,2.57,3.8,4.65,273.0,358.0,208.0
2010-04-23,1.1,2.61,3.84,4.67,274.0,357.0,206.0
2010-04-26,1.09,2.6,3.83,4.67,274.0,358.0,207.0
2010-04-27,1.03,2.46,3.71,4.56,268.0,353.0,210.0
2010-04-28,1.03,2.53,3.8,4.63,277.0,360.0,210.0
2010-04-29,1.01,2.49,3.76,4.6,275.0,359.0,211.0
2010-04-30,0.97,2.43,3.69,4.53,272.0,356.0,210.0
2010-05-03,1.0,2.47,3.72,4.53,272.0,353.0,206.0
2010-05-04,0.96,2.38,3.63,4.43,267.0,347.0,205.0
2010-05-05,0.88,2.31,3.58,4.39,270.0,351.0,208.0
2010-05-06,0.75,2.13,3.41,4.19,266.0,344.0,206.0
2010-05-07,0.83,2.17,3.45,4.28,262.0,345.0,211.0
2010-05-10,0.87,2.27,3.57,4.41,270.0,354.0,214.0
2010-05-11,0.85,2.26,3.56,4.42,271.0,357.0,216.0
2010-05-12,0.89,2.29,3.56,4.47,267.0,358.0,218.0
2010-05-13,0.87,2.27,3.55,4.47,268.0,360.0,220.0
2010-05-14,0.79,2.16,3.44,4.32,265.0,353.0,216.0
2010-05-17,0.81,2.2,3.47,4.35,266.0,354.0,215.0
2010-05-18,0.76,2.11,3.38,4.26,262.0,350.0,215.0
2010-05-19,0.8,2.13,3.36,4.24,256.0,344.0,211.0
2010-05-20,0.76,2.04,3.25,4.13,249.0,337.0,209.0
2010-05-21,0.76,2.02,3.2,4.07,244.0,331.0,205.0
2010-05-24,0.77,2.04,3.23,4.12,246.0,335.0,208.0
2010-05-25,0.81,2.01,3.18,4.07,237.0,326.0,206.0
2010-05-26,0.82,2.06,3.21,4.11,239.0,329.0,205.0
2010-05-27,0.87,2.18,3.34,4.24,247.0,337.0,206.0
2010-05-28,0.76,2.1,3.31,4.22,255.0,346.0,212.0
2010-06-01,0.78,2.09,3.29,4.19,251.0,341.0,210.0
2010-06-02,0.82,2.14,3.35,4.24,253.0,342.0,210.0
2010-06-03,0.82,2.17,3.39,4.29,257.0,347.0,212.0
2010-06-04,0.72,1.98,3.2,4.13,248.0,341.0,215.0
2010-06-07,0.74,1.95,3.17,4.11,243.0,337.0,216.0
2010-06-08,0.74,1.98,3.18,4.1,244.0,336.0,212.0
2010-06-09,0.74,1.99,3.2,4.12,246.0,338.0,213.0
2010-06-10,0.79,2.12,3.33,4.25,254.0,346.0,213.0
2010-06-11,0.75,2.03,3.24,4.15,249.0,340.0,212.0
2010-06-14,0.77,2.07,3.28,4.2,251.0,343.0,213.0
2010-06-15,0.79,2.1,3.32,4.23,253.0,344.0,213.0
2010-06-16,0.75,2.06,3.27,4.18,252.0,343.0,212.0
2010-06-17,0.72,2.01,3.21,4.13,249.0,341.0,212.0
2010-06-18,0.74,2.04,3.24,4.15,250.0,341.0,211.0
2010-06-21,0.74,2.05,3.26,4.17,252.0,343.0,212.0
2010-06-22,0.71,1.98,3.18,4.1,247.0,339.0,212.0
2010-06-23,0.66,1.93,3.13,4.05,247.0,339.0,212.0
2010-06-24,0.67,1.93,3.14,4.09,247.0,342.0,216.0
2010-06-25,0.65,1.9,3.12,4.07,247.0,342.0,217.0
2010-06-28,0.62,1.83,3.05,4.01,243.0,339.0,218.0
2010-06-29,0.61,1.78,2.97,3.94,236.0,333.0,216.0
2010-06-30,0.61,1.79,2.97,3.91,236.0,330.0,212.0
2010-07-01,0.63,1.8,2.96,3.88,233.0,325.0,208.0
2010-07-02,0.63,1.82,3.0,3.94,237.0,331.0,212.0
2010-07-06,0.62,1.76,2.95,3.89,233.0,327.0,213.0
2010-07-07,0.63,1.79,3.0,3.96,237.0,333.0,217.0
2010-07-08,0.63,1.8,3.04,4.0,241.0,337.0,220.0
2010-07-09,0.63,1.85,3.07,4.04,244.0,341.0,219.0
2010-07-12,0.65,1.85,3.08,4.05,243.0,340.0,220.0
2010-07-13,0.67,1.9,3.15,4.1,248.0,343.0,220.0
2010-07-14,0.62,1.82,3.07,4.03,245.0,341.0,221.0
2010-07-15,0.61,1.76,3.0,3.97,239.0,336.0,221.0
2010-07-16,0.61,1.7,2.96,3.95,235.0,334.0,225.0
2010-07-19,0.61,1.73,2.99,3.99,238.0,338.0,226.0
2010-07-20,0.61,1.71,2.98,3.99,237.0,338.0,228.0
2010-07-21,0.58,1.66,2.9,3.89,232.0,331.0,223.0
2010-07-22,0.6,1.69,2.96,3.95,236.0,335.0,226.0
2010-07-23,0.6,1.75,3.02,4.01,242.0,341.0,226.0
2010-07-26,0.62,1.76,3.03,4.03,241.0,341.0,227.0
2010-07-27,0.65,1.82,3.08,4.08,243.0,343.0,226.0
2010-07-28,0.61,1.75,3.03,4.07,242.0,346.0,232.0
2010-07-29,0.59,1.7,3.03,4.08,244.0,349.0,238.0
2010-07-30,0.55,1.6,2.94,3.98,239.0,343.0,238.0
2010-08-02,0.56,1.64,2.99,4.06,243.0,350.0,242.0
2010-08-03,0.53,1.55,2.94,4.04,241.0,351.0,249.0
2010-08-04,0.56,1.62,2.98,4.07,242.0,351.0,245.0
2010-08-05,0.53,1.57,2.94,4.05,241.0,352.0,248.0
2010-08-06,0.5,1.51,2.86,4.0,236.0,350.0,249.0
2010-08-09,0.54,1.54,2.86,4.01,232.0,347.0,247.0
2010-08-10,0.52,1.46,2.79,4.0,227.0,348.0,254.0
2010-08-11,0.54,1.44,2.72,3.93,218.0,339.0,249.0
2010-08-12,0.55,1.48,2.74,3.94,219.0,339.0,246.0
2010-08-13,0.54,1.47,2.68,3.87,214.0,333.0,240.0
2010-08-16,0.51,1.4,2.58,3.72,207.0,321.0,232.0
2010-08-17,0.52,1.44,2.64,3.77,212.0,325.0,233.0
2010-08-18,0.51,1.46,2.64,3.73,213.0,322.0,227.0
2010-08-19,0.49,1.41,2.58,3.66,209.0,317.0,225.0
2010-08-20,0.49,1.47,2.62,3.67,213.0,318.0,220.0
2010-08-23,0.49,1.43,2.6,3.65,211.0,316.0,222.0
2010-08-24,0.5,1.36,2.5,3.57,200.0,307.0,221.0
2010-08-25,0.53,1.4,2.54,3.59,201.0,306.0,219.0
2010-08-26,0.51,1.38,2.5,3.53,199.0,302.0,215.0
2010-08-27,0.56,1.49,2.66,3.69,210.0,313.0,220.0
2010-08-30,0.5,1.39,2.54,3.6,204.0,310.0,221.0
2010-08-31,0.47,1.33,2.47,3.52,200.0,305.0,219.0
2010-09-01,0.5,1.41,2.58,3.65,208.0,315.0,224.0
2010-09-02,0.5,1.43,2.63,3.72,213.0,322.0,229.0
2010-09-03,0.52,1.49,2.72,3.79,220.0,327.0,230.0
2010-09-07,0.49,1.41,2.61,3.67,212.0,318.0,226.0
2010-09-08,0.52,1.46,2.66,3.72,214.0,320.0,226.0
2010-09-09,0.57,1.57,2.77,3.84,220.0,327.0,227.0
2010-09-10,0.58,1.59,2.81,3.88,223.0,330.0,229.0
2010-09-13,0.53,1.51,2.74,3.83,221.0,330.0,232.0
2010-09-14,0.5,1.43,2.68,3.79,218.0,329.0,236.0
2010-09-15,0.5,1.46,2.74,3.87,224.0,337.0,241.0
2010-09-16,0.48,1.48,2.77,3.92,229.0,344.0,244.0
2010-09-17,0.48,1.46,2.75,3.9,227.0,342.0,244.0
2010-09-20,0.47,1.43,2.72,3.87,225.0,340.0,244.0
2010-09-21,0.43,1.34,2.61,3.79,218.0,336.0,245.0
2010-09-22,0.44,1.33,2.56,3.74,212.0,330.0,241.0
2010-09-23,0.45,1.34,2.56,3.73,211.0,328.0,239.0
2010-09-24,0.45,1.37,2.62,3.79,217.0,334.0,242.0
2010-09-27,0.44,1.31,2.54,3.7,210.0,326.0,239.0
2010-09-28,0.37,1.25,2.48,3.66,211.0,329.0,241.0
2010-09-29,0.44,1.28,2.52,3.69,208.0,325.0,241.0
2010-09-30,0.42,1.27,2.53,3.69,211.0,327.0,242.0
2010-10-01,0.42,1.26,2.54,3.71,212.0,329.0,245.0
2010-10-04,0.41,1.23,2.5,3.71,209.0,330.0,248.0
2010-10-05,0.41,1.21,2.5,3.74,209.0,333.0,253.0
2010-10-06,0.38,1.16,2.41,3.67,203.0,329.0,251.0
2010-10-07,0.36,1.14,2.41,3.72,205.0,336.0,258.0
2010-10-08,0.35,1.11,2.41,3.75,206.0,340.0,264.0
2010-10-12,0.37,1.14,2.44,3.8,207.0,343.0,266.0
2010-10-13,0.37,1.13,2.46,3.84,209.0,347.0,271.0
2010-10-14,0.38,1.18,2.52,3.91,214.0,353.0,273.0
2010-10-15,0.37,1.2,2.59,3.98,222.0,361.0,278.0
2010-10-18,0.38,1.14,2.52,3.93,214.0,355.0,279.0
2010-10-19,0.37,1.11,2.5,3.9,213.0,353.0,279.0
2010-10-20,0.35,1.11,2.51,3.89,216.0,354.0,278.0
2010-10-21,0.37,1.15,2.57,3.95,220.0,358.0,280.0
2010-10-22,0.35,1.17,2.59,3.94,224.0,359.0,277.0
2010-10-25,0.37,1.2,2.59,3.91,222.0,354.0,271.0
2010-10-26,0.4,1.27,2.67,4.0,227.0,360.0,273.0
2010-10-27,0.4,1.34,2.75,4.06,235.0,366.0,272.0
2010-10-28,0.37,1.23,2.69,4.05,232.0,368.0,282.0
2010-10-29,0.34,1.17,2.63,3.99,229.0,365.0,282.0
2010-11-01,0.34,1.17,2.66,4.01,232.0,367.0,284.0
2010-11-02,0.34,1.15,2.63,3.93,229.0,359.0,278.0
2010-11-03,0.34,1.11,2.67,4.09,233.0,375.0,298.0
2010-11-04,0.33,1.04,2.53,4.04,220.0,371.0,300.0
2010-11-05,0.38,1.1,2.58,4.12,220.0,374.0,302.0
2010-11-08,0.41,1.13,2.6,4.12,219.0,371.0,299.0
2010-11-09,0.46,1.27,2.72,4.25,226.0,379.0,298.0
2010-11-10,0.44,1.23,2.65,4.25,221.0,381.0,302.0
2010-11-12,0.51,1.35,2.76,4.26,225.0,375.0,291.0
2010-11-15,0.53,1.51,2.92,4.38,239.0,385.0,287.0
2010-11-16,0.51,1.49,2.85,4.26,234.0,375.0,277.0
2010-11-17,0.5,1.49,2.89,4.31,239.0,381.0,282.0
2010-11-18,0.52,1.51,2.9,4.29,238.0,377.0,278.0
2010-11-19,0.52,1.54,2.88,4.25,236.0,373.0,271.0
2010-11-22,0.49,1.44,2.8,4.2,231.0,371.0,276.0
2010-11-23,0.45,1.4,2.77,4.18,232.0,373.0,278.0
2010-11-24,0.53,1.56,2.93,4.29,240.0,376.0,273.0
2010-11-26,0.51,1.53,2.87,4.21,236.0,370.0,268.0
2010-11-29,0.52,1.51,2.84,4.16,232.0,364.0,265.0
2010-11-30,0.45,1.47,2.81,4.12,236.0,367.0,265.0
2010-12-01,0.53,1.64,2.97,4.24,244.0,371.0,260.0
2010-12-02,0.55,1.68,3.01,4.27,246.0,372.0,259.0
2010-12-03,0.49,1.64,3.03,4.32,254.0,383.0,268.0
2010-12-06,0.42,1.53,2.95,4.25,253.0,383.0,272.0
2010-12-07,0.54,1.74,3.15,4.39,261.0,385.0,265.0
2010-12-08,0.63,1.87,3.26,4.45,263.0,382.0,258.0
2010-12-09,0.64,1.9,3.23,4.41,259.0,377.0,251.0
2010-12-10,0.64,1.98,3.32,4.43,268.0,379.0,245.0
2010-12-13,0.61,1.91,3.29,4.39,268.0,378.0,248.0
2010-12-14,0.66,2.08,3.49,4.54,283.0,388.0,246.0
2010-12-15,0.68,2.11,3.53,4.59,285.0,391.0,248.0
2010-12-16,0.66,2.06,3.47,4.57,281.0,391.0,251.0
2010-12-17,0.61,1.97,3.33,4.41,272.0,380.0,244.0
2010-12-20,0.62,1.99,3.36,4.44,274.0,382.0,245.0
2010-12-21,0.63,1.99,3.35,4.44,272.0,381.0,245.0
2010-12-22,0.65,2.02,3.36,4.45,271.0,380.0,243.0
2010-12-23,0.67,2.09,3.41,4.47,274.0,380.0,238.0
2010-12-27,0.71,2.08,3.36,4.42,265.0,371.0,234.0
2010-12-28,0.75,2.18,3.5,4.53,275.0,378.0,235.0
2010-12-29,0.64,2.03,3.35,4.41,271.0,377.0,238.0
2010-12-30,0.66,2.06,3.38,4.43,272.0,377.0,237.0
2010-12-31,0.61,2.01,3.3,4.34,269.0,373.0,233.0
2011-01-03,0.61,2.02,3.36,4.39,275.0,378.0,237.0
2011-01-04,0.63,2.01,3.36,4.44,273.0,381.0,243.0
2011-01-05,0.71,2.14,3.5,4.55,279.0,384.0,241.0
2011-01-06,0.68,2.09,3.44,4.53,276.0,385.0,244.0
2011-01-07,0.6,1.96,3.34,4.48,274.0,388.0,252.0
2011-01-10,0.59,1.93,3.32,4.47,273.0,388.0,254.0
2011-01-11,0.6,1.98,3.37,4.49,277.0,389.0,251.0
2011-01-12,0.61,1.99,3.4,4.52,279.0,391.0,253.0
2011-01-13,0.59,1.93,3.34,4.5,275.0,391.0,257.0
2011-01-14,0.59,1.95,3.35,4.53,276.0,394.0,258.0
2011-01-18,0.6,1.97,3.39,4.56,279.0,396.0,259.0
2011-01-19,0.6,1.95,3.37,4.53,277.0,393.0,258.0
2011-01-20,0.65,2.06,3.47,4.6,282.0,395.0,254.0
2011-01-21,0.63,2.04,3.44,4.57,281.0,394.0,253.0
2011-01-24,0.65,2.03,3.43,4.55,278.0,390.0,252.0
2011-01-25,0.62,1.96,3.35,4.48,273.0,386.0,252.0
2011-01-26,0.62,2.03,3.45,4.59,283.0,397.0,256.0
2011-01-27,0.59,1.98,3.42,4.57,283.0,398.0,259.0
2011-01-28,0.54,1.92,3.36,4.53,282.0,399.0,261.0
2011-01-31,0.58,1.95,3.42,4.58,284.0,400.0,263.0
2011-02-01,0.61,2.02,3.48,4.62,287.0,401.0,260.0
2011-02-02,0.67,2.1,3.52,4.64,285.0,397.0,254.0
2011-02-03,0.71,2.18,3.58,4.67,287.0,396.0,249.0
2011-02-04,0.77,2.27,3.68,4.73,291.0,396.0,246.0
2011-02-07,0.78,2.29,3.68,4.71,290.0,393.0,242.0
2011-02-08,0.86,2.39,3.75,4.76,289.0,390.0,237.0
2011-02-09,0.81,2.33,3.65,4.71,284.0,390.0,238.0
2011-02-10,0.85,2.4,3.7,4.75,285.0,390.0,235.0
2011-02-11,0.85,2.38,3.64,4.71,279.0,386.0,233.0
2011-02-14,0.87,2.37,3.62,4.67,275.0,380.0,230.0
2011-02-15,0.84,2.35,3.61,4.66,277.0,382.0,231.0
2011-02-16,0.86,2.37,3.62,4.67,276.0,381.0,230.0
2011-02-17,0.8,2.3,3.58,4.66,278.0,386.0,236.0
2011-02-18,0.78,2.3,3.59,4.7,281.0,392.0,240.0
2011-02-22,0.74,2.16,3.46,4.6,272.0,386.0,244.0
2011-02-23,0.74,2.21,3.49,4.59,275.0,385.0,238.0
2011-02-24,0.73,2.19,3.46,4.54,273.0,381.0,235.0
2011-02-25,0.72,2.16,3.42,4.51,270.0,379.0,235.0
2011-02-28,0.69,2.13,3.42,4.49,273.0,380.0,236.0
2011-03-01,0.66,2.11,3.41,4.48,275.0,382.0,237.0
2011-03-02,0.69,2.16,3.46,4.54,277.0,385.0,238.0
2011-03-03,0.79,2.3,3.58,4.64,279.0,385.0,234.0
2011-03-04,0.68,2.17,3.49,4.6,281.0,392.0,243.0
2011-03-07,0.7,2.19,3.51,4.61,281.0,391.0,242.0
2011-03-08,0.73,2.22,3.56,4.66,283.0,393.0,244.0
2011-03-09,0.7,2.16,3.48,4.6,278.0,390.0,244.0
2011-03-10,0.65,2.05,3.37,4.53,272.0,388.0,248.0
2011-03-11,0.64,2.06,3.4,4.54,276.0,390.0,248.0
2011-03-14,0.61,2.0,3.36,4.52,275.0,391.0,252.0
2011-03-15,0.63,2.0,3.33,4.47,270.0,384.0,247.0
2011-03-16,0.58,1.87,3.22,4.38,264.0,380.0,251.0
2011-03-17,0.6,1.91,3.25,4.42,265.0,382.0,251.0
2011-03-18,0.61,1.96,3.28,4.43,267.0,382.0,247.0
2011-03-21,0.67,2.04,3.34,4.45,267.0,378.0,241.0
2011-03-22,0.68,2.07,3.34,4.44,266.0,376.0,237.0
2011-03-23,0.69,2.07,3.36,4.44,267.0,375.0,237.0
2011-03-24,0.72,2.14,3.42,4.48,270.0,376.0,234.0
2011-03-25,0.79,2.2,3.46,4.51,267.0,372.0,231.0
2011-03-28,0.81,2.23,3.47,4.51,266.0,370.0,228.0
2011-03-29,0.81,2.25,3.5,4.54,269.0,373.0,229.0
2011-03-30,0.8,2.21,3.47,4.52,267.0,372.0,231.0
2011-03-31,0.8,2.24,3.47,4.51,267.0,371.0,227.0
2011-04-01,0.8,2.24,3.46,4.48,266.0,368.0,224.0
2011-04-04,0.77,2.2,3.45,4.49,268.0,372.0,229.0
2011-04-05,0.84,2.28,3.5,4.51,266.0,367.0,223.0
2011-04-06,0.85,2.32,3.56,4.58,271.0,373.0,226.0
2011-04-07,0.81,2.29,3.58,4.63,277.0,382.0,234.0
2011-04-08,0.83,2.31,3.59,4.63,276.0,380.0,232.0
2011-04-11,0.85,2.31,3.59,4.64,274.0,379.0,233.0
2011-04-12,0.77,2.22,3.52,4.58,275.0,381.0,236.0
2011-04-13,0.75,2.19,3.49,4.55,274.0,380.0,236.0
2011-04-14,0.77,2.23,3.51,4.53,274.0,376.0,230.0
2011-04-15,0.71,2.14,3.43,4.47,272.0,376.0,233.0
2011-04-18,0.69,2.09,3.4,4.45,271.0,376.0,236.0
2011-04-19,0.68,2.09,3.39,4.43,271.0,375.0,234.0
2011-04-20,0.69,2.15,3.43,4.47,274.0,378.0,232.0
2011-04-21,0.68,2.14,3.42,4.47,274.0,379.0,233.0
2011-04-25,0.67,2.1,3.39,4.46,272.0,379.0,236.0
2011-04-26,0.65,2.05,3.34,4.39,269.0,374.0,234.0
2011-04-27,0.65,2.06,3.39,4.45,274.0,380.0,239.0
2011-04-28,0.62,2.0,3.34,4.42,272.0,380.0,242.0
2011-04-29,0.61,1.97,3.32,4.4,271.0,379.0,243.0
2011-05-02,0.61,1.96,3.31,4.38,270.0,377.0,242.0
2011-05-03,0.61,1.96,3.28,4.36,267.0,375.0,240.0
2011-05-04,0.6,1.95,3.25,4.33,265.0,373.0,238.0
2011-05-05,0.58,1.88,3.18,4.26,260.0,368.0,238.0
2011-05-06,0.57,1.87,3.19,4.29,262.0,372.0,242.0
2011-05-09,0.57,1.84,3.17,4.3,260.0,373.0,246.0
2011-05-10,0.59,1.91,3.23,4.34,264.0,375.0,243.0
2011-05-11,0.56,1.87,3.19,4.31,263.0,375.0,244.0
2011-05-12,0.57,1.89,3.22,4.37,265.0,380.0,248.0
2011-05-13,0.57,1.86,3.18,4.32,261.0,375.0,246.0
2011-05-16,0.54,1.83,3.15,4.28,261.0,374.0,245.0
2011-05-17,0.55,1.8,3.12,4.23,257.0,368.0,243.0
2011-05-18,0.58,1.87,3.18,4.29,260.0,371.0,242.0
2011-05-19,0.55,1.85,3.17,4.3,262.0,375.0,245.0
2011-05-20,0.55,1.82,3.15,4.3,260.0,375.0,248.0
2011-05-23,0.55,1.8,3.13,4.27,258.0,372.0,247.0
2011-05-24,0.56,1.81,3.12,4.26,256.0,370.0,245.0
2011-05-25,0.54,1.81,3.13,4.28,259.0,374.0,247.0
2011-05-26,0.48,1.72,3.07,4.23,259.0,375.0,251.0
2011-05-27,0.48,1.71,3.07,4.24,259.0,376.0,253.0
2011-05-31,0.45,1.68,3.05,4.22,260.0,377.0,254.0
2011-06-01,0.44,1.6,2.96,4.15,252.0,371.0,255.0
2011-06-02,0.45,1.65,3.04,4.25,259.0,380.0,260.0
2011-06-03,0.42,1.6,2.99,4.22,257.0,380.0,262.0
2011-06-06,0.43,1.6,3.01,4.25,258.0,382.0,265.0
2011-06-07,0.39,1.59,3.01,4.27,262.0,388.0,268.0
2011-06-08,0.39,1.52,2.98,4.2,259.0,381.0,268.0
2011-06-09,0.43,1.6,3.01,4.22,258.0,379.0,262.0
2011-06-10,0.41,1.58,2.99,4.18,258.0,377.0,260.0
2011-06-13,0.4,1.59,3.0,4.2,260.0,380.0,261.0
2011-06-14,0.45,1.7,3.11,4.3,266.0,385.0,260.0
2011-06-15,0.38,1.55,2.98,4.19,260.0,381.0,264.0
2011-06-16,0.38,1.52,2.93,4.16,255.0,378.0,264.0
2011-06-17,0.38,1.53,2.94,4.19,256.0,381.0,266.0
2011-06-20,0.38,1.55,2.97,4.19,259.0,381.0,264.0
2011-06-21,0.4,1.57,2.99,4.21,259.0,381.0,264.0
2011-06-22,0.39,1.58,3.01,4.22,262.0,383.0,264.0
2011-06-23,0.35,1.48,2.93,4.17,258.0,382.0,269.0
2011-06-24,0.35,1.4,2.88,4.17,253.0,382.0,277.0
2011-06-27,0.41,1.47,2.95,4.28,254.0,387.0,281.0
2011-06-28,0.48,1.62,3.05,4.33,257.0,385.0,271.0
2011-06-29,0.47,1.7,3.14,4.39,267.0,392.0,269.0
2011-06-30,0.45,1.76,3.18,4.38,273.0,393.0,262.0
2011-07-01,0.5,1.8,3.22,4.4,272.0,390.0,260.0
2011-07-05,0.44,1.7,3.16,4.39,272.0,395.0,269.0
2011-07-06,0.43,1.66,3.12,4.35,269.0,392.0,269.0
2011-07-07,0.49,1.74,3.17,4.37,268.0,388.0,263.0
2011-07-08,0.4,1.57,3.03,4.27,263.0,387.0,270.0
2011-07-11,0.37,1.49,2.94,4.2,257.0,383.0,271.0
2011-07-12,0.37,1.47,2.92,4.19,255.0,382.0,272.0
2011-07-13,0.37,1.45,2.92,4.17,255.0,380.0,272.0
2011-07-14,0.38,1.51,2.98,4.25,260.0,387.0,274.0
2011-07-15,0.37,1.46,2.94,4.26,257.0,389.0,280.0
2011-07-18,0.37,1.45,2.94,4.29,257.0,392.0,284.0
2011-07-19,0.39,1.45,2.91,4.19,252.0,380.0,274.0
2011-07-20,0.4,1.49,2.96,4.25,256.0,385.0,276.0
2011-07-21,0.4,1.56,3.03,4.31,263.0,391.0,275.0
2011-07-22,0.4,1.53,2.99,4.26,259.0,386.0,273.0
2011-07-25,0.42,1.55,3.03,4.31,261.0,389.0,276.0
2011-07-26,0.41,1.51,2.99,4.28,258.0,387.0,277.0
2011-07-27,0.44,1.56,3.01,4.29,257.0,385.0,273.0
2011-07-28,0.42,1.52,2.98,4.26,256.0,384.0,274.0
2011-07-29,0.36,1.35,2.82,4.12,246.0,376.0,277.0
2011-08-01,0.38,1.32,2.77,4.07,239.0,369.0,275.0
2011-08-02,0.33,1.23,2.66,3.93,233.0,360.0,270.0
2011-08-03,0.33,1.25,2.64,3.89,231.0,356.0,264.0
2011-08-04,0.27,1.12,2.47,3.7,220.0,343.0,258.0
2011-08-05,0.28,1.23,2.58,3.82,230.0,354.0,259.0
2011-08-08,0.27,1.11,2.4,3.68,213.0,341.0,257.0
2011-08-09,0.19,0.91,2.2,3.56,201.0,337.0,265.0
2011-08-10,0.19,0.93,2.17,3.54,198.0,335.0,261.0
2011-08-11,0.19,1.02,2.34,3.82,215.0,363.0,280.0
2011-08-12,0.2,0.96,2.24,3.72,204.0,352.0,276.0
2011-08-15,0.19,0.99,2.29,3.75,210.0,356.0,276.0
2011-08-16,0.2,0.95,2.23,3.67,203.0,347.0,272.0
2011-08-17,0.19,0.92,2.17,3.57,198.0,338.0,265.0
2011-08-18,0.2,0.9,2.08,3.45,188.0,325.0,255.0
2011-08-19,0.2,0.9,2.07,3.39,187.0,319.0,249.0
2011-08-22,0.22,0.94,2.1,3.42,188.0,320.0,248.0
2011-08-23,0.22,0.95,2.15,3.47,193.0,325.0,252.0
2011-08-24,0.23,1.05,2.29,3.63,206.0,340.0,258.0
2011-08-25,0.22,0.98,2.23,3.6,201.0,338.0,262.0
2011-08-26,0.2,0.94,2.19,3.54,199.0,334.0,260.0
2011-08-29,0.2,0.99,2.28,3.63,208.0,343.0,264.0
2011-08-30,0.2,0.94,2.19,3.53,199.0,333.0,259.0
2011-08-31,0.2,0.96,2.23,3.6,203.0,340.0,264.0
2011-09-01,0.19,0.9,2.15,3.51,196.0,332.0,261.0
2011-09-02,0.2,0.88,2.02,3.32,182.0,312.0,244.0
2011-09-06,0.21,0.88,1.98,3.26,177.0,305.0,238.0
2011-09-07,0.21,0.92,2.05,3.36,184.0,315.0,244.0
2011-09-08,0.19,0.88,2.0,3.32,181.0,313.0,244.0
2011-09-09,0.17,0.81,1.93,3.26,176.0,309.0,245.0
2011-09-12,0.21,0.87,1.94,3.24,173.0,303.0,237.0
2011-09-13,0.21,0.89,2.0,3.32,179.0,311.0,243.0
2011-09-14,0.19,0.91,2.03,3.32,184.0,313.0,241.0
2011-09-15,0.21,0.95,2.09,3.36,188.0,315.0,241.0
2011-09-16,0.18,0.94,2.08,3.34,190.0,316.0,240.0
2011-09-19,0.16,0.85,1.97,3.22,181.0,306.0,237.0
2011-09-20,0.18,0.85,1.95,3.2,177.0,302.0,235.0
2011-09-21,0.21,0.88,1.88,3.03,167.0,282.0,215.0
2011-09-22,0.2,0.79,1.72,2.78,152.0,258.0,199.0
2011-09-23,0.23,0.89,1.84,2.89,161.0,266.0,200.0
2011-09-26,0.25,0.92,1.91,2.99,166.0,274.0,207.0
2011-09-27,0.25,0.97,2.0,3.08,175.0,283.0,211.0
2011-09-28,0.27,0.99,2.03,3.1,176.0,283.0,211.0
2011-09-29,0.27,0.98,1.99,3.03,172.0,276.0,205.0
2011-09-30,0.25,0.96,1.92,2.9,167.0,265.0,194.0
2011-10-03,0.24,0.87,1.8,2.76,156.0,252.0,189.0
2011-10-04,0.25,0.9,1.81,2.77,156.0,252.0,187.0
2011-10-05,0.25,0.96,1.92,2.87,167.0,262.0,191.0
2011-10-06,0.29,1.01,2.01,2.96,172.0,267.0,195.0
2011-10-07,0.3,1.08,2.1,3.02,180.0,272.0,194.0
2011-10-11,0.32,1.14,2.18,3.11,186.0,279.0,197.0
2011-10-12,0.29,1.17,2.24,3.19,195.0,290.0,202.0
2011-10-13,0.29,1.11,2.19,3.15,190.0,286.0,204.0
2011-10-14,0.28,1.12,2.26,3.22,198.0,294.0,210.0
2011-10-17,0.28,1.08,2.18,3.13,190.0,285.0,205.0
2011-10-18,0.28,1.07,2.19,3.17,191.0,289.0,210.0
2011-10-19,0.28,1.05,2.18,3.17,190.0,289.0,212.0
2011-10-20,0.28,1.07,2.2,3.19,192.0,291.0,212.0
2011-10-21,0.3,1.08,2.23,3.26,193.0,296.0,218.0
2011-10-24,0.3,1.1,2.25,3.27,195.0,297.0,217.0
2011-10-25,0.26,1.01,2.14,3.13,188.0,287.0,212.0
2011-10-26,0.28,1.09,2.23,3.22,195.0,294.0,213.0
2011-10-27,0.31,1.2,2.42,3.45,211.0,314.0,225.0
2011-10-28,0.28,1.13,2.34,3.36,206.0,308.0,223.0
2011-10-31,0.25,0.99,2.17,3.16,192.0,291.0,217.0
2011-11-01,0.23,0.9,2.01,2.99,178.0,276.0,209.0
2011-11-02,0.23,0.89,2.03,3.03,180.0,280.0,214.0
2011-11-03,0.24,0.91,2.09,3.1,185.0,286.0,219.0
2011-11-04,0.22,0.88,2.06,3.09,184.0,287.0,221.0
2011-11-07,0.25,0.88,2.04,3.05,179.0,280.0,217.0
2011-11-08,0.25,0.92,2.1,3.13,185.0,288.0,221.0
2011-11-09,0.24,0.88,2.0,3.03,176.0,279.0,215.0
2011-11-10,0.24,0.9,2.04,3.12,180.0,288.0,222.0
2011-11-14,0.24,0.91,2.04,3.09,180.0,285.0,218.0
2011-11-15,0.26,0.93,2.06,3.1,180.0,284.0,217.0
2011-11-16,0.26,0.9,2.01,3.05,175.0,279.0,215.0
2011-11-17,0.27,0.88,1.96,2.98,169.0,271.0,210.0
2011-11-18,0.29,0.94,2.01,2.99,172.0,270.0,205.0
2011-11-21,0.27,0.92,1.97,2.96,170.0,269.0,204.0
2011-11-22,0.26,0.91,1.94,2.91,168.0,265.0,200.0
2011-11-23,0.26,0.88,1.89,2.82,163.0,256.0,194.0
2011-11-25,0.28,0.93,1.97,2.92,169.0,264.0,199.0
2011-11-28,0.26,0.91,1.97,2.93,171.0,267.0,202.0
2011-11-29,0.27,0.93,2.0,2.96,173.0,269.0,203.0
2011-11-30,0.25,0.96,2.08,3.06,183.0,281.0,210.0
2011-12-01,0.27,0.97,2.11,3.12,184.0,285.0,215.0
2011-12-02,0.25,0.92,2.05,3.03,180.0,278.0,211.0
2011-12-05,0.27,0.93,2.04,3.02,177.0,275.0,209.0
2011-12-06,0.25,0.94,2.08,3.09,183.0,284.0,215.0
2011-12-07,0.24,0.89,2.02,3.04,178.0,280.0,215.0
2011-12-08,0.22,0.86,1.99,3.0,177.0,278.0,214.0
2011-12-09,0.22,0.89,2.07,3.1,185.0,288.0,221.0
2011-12-12,0.24,0.87,2.03,3.06,179.0,282.0,219.0
2011-12-13,0.24,0.85,1.96,2.98,172.0,274.0,213.0
2011-12-14,0.25,0.86,1.92,2.91,167.0,266.0,205.0
2011-12-15,0.26,0.86,1.92,2.92,166.0,266.0,206.0
2011-12-16,0.24,0.81,1.86,2.86,162.0,262.0,205.0
2011-12-19,0.24,0.82,1.82,2.79,158.0,255.0,197.0
2011-12-20,0.26,0.88,1.94,2.93,168.0,267.0,205.0
2011-12-21,0.28,0.91,1.98,3.0,170.0,272.0,209.0
2011-12-22,0.28,0.91,1.97,2.99,169.0,271.0,208.0
2011-12-23,0.28,0.97,2.03,3.05,175.0,277.0,208.0
2011-12-27,0.3,0.96,2.02,3.04,172.0,274.0,208.0
2011-12-28,0.28,0.91,1.93,2.91,165.0,263.0,200.0
2011-12-29,0.28,0.88,1.91,2.9,163.0,262.0,202.0
2011-12-30,0.25,0.83,1.89,2.89,164.0,264.0,206.0
2012-01-03,0.27,0.89,1.97,2.98,170.0,271.0,209.0
2012-01-04,0.25,0.89,2.0,3.03,175.0,278.0,214.0
2012-01-05,0.27,0.88,2.02,3.06,175.0,279.0,218.0
2012-01-06,0.25,0.86,1.98,3.02,173.0,277.0,216.0
2012-01-09,0.26,0.85,1.98,3.02,172.0,276.0,217.0
2012-01-10,0.24,0.86,2.0,3.04,176.0,280.0,218.0
2012-01-11,0.24,0.82,1.93,2.96,169.0,272.0,214.0
2012-01-12,0.22,0.84,1.94,2.97,172.0,275.0,213.0
2012-01-13,0.24,0.8,1.89,2.91,165.0,267.0,211.0
2012-01-17,0.21,0.79,1.87,2.89,166.0,268.0,210.0
2012-01-18,0.24,0.82,1.92,2.96,168.0,272.0,214.0
2012-01-19,0.26,0.87,2.01,3.05,175.0,279.0,218.0
2012-01-20,0.26,0.91,2.05,3.1,179.0,284.0,219.0
2012-01-23,0.26,0.93,2.09,3.15,183.0,289.0,222.0
2012-01-24,0.24,0.92,2.08,3.15,184.0,291.0,223.0
2012-01-25,0.22,0.81,2.01,3.13,179.0,291.0,232.0
2012-01-26,0.22,0.77,1.96,3.1,174.0,288.0,233.0
2012-01-27,0.22,0.75,1.93,3.07,171.0,285.0,232.0
2012-01-30,0.22,0.73,1.87,2.99,165.0,277.0,226.0
2012-01-31,0.22,0.71,1.83,2.94,161.0,272.0,223.0
2012-02-01,0.23,0.72,1.87,3.01,164.0,278.0,229.0
2012-02-02,0.23,0.71,1.86,3.01,163.0,278.0,230.0
2012-02-03,0.23,0.78,1.97,3.13,174.0,290.0,235.0
2012-02-06,0.24,0.76,1.93,3.08,169.0,284.0,232.0
2012-02-07,0.25,0.82,2.0,3.14,175.0,289.0,232.0
2012-02-08,0.27,0.82,2.01,3.14,174.0,287.0,232.0
2012-02-09,0.27,0.86,2.04,3.2,177.0,293.0,234.0
2012-02-10,0.27,0.81,1.96,3.11,169.0,284.0,230.0
2012-02-13,0.29,0.85,1.99,3.14,170.0,285.0,229.0
2012-02-14,0.29,0.81,1.92,3.06,163.0,277.0,225.0
2012-02-15,0.29,0.81,1.93,3.09,164.0,280.0,228.0
2012-02-16,0.29,0.87,1.99,3.14,170.0,285.0,227.0
2012-02-17,0.29,0.88,2.01,3.16,172.0,287.0,228.0
2012-02-21,0.31,0.92,2.05,3.2,174.0,289.0,228.0
2012-02-22,0.29,0.88,2.01,3.15,172.0,286.0,227.0
2012-02-23,0.31,0.88,1.99,3.13,168.0,282.0,225.0
2012-02-24,0.31,0.89,1.98,3.1,167.0,279.0,221.0
2012-02-27,0.3,0.84,1.92,3.04,162.0,274.0,220.0
2012-02-28,0.3,0.84,1.94,3.07,164.0,277.0,223.0
2012-02-29,0.3,0.87,1.98,3.08,168.0,278.0,221.0
2012-03-01,0.3,0.89,2.03,3.15,173.0,285.0,226.0
2012-03-02,0.28,0.84,1.99,3.11,171.0,283.0,227.0
2012-03-05,0.31,0.87,2.0,3.13,169.0,282.0,226.0
2012-03-06,0.3,0.83,1.96,3.08,166.0,278.0,225.0
2012-03-07,0.3,0.85,1.98,3.12,168.0,282.0,227.0
2012-03-08,0.32,0.89,2.03,3.18,171.0,286.0,229.0
2012-03-09,0.33,0.9,2.04,3.19,171.0,286.0,229.0
2012-03-12,0.33,0.92,2.04,3.17,171.0,284.0,225.0
2012-03-13,0.35,0.99,2.14,3.26,179.0,291.0,227.0
2012-03-14,0.4,1.13,2.29,3.43,189.0,303.0,230.0
2012-03-15,0.37,1.11,2.29,3.41,192.0,304.0,230.0
2012-03-16,0.37,1.13,2.31,3.41,194.0,304.0,228.0
2012-03-19,0.39,1.2,2.39,3.48,200.0,309.0,228.0
2012-03-20,0.41,1.22,2.38,3.46,197.0,305.0,224.0
2012-03-21,0.39,1.15,2.31,3.38,192.0,299.0,223.0
2012-03-22,0.37,1.13,2.29,3.37,192.0,300.0,224.0
2012-03-23,0.37,1.1,2.25,3.31,188.0,294.0,221.0
2012-03-26,0.36,1.09,2.26,3.33,190.0,297.0,224.0
2012-03-27,0.33,1.04,2.2,3.29,187.0,296.0,225.0
2012-03-28,0.34,1.05,2.21,3.31,187.0,297.0,226.0
2012-03-29,0.33,1.01,2.18,3.27,185.0,294.0,226.0
2012-03-30,0.33,1.04,2.23,3.35,190.0,302.0,231.0
2012-04-02,0.33,1.03,2.22,3.35,189.0,302.0,232.0
2012-04-03,0.36,1.1,2.3,3.41,194.0,305.0,231.0
2012-04-04,0.35,1.05,2.25,3.37,190.0,302.0,232.0
2012-04-05,0.35,1.01,2.19,3.32,184.0,297.0,231.0
2012-04-06,0.32,0.89,2.07,3.21,175.0,289.0,232.0
2012-04-09,0.32,0.9,2.06,3.18,174.0,286.0,228.0
2012-04-10,0.28,0.85,2.01,3.13,173.0,285.0,228.0
2012-04-11,0.3,0.89,2.05,3.18,175.0,288.0,229.0
2012-04-12,0.29,0.9,2.08,3.22,179.0,293.0,232.0
2012-04-13,0.27,0.86,2.02,3.14,175.0,287.0,228.0
2012-04-16,0.27,0.85,2.0,3.12,173.0,285.0,227.0
2012-04-17,0.27,0.88,2.03,3.15,176.0,288.0,227.0
2012-04-18,0.27,0.86,2.0,3.13,173.0,286.0,227.0
2012-04-19,0.27,0.84,1.98,3.12,171.0,285.0,228.0
2012-04-20,0.29,0.86,1.99,3.12,170.0,283.0,226.0
2012-04-23,0.27,0.83,1.96,3.08,169.0,281.0,225.0
2012-04-24,0.27,0.86,2.0,3.12,173.0,285.0,226.0
2012-04-25,0.26,0.86,2.01,3.15,175.0,289.0,229.0
2012-04-26,0.26,0.83,1.98,3.13,172.0,287.0,230.0
2012-04-27,0.26,0.82,1.96,3.12,170.0,286.0,230.0
2012-04-30,0.27,0.82,1.95,3.12,168.0,285.0,230.0
2012-05-01,0.27,0.84,1.98,3.16,171.0,289.0,232.0
2012-05-02,0.27,0.82,1.96,3.11,169.0,284.0,229.0
2012-05-03,0.28,0.82,1.96,3.12,168.0,284.0,230.0
2012-05-04,0.27,0.78,1.91,3.07,164.0,280.0,229.0
2012-05-07,0.27,0.79,1.92,3.07,165.0,280.0,228.0
2012-05-08,0.27,0.77,1.88,3.03,161.0,276.0,226.0
2012-05-09,0.27,0.77,1.87,3.03,160.0,276.0,226.0
2012-05-10,0.27,0.79,1.89,3.07,162.0,280.0,228.0
2012-05-11,0.27,0.75,1.84,3.02,157.0,275.0,227.0
2012-05-14,0.29,0.73,1.78,2.95,149.0,266.0,222.0
2012-05-15,0.29,0.74,1.76,2.91,147.0,262.0,217.0
2012-05-16,0.3,0.75,1.76,2.9,146.0,260.0,215.0
2012-05-17,0.32,0.74,1.7,2.8,138.0,248.0,206.0
2012-05-18,0.32,0.75,1.71,2.8,139.0,248.0,205.0
2012-05-21,0.3,0.75,1.75,2.8,145.0,250.0,205.0
2012-05-22,0.3,0.78,1.79,2.88,149.0,258.0,210.0
2012-05-23,0.28,0.74,1.73,2.81,145.0,253.0,207.0
2012-05-24,0.29,0.77,1.77,2.86,148.0,257.0,209.0
2012-05-25,0.3,0.76,1.75,2.85,145.0,255.0,209.0
2012-05-29,0.3,0.76,1.74,2.85,144.0,255.0,209.0
2012-05-30,0.27,0.69,1.63,2.72,136.0,245.0,203.0
2012-05-31,0.27,0.67,1.59,2.67,132.0,240.0,200.0
2012-06-01,0.25,0.62,1.47,2.53,122.0,228.0,191.0
2012-06-04,0.25,0.68,1.53,2.56,128.0,231.0,188.0
2012-06-05,0.25,0.68,1.57,2.63,132.0,238.0,195.0
2012-06-06,0.26,0.73,1.66,2.73,140.0,247.0,200.0
2012-06-07,0.27,0.72,1.66,2.75,139.0,248.0,203.0
2012-06-08,0.28,0.71,1.65,2.77,137.0,249.0,206.0
2012-06-11,0.27,0.69,1.6,2.71,133.0,244.0,202.0
2012-06-12,0.3,0.75,1.67,2.77,137.0,247.0,202.0
2012-06-13,0.3,0.71,1.61,2.7,131.0,240.0,199.0
2012-06-14,0.3,0.73,1.64,2.73,134.0,243.0,200.0
2012-06-15,0.29,0.68,1.6,2.7,131.0,241.0,202.0
2012-06-18,0.29,0.69,1.59,2.67,130.0,238.0,198.0
2012-06-19,0.3,0.71,1.64,2.73,134.0,243.0,202.0
2012-06-20,0.32,0.74,1.65,2.72,133.0,240.0,198.0
2012-06-21,0.32,0.73,1.63,2.68,131.0,236.0,195.0
2012-06-22,0.31,0.76,1.69,2.75,138.0,244.0,199.0
2012-06-25,0.31,0.72,1.63,2.69,132.0,238.0,197.0
2012-06-26,0.31,0.75,1.66,2.71,135.0,240.0,196.0
2012-06-27,0.31,0.73,1.65,2.7,134.0,239.0,197.0
2012-06-28,0.31,0.69,1.6,2.67,129.0,236.0,198.0
2012-06-29,0.33,0.72,1.67,2.76,134.0,243.0,204.0
2012-07-02,0.3,0.67,1.61,2.69,131.0,239.0,202.0
2012-07-03,0.3,0.69,1.65,2.74,135.0,244.0,205.0
2012-07-05,0.28,0.68,1.62,2.72,134.0,244.0,204.0
2012-07-06,0.27,0.64,1.57,2.66,130.0,239.0,202.0
2012-07-09,0.27,0.63,1.53,2.62,126.0,235.0,199.0
2012-07-10,0.27,0.63,1.53,2.6,126.0,233.0,197.0
2012-07-11,0.27,0.64,1.54,2.6,127.0,233.0,196.0
2012-07-12,0.25,0.63,1.5,2.57,125.0,232.0,194.0
2012-07-13,0.25,0.63,1.52,2.58,127.0,233.0,195.0
2012-07-16,0.24,0.6,1.5,2.56,126.0,232.0,196.0
2012-07-17,0.25,0.62,1.53,2.59,128.0,234.0,197.0
2012-07-18,0.22,0.6,1.52,2.59,130.0,237.0,199.0
2012-07-19,0.22,0.62,1.54,2.61,132.0,239.0,199.0
2012-07-20,0.22,0.59,1.49,2.55,127.0,233.0,196.0
2012-07-23,0.22,0.57,1.47,2.52,125.0,230.0,195.0
2012-07-24,0.22,0.57,1.44,2.47,122.0,225.0,190.0
2012-07-25,0.22,0.56,1.43,2.46,121.0,224.0,190.0
2012-07-26,0.23,0.58,1.45,2.49,122.0,226.0,191.0
2012-07-27,0.25,0.65,1.58,2.63,133.0,238.0,198.0
2012-07-30,0.23,0.61,1.53,2.58,130.0,235.0,197.0
2012-07-31,0.23,0.6,1.51,2.56,128.0,233.0,196.0
2012-08-01,0.24,0.63,1.56,2.6,132.0,236.0,197.0
2012-08-02,0.24,0.61,1.51,2.55,127.0,231.0,194.0
2012-08-03,0.24,0.67,1.6,2.65,136.0,241.0,198.0
2012-08-06,0.24,0.65,1.59,2.65,135.0,241.0,200.0
2012-08-07,0.27,0.71,1.66,2.72,139.0,245.0,201.0
2012-08-08,0.29,0.73,1.68,2.75,139.0,246.0,202.0
2012-08-09,0.29,0.74,1.69,2.78,140.0,249.0,204.0
2012-08-10,0.27,0.71,1.65,2.74,138.0,247.0,203.0
2012-08-13,0.27,0.71,1.65,2.74,138.0,247.0,203.0
2012-08-14,0.27,0.75,1.73,2.82,146.0,255.0,207.0
2012-08-15,0.27,0.8,1.8,2.9,153.0,263.0,210.0
2012-08-16,0.29,0.83,1.83,2.96,154.0,267.0,213.0
2012-08-17,0.29,0.81,1.81,2.93,152.0,264.0,212.0
2012-08-20,0.29,0.8,1.82,2.93,153.0,264.0,213.0
2012-08-21,0.31,0.8,1.8,2.9,149.0,259.0,210.0
2012-08-22,0.26,0.71,1.71,2.82,145.0,256.0,211.0
2012-08-23,0.26,0.71,1.68,2.79,142.0,253.0,208.0
2012-08-24,0.28,0.72,1.68,2.79,140.0,251.0,207.0
2012-08-27,0.28,0.7,1.65,2.76,137.0,248.0,206.0
2012-08-28,0.27,0.69,1.64,2.75,137.0,248.0,206.0
2012-08-29,0.27,0.69,1.66,2.77,139.0,250.0,208.0
2012-08-30,0.27,0.66,1.63,2.75,136.0,248.0,209.0
2012-08-31,0.22,0.59,1.57,2.68,135.0,246.0,209.0
2012-09-04,0.23,0.62,1.59,2.69,136.0,246.0,207.0
2012-09-05,0.25,0.62,1.6,2.7,135.0,245.0,208.0
2012-09-06,0.27,0.68,1.68,2.8,141.0,253.0,212.0
2012-09-07,0.25,0.64,1.67,2.81,142.0,256.0,217.0
2012-09-10,0.25,0.66,1.68,2.83,143.0,258.0,217.0
2012-09-11,0.25,0.67,1.7,2.84,145.0,259.0,217.0
2012-09-12,0.25,0.7,1.77,2.92,152.0,267.0,222.0
2012-09-13,0.24,0.65,1.75,2.95,151.0,271.0,230.0
2012-09-14,0.27,0.72,1.88,3.09,161.0,282.0,237.0
2012-09-17,0.25,0.73,1.85,3.03,160.0,278.0,230.0
2012-09-18,0.25,0.71,1.82,3.0,157.0,275.0,229.0
2012-09-19,0.27,0.7,1.79,2.97,152.0,270.0,227.0
2012-09-20,0.27,0.7,1.8,2.96,153.0,269.0,226.0
2012-09-21,0.27,0.68,1.77,2.95,150.0,268.0,227.0
2012-09-24,0.27,0.68,1.74,2.91,147.0,264.0,223.0
2012-09-25,0.27,0.66,1.7,2.86,143.0,259.0,220.0
2012-09-26,0.26,0.63,1.64,2.79,138.0,253.0,216.0
2012-09-27,0.25,0.64,1.66,2.83,141.0,258.0,219.0
2012-09-28,0.23,0.62,1.65,2.82,142.0,259.0,220.0
2012-10-01,0.25,0.62,1.64,2.81,139.0,256.0,219.0
2012-10-02,0.23,0.61,1.64,2.81,141.0,258.0,220.0
2012-10-03,0.23,0.61,1.64,2.82,141.0,259.0,221.0
2012-10-04,0.23,0.63,1.7,2.89,147.0,266.0,226.0
2012-10-05,0.27,0.67,1.75,2.96,148.0,269.0,229.0
2012-10-09,0.25,0.67,1.74,2.93,149.0,268.0,226.0
2012-10-10,0.27,0.66,1.72,2.89,145.0,262.0,223.0
2012-10-11,0.28,0.67,1.7,2.86,142.0,258.0,219.0
2012-10-12,0.27,0.67,1.69,2.83,142.0,256.0,216.0
2012-10-15,0.27,0.67,1.7,2.85,143.0,258.0,218.0
2012-10-16,0.27,0.7,1.75,2.91,148.0,264.0,221.0
2012-10-17,0.3,0.78,1.83,2.98,153.0,268.0,220.0
2012-10-18,0.29,0.79,1.86,3.02,157.0,273.0,223.0
2012-10-19,0.3,0.77,1.79,2.94,149.0,264.0,217.0
2012-10-22,0.32,0.79,1.83,2.95,151.0,263.0,216.0
2012-10-23,0.29,0.77,1.79,2.91,150.0,262.0,214.0
2012-10-24,0.29,0.76,1.8,2.93,151.0,264.0,217.0
2012-10-25,0.31,0.82,1.86,2.98,155.0,267.0,216.0
2012-10-26,0.3,0.76,1.78,2.92,148.0,262.0,216.0
2012-10-29,0.3,0.74,1.74,2.87,144.0,257.0,213.0
2012-10-31,0.3,0.72,1.72,2.85,142.0,255.0,213.0
2012-11-01,0.3,0.73,1.75,2.89,145.0,259.0,216.0
2012-11-02,0.28,0.73,1.75,2.91,147.0,263.0,218.0
2012-11-05,0.28,0.7,1.72,2.88,144.0,260.0,218.0
2012-11-06,0.3,0.75,1.78,2.92,148.0,262.0,217.0
2012-11-07,0.27,0.67,1.68,2.83,141.0,256.0,216.0
2012-11-08,0.27,0.65,1.62,2.77,135.0,250.0,212.0
2012-11-09,0.27,0.65,1.61,2.75,134.0,248.0,210.0
2012-11-13,0.27,0.63,1.59,2.72,132.0,245.0,209.0
2012-11-14,0.25,0.63,1.59,2.73,134.0,248.0,210.0
2012-11-15,0.24,0.62,1.58,2.72,134.0,248.0,210.0
2012-11-16,0.24,0.62,1.58,2.73,134.0,249.0,211.0
2012-11-19,0.25,0.64,1.61,2.76,136.0,251.0,212.0
2012-11-20,0.27,0.67,1.66,2.82,139.0,255.0,215.0
2012-11-21,0.27,0.69,1.69,2.83,142.0,256.0,214.0
2012-11-23,0.29,0.7,1.7,2.83,141.0,254.0,213.0
2012-11-26,0.27,0.68,1.66,2.8,139.0,253.0,212.0
2012-11-27,0.27,0.66,1.64,2.79,137.0,252.0,213.0
2012-11-28,0.27,0.64,1.63,2.79,136.0,252.0,215.0
2012-11-29,0.25,0.63,1.62,2.79,137.0,254.0,216.0
2012-11-30,0.25,0.61,1.62,2.81,137.0,256.0,220.0
2012-12-03,0.25,0.63,1.63,2.8,138.0,255.0,217.0
2012-12-04,0.25,0.63,1.62,2.78,137.0,253.0,215.0
2012-12-05,0.25,0.61,1.6,2.78,135.0,253.0,217.0
2012-12-06,0.25,0.6,1.59,2.76,134.0,251.0,216.0
2012-12-07,0.25,0.63,1.64,2.81,139.0,256.0,218.0
2012-12-10,0.24,0.62,1.63,2.8,139.0,256.0,218.0
2012-12-11,0.24,0.64,1.66,2.83,142.0,259.0,219.0
2012-12-12,0.25,0.66,1.72,2.9,147.0,265.0,224.0
2012-12-13,0.27,0.7,1.74,2.9,147.0,263.0,220.0
2012-12-14,0.24,0.7,1.72,2.87,148.0,263.0,217.0
2012-12-17,0.25,0.74,1.78,2.94,153.0,269.0,220.0
2012-12-18,0.28,0.78,1.84,3.0,156.0,272.0,222.0
2012-12-19,0.28,0.77,1.82,2.99,154.0,271.0,222.0
2012-12-20,0.28,0.77,1.81,2.98,153.0,270.0,221.0
2012-12-21,0.26,0.75,1.77,2.93,151.0,267.0,218.0
2012-12-24,0.26,0.77,1.79,2.94,153.0,268.0,217.0
2012-12-26,0.26,0.76,1.77,2.94,151.0,268.0,218.0
2012-12-27,0.26,0.72,1.74,2.89,148.0,263.0,217.0
2012-12-28,0.27,0.72,1.73,2.88,146.0,261.0,216.0
2012-12-31,0.25,0.72,1.78,2.95,153.0,270.0,223.0
2013-01-02,0.27,0.76,1.86,3.04,159.0,277.0,228.0
2013-01-03,0.27,0.81,1.92,3.12,165.0,285.0,231.0
2013-01-04,0.27,0.82,1.93,3.1,166.0,283.0,228.0
2013-01-07,0.27,0.82,1.92,3.1,165.0,283.0,228.0
2013-01-08,0.25,0.79,1.89,3.06,164.0,281.0,227.0
2013-01-09,0.24,0.77,1.88,3.06,164.0,282.0,229.0
2013-01-10,0.26,0.8,1.91,3.08,165.0,282.0,228.0
2013-01-11,0.26,0.78,1.89,3.05,163.0,279.0,227.0
2013-01-14,0.26,0.78,1.89,3.05,163.0,279.0,227.0
2013-01-15,0.26,0.75,1.86,3.02,160.0,276.0,227.0
2013-01-16,0.26,0.75,1.84,3.01,158.0,275.0,226.0
2013-01-17,0.28,0.79,1.89,3.06,161.0,278.0,227.0
2013-01-18,0.26,0.77,1.87,3.03,161.0,277.0,226.0
2013-01-22,0.26,0.76,1.86,3.02,160.0,276.0,226.0
2013-01-23,0.26,0.76,1.86,3.02,160.0,276.0,226.0
2013-01-24,0.23,0.78,1.88,3.04,165.0,281.0,226.0
2013-01-25,0.28,0.87,1.98,3.14,170.0,286.0,227.0
2013-01-28,0.29,0.89,2.0,3.15,171.0,286.0,226.0
2013-01-29,0.3,0.9,2.03,3.18,173.0,288.0,228.0
2013-01-30,0.27,0.88,2.03,3.19,176.0,292.0,231.0
2013-01-31,0.27,0.88,2.02,3.17,175.0,290.0,229.0
2013-02-01,0.27,0.88,2.04,3.21,177.0,294.0,233.0
2013-02-04,0.25,0.85,2.0,3.17,175.0,292.0,232.0
2013-02-05,0.27,0.88,2.04,3.21,177.0,294.0,233.0
2013-02-06,0.27,0.84,2.0,3.18,173.0,291.0,234.0
2013-02-07,0.25,0.83,1.99,3.17,174.0,292.0,234.0
2013-02-08,0.25,0.84,1.99,3.17,174.0,292.0,233.0
2013-02-11,0.27,0.85,1.99,3.16,172.0,289.0,231.0
2013-02-12,0.29,0.88,2.02,3.19,173.0,290.0,231.0
2013-02-13,0.29,0.92,2.05,3.23,176.0,294.0,231.0
2013-02-14,0.27,0.86,2.0,3.17,173.0,290.0,231.0
2013-02-15,0.29,0.87,2.01,3.18,172.0,289.0,231.0
2013-02-19,0.29,0.89,2.03,3.21,174.0,292.0,232.0
2013-02-20,0.27,0.88,2.02,3.2,175.0,293.0,232.0
2013-02-21,0.26,0.86,1.99,3.17,173.0,291.0,231.0
2013-02-22,0.27,0.84,1.97,3.15,170.0,288.0,231.0
2013-02-25,0.25,0.78,1.88,3.08,163.0,283.0,230.0
2013-02-26,0.25,0.78,1.88,3.08,163.0,283.0,230.0
2013-02-27,0.27,0.78,1.91,3.11,164.0,284.0,233.0
2013-02-28,0.25,0.77,1.89,3.1,164.0,285.0,233.0
2013-03-01,0.25,0.75,1.86,3.06,161.0,281.0,231.0
2013-03-04,0.24,0.76,1.88,3.08,164.0,284.0,232.0
2013-03-05,0.25,0.77,1.9,3.1,165.0,285.0,233.0
2013-03-06,0.25,0.81,1.95,3.15,170.0,290.0,234.0
2013-03-07,0.25,0.85,2.0,3.2,175.0,295.0,235.0
2013-03-08,0.27,0.9,2.06,3.25,179.0,298.0,235.0
2013-03-11,0.27,0.9,2.07,3.26,180.0,299.0,236.0
2013-03-12,0.27,0.88,2.03,3.22,176.0,295.0,234.0
2013-03-13,0.27,0.89,2.04,3.22,177.0,295.0,233.0
2013-03-14,0.27,0.88,2.04,3.25,177.0,298.0,237.0
2013-03-15,0.25,0.84,2.01,3.22,176.0,297.0,238.0
2013-03-18,0.26,0.81,1.96,3.18,170.0,292.0,237.0
2013-03-19,0.24,0.79,1.92,3.13,168.0,289.0,234.0
2013-03-20,0.26,0.81,1.96,3.19,170.0,293.0,238.0
2013-03-21,0.27,0.81,1.95,3.15,168.0,288.0,234.0
2013-03-22,0.26,0.8,1.93,3.13,167.0,287.0,233.0
2013-03-25,0.24,0.8,1.93,3.14,169.0,290.0,234.0
2013-03-26,0.25,0.79,1.92,3.13,167.0,288.0,234.0
2013-03-27,0.25,0.76,1.87,3.09,162.0,284.0,233.0
2013-03-28,0.25,0.77,1.87,3.1,162.0,285.0,233.0
2013-04-01,0.23,0.76,1.86,3.08,163.0,285.0,232.0
2013-04-02,0.25,0.78,1.88,3.1,163.0,285.0,232.0
2013-04-03,0.24,0.73,1.83,3.05,159.0,281.0,232.0
2013-04-04,0.22,0.69,1.78,2.99,156.0,277.0,230.0
2013-04-05,0.24,0.68,1.72,2.87,148.0,263.0,219.0
2013-04-08,0.24,0.71,1.76,2.91,152.0,267.0,220.0
2013-04-09,0.24,0.7,1.78,2.94,154.0,270.0,224.0
2013-04-10,0.24,0.74,1.84,3.01,160.0,277.0,227.0
2013-04-11,0.24,0.74,1.82,3.01,158.0,277.0,227.0
2013-04-12,0.22,0.7,1.75,2.92,153.0,270.0,222.0
2013-04-15,0.22,0.69,1.72,2.88,150.0,266.0,219.0
2013-04-16,0.24,0.71,1.75,2.91,151.0,267.0,220.0
2013-04-17,0.24,0.71,1.73,2.89,149.0,265.0,218.0
2013-04-18,0.24,0.71,1.72,2.87,148.0,263.0,216.0
2013-04-19,0.24,0.72,1.73,2.88,149.0,264.0,216.0
2013-04-22,0.24,0.7,1.72,2.88,148.0,264.0,218.0
2013-04-23,0.23,0.71,1.74,2.9,151.0,267.0,219.0
2013-04-24,0.23,0.7,1.73,2.89,150.0,266.0,219.0
2013-04-25,0.23,0.71,1.74,2.91,151.0,268.0,220.0
2013-04-26,0.22,0.68,1.7,2.87,148.0,265.0,219.0
2013-04-29,0.2,0.68,1.7,2.88,150.0,268.0,220.0
2013-04-30,0.22,0.68,1.7,2.88,148.0,266.0,220.0
2013-05-01,0.2,0.65,1.66,2.83,146.0,263.0,218.0
2013-05-02,0.2,0.65,1.66,2.82,146.0,262.0,217.0
2013-05-03,0.22,0.73,1.78,2.96,156.0,274.0,223.0
2013-05-06,0.22,0.74,1.8,2.98,158.0,276.0,224.0
2013-05-07,0.22,0.75,1.82,3.0,160.0,278.0,225.0
2013-05-08,0.22,0.75,1.81,2.99,159.0,277.0,224.0
2013-05-09,0.22,0.75,1.81,3.01,159.0,279.0,226.0
2013-05-10,0.26,0.82,1.9,3.1,164.0,284.0,228.0
2013-05-13,0.24,0.83,1.92,3.13,168.0,289.0,230.0
2013-05-14,0.26,0.85,1.96,3.17,170.0,291.0,232.0
2013-05-15,0.26,0.84,1.94,3.16,168.0,290.0,232.0
2013-05-16,0.23,0.79,1.87,3.09,164.0,286.0,230.0
2013-05-17,0.26,0.84,1.95,3.17,169.0,291.0,233.0
2013-05-20,0.26,0.85,1.97,3.18,171.0,292.0,233.0
2013-05-21,0.26,0.84,1.94,3.14,168.0,288.0,230.0
2013-05-22,0.26,0.91,2.03,3.21,177.0,295.0,230.0
2013-05-23,0.26,0.91,2.02,3.2,176.0,294.0,229.0
2013-05-24,0.26,0.9,2.01,3.18,175.0,292.0,228.0
2013-05-28,0.29,1.02,2.15,3.31,186.0,302.0,229.0
2013-05-29,0.3,1.02,2.13,3.27,183.0,297.0,225.0
2013-05-30,0.31,1.01,2.13,3.28,182.0,297.0,227.0
2013-05-31,0.3,1.05,2.16,3.3,186.0,300.0,225.0
2013-06-03,0.3,1.03,2.13,3.27,183.0,297.0,224.0
2013-06-04,0.32,1.05,2.14,3.3,182.0,298.0,225.0
2013-06-05,0.3,1.02,2.1,3.25,180.0,295.0,223.0
2013-06-06,0.3,1.01,2.08,3.23,178.0,293.0,222.0
2013-06-07,0.32,1.1,2.17,3.33,185.0,301.0,223.0
2013-06-10,0.32,1.13,2.22,3.36,190.0,304.0,223.0
2013-06-11,0.34,1.12,2.2,3.33,186.0,299.0,221.0
2013-06-12,0.34,1.15,2.25,3.37,191.0,303.0,222.0
2013-06-13,0.32,1.11,2.19,3.33,187.0,301.0,222.0
2013-06-14,0.29,1.04,2.14,3.28,185.0,299.0,224.0
2013-06-17,0.27,1.06,2.19,3.35,192.0,308.0,229.0
2013-06-18,0.27,1.07,2.2,3.34,193.0,307.0,227.0
2013-06-19,0.31,1.24,2.33,3.41,202.0,310.0,217.0
2013-06-20,0.33,1.31,2.41,3.49,208.0,316.0,218.0
2013-06-21,0.38,1.42,2.52,3.56,214.0,318.0,214.0
2013-06-24,0.42,1.48,2.57,3.56,215.0,314.0,208.0
2013-06-25,0.43,1.49,2.6,3.6,217.0,317.0,211.0
2013-06-26,0.39,1.45,2.55,3.58,216.0,319.0,213.0
2013-06-27,0.36,1.38,2.49,3.54,213.0,318.0,216.0
2013-06-28,0.36,1.41,2.52,3.52,216.0,316.0,211.0
2013-07-01,0.34,1.39,2.5,3.48,216.0,314.0,209.0
2013-07-02,0.34,1.38,2.48,3.47,214.0,313.0,209.0
2013-07-03,0.36,1.42,2.52,3.49,216.0,313.0,207.0
2013-07-05,0.4,1.6,2.73,3.68,233.0,328.0,208.0
2013-07-08,0.37,1.51,2.65,3.63,228.0,326.0,212.0
2013-07-09,0.37,1.5,2.65,3.64,228.0,327.0,214.0
2013-07-10,0.38,1.54,2.7,3.68,232.0,330.0,214.0
2013-07-11,0.34,1.4,2.6,3.64,226.0,330.0,224.0
2013-07-12,0.37,1.43,2.61,3.64,224.0,327.0,221.0
2013-07-15,0.34,1.4,2.57,3.61,223.0,327.0,221.0
2013-07-16,0.34,1.38,2.55,3.58,221.0,324.0,220.0
2013-07-17,0.32,1.33,2.52,3.57,220.0,325.0,224.0
2013-07-18,0.32,1.35,2.56,3.63,224.0,331.0,228.0
2013-07-19,0.32,1.31,2.5,3.56,218.0,324.0,225.0
2013-07-22,0.32,1.32,2.5,3.55,218.0,323.0,223.0
2013-07-23,0.33,1.33,2.53,3.58,220.0,325.0,225.0
2013-07-24,0.34,1.4,2.61,3.65,227.0,331.0,225.0
2013-07-25,0.32,1.38,2.61,3.65,229.0,333.0,227.0
2013-07-26,0.31,1.36,2.58,3.61,227.0,330.0,225.0
2013-07-29,0.33,1.37,2.61,3.66,228.0,333.0,229.0
2013-07-30,0.33,1.39,2.63,3.67,230.0,334.0,228.0
2013-07-31,0.31,1.38,2.6,3.64,229.0,333.0,226.0
2013-08-01,0.35,1.49,2.74,3.77,239.0,342.0,228.0
2013-08-02,0.3,1.36,2.63,3.69,233.0,339.0,233.0
2013-08-05,0.32,1.39,2.67,3.73,235.0,341.0,234.0
2013-08-06,0.32,1.39,2.67,3.73,235.0,341.0,234.0
2013-08-07,0.32,1.38,2.61,3.68,229.0,336.0,230.0
2013-08-08,0.3,1.36,2.58,3.65,228.0,335.0,229.0
2013-08-09,0.32,1.36,2.57,3.63,225.0,331.0,227.0
2013-08-12,0.32,1.39,2.61,3.67,229.0,335.0,228.0
2013-08-13,0.34,1.49,2.71,3.75,237.0,341.0,226.0
2013-08-14,0.34,1.48,2.71,3.75,237.0,341.0,227.0
2013-08-15,0.36,1.54,2.77,3.81,241.0,345.0,227.0
2013-08-16,0.36,1.6,2.84,3.86,248.0,350.0,226.0
2013-08-19,0.36,1.63,2.88,3.89,252.0,353.0,226.0
2013-08-20,0.36,1.57,2.82,3.86,246.0,350.0,229.0
2013-08-21,0.38,1.64,2.87,3.9,249.0,352.0,226.0
2013-08-22,0.42,1.71,2.9,3.88,248.0,346.0,217.0
2013-08-23,0.4,1.66,2.82,3.8,242.0,340.0,214.0
2013-08-26,0.41,1.61,2.79,3.77,238.0,336.0,216.0
2013-08-27,0.38,1.56,2.72,3.7,234.0,332.0,214.0
2013-08-28,0.4,1.62,2.78,3.75,238.0,335.0,213.0
2013-08-29,0.39,1.6,2.75,3.7,236.0,331.0,210.0
2013-08-30,0.39,1.62,2.78,3.7,239.0,331.0,208.0
2013-09-03,0.43,1.68,2.86,3.79,243.0,336.0,211.0
2013-09-04,0.46,1.74,2.9,3.8,244.0,334.0,206.0
2013-09-05,0.52,1.85,2.98,3.88,246.0,336.0,203.0
2013-09-06,0.46,1.77,2.94,3.87,248.0,341.0,210.0
2013-09-09,0.45,1.71,2.9,3.84,245.0,339.0,213.0
2013-09-10,0.5,1.78,2.96,3.88,246.0,338.0,210.0
2013-09-11,0.47,1.72,2.93,3.85,246.0,338.0,213.0
2013-09-12,0.45,1.72,2.92,3.85,247.0,340.0,213.0
2013-09-13,0.45,1.71,2.9,3.84,245.0,339.0,213.0
2013-09-16,0.41,1.65,2.88,3.87,247.0,346.0,222.0
2013-09-17,0.39,1.62,2.86,3.84,247.0,345.0,222.0
2013-09-18,0.34,1.43,2.69,3.75,235.0,341.0,232.0
2013-09-19,0.34,1.49,2.76,3.8,242.0,346.0,231.0
2013-09-20,0.34,1.5,2.75,3.77,241.0,343.0,227.0
2013-09-23,0.35,1.48,2.72,3.73,237.0,338.0,225.0
2013-09-24,0.35,1.44,2.67,3.67,232.0,332.0,223.0
2013-09-25,0.36,1.41,2.63,3.65,227.0,329.0,224.0
2013-09-26,0.34,1.43,2.66,3.69,232.0,335.0,226.0
2013-09-27,0.34,1.4,2.64,3.68,230.0,334.0,228.0
2013-09-30,0.33,1.39,2.64,3.69,231.0,336.0,230.0
2013-10-01,0.33,1.42,2.66,3.72,233.0,339.0,230.0
2013-10-02,0.31,1.38,2.63,3.7,232.0,339.0,232.0
2013-10-03,0.33,1.36,2.62,3.71,229.0,338.0,235.0
2013-10-04,0.33,1.41,2.66,3.73,233.0,340.0,232.0
2013-10-07,0.37,1.41,2.65,3.7,228.0,333.0,229.0
2013-10-08,0.4,1.43,2.66,3.7,226.0,330.0,227.0
2013-10-09,0.37,1.43,2.68,3.73,231.0,336.0,230.0
2013-10-10,0.35,1.44,2.71,3.75,236.0,340.0,231.0
2013-10-11,0.35,1.42,2.7,3.74,235.0,339.0,232.0
2013-10-15,0.37,1.45,2.75,3.78,238.0,341.0,233.0
2013-10-16,0.34,1.41,2.69,3.72,235.0,338.0,231.0
2013-10-17,0.33,1.35,2.61,3.66,228.0,333.0,231.0
2013-10-18,0.33,1.35,2.6,3.65,227.0,332.0,230.0
2013-10-21,0.33,1.38,2.63,3.68,230.0,335.0,230.0
2013-10-22,0.31,1.3,2.54,3.61,223.0,330.0,231.0
2013-10-23,0.31,1.3,2.51,3.59,220.0,328.0,229.0
2013-10-24,0.33,1.32,2.53,3.61,220.0,328.0,229.0
2013-10-25,0.32,1.3,2.53,3.6,221.0,328.0,230.0
2013-10-28,0.32,1.31,2.54,3.61,222.0,329.0,230.0
2013-10-29,0.31,1.29,2.53,3.62,222.0,331.0,233.0
2013-10-30,0.33,1.3,2.55,3.63,222.0,330.0,233.0
2013-10-31,0.31,1.31,2.57,3.63,226.0,332.0,232.0
2013-11-01,0.33,1.37,2.65,3.69,232.0,336.0,232.0
2013-11-04,0.32,1.36,2.63,3.7,231.0,338.0,234.0
2013-11-05,0.32,1.39,2.69,3.76,237.0,344.0,237.0
2013-11-06,0.3,1.34,2.67,3.77,237.0,347.0,243.0
2013-11-07,0.29,1.31,2.63,3.71,234.0,342.0,240.0
2013-11-08,0.32,1.42,2.77,3.84,245.0,352.0,242.0
2013-11-12,0.34,1.47,2.8,3.86,246.0,352.0,239.0
2013-11-13,0.32,1.41,2.75,3.83,243.0,351.0,242.0
2013-11-14,0.29,1.34,2.69,3.79,240.0,350.0,245.0
2013-11-15,0.31,1.36,2.71,3.8,240.0,349.0,244.0
2013-11-18,0.31,1.33,2.67,3.76,236.0,345.0,243.0
2013-11-19,0.29,1.37,2.71,3.8,242.0,351.0,243.0
2013-11-20,0.28,1.39,2.8,3.9,252.0,362.0,251.0
2013-11-21,0.29,1.38,2.79,3.89,250.0,360.0,251.0
2013-11-22,0.31,1.37,2.75,3.84,244.0,353.0,247.0
2013-11-25,0.3,1.37,2.74,3.83,244.0,353.0,246.0
2013-11-26,0.29,1.34,2.71,3.8,242.0,351.0,246.0
2013-11-27,0.28,1.36,2.74,3.81,246.0,353.0,245.0
2013-11-29,0.28,1.37,2.75,3.82,247.0,354.0,245.0
2013-12-02,0.3,1.43,2.81,3.86,251.0,356.0,243.0
2013-12-03,0.28,1.4,2.79,3.84,251.0,356.0,244.0
2013-12-04,0.3,1.45,2.84,3.9,254.0,360.0,245.0
2013-12-05,0.3,1.49,2.88,3.92,258.0,362.0,243.0
2013-12-06,0.3,1.51,2.88,3.9,258.0,360.0,239.0
2013-12-09,0.3,1.5,2.86,3.88,256.0,358.0,238.0
2013-12-10,0.3,1.46,2.81,3.83,251.0,353.0,237.0
2013-12-11,0.31,1.5,2.86,3.87,255.0,356.0,237.0
2013-12-12,0.34,1.55,2.89,3.91,255.0,357.0,236.0
2013-12-13,0.34,1.55,2.88,3.88,254.0,354.0,233.0
2013-12-16,0.34,1.55,2.89,3.9,255.0,356.0,235.0
2013-12-17,0.34,1.52,2.85,3.88,251.0,354.0,236.0
2013-12-18,0.32,1.55,2.89,3.9,257.0,358.0,235.0
2013-12-19,0.35,1.63,2.94,3.91,259.0,356.0,228.0
2013-12-20,0.37,1.66,2.89,3.82,252.0,345.0,216.0
2013-12-23,0.38,1.68,2.94,3.85,256.0,347.0,217.0
2013-12-24,0.38,1.73,2.99,3.9,261.0,352.0,217.0
2013-12-26,0.42,1.74,3.0,3.92,258.0,350.0,218.0
2013-12-27,0.4,1.74,3.02,3.94,262.0,354.0,220.0
2013-12-30,0.39,1.71,2.99,3.9,260.0,351.0,219.0
2013-12-31,0.38,1.75,3.04,3.96,266.0,358.0,221.0
2014-01-02,0.39,1.72,3.0,3.92,261.0,353.0,220.0
2014-01-03,0.41,1.73,3.01,3.93,260.0,352.0,220.0
2014-01-06,0.4,1.7,2.98,3.9,258.0,350.0,220.0
2014-01-07,0.4,1.69,2.96,3.88,256.0,348.0,219.0
2014-01-08,0.43,1.77,3.01,3.9,258.0,347.0,213.0
2014-01-09,0.44,1.75,2.97,3.88,253.0,344.0,213.0
2014-01-10,0.39,1.64,2.88,3.8,249.0,341.0,216.0
2014-01-13,0.39,1.6,2.84,3.77,245.0,338.0,217.0
2014-01-14,0.39,1.65,2.88,3.8,249.0,341.0,215.0
2014-01-15,0.41,1.68,2.9,3.81,249.0,340.0,213.0
2014-01-16,0.41,1.66,2.86,3.77,245.0,336.0,211.0
2014-01-17,0.4,1.64,2.84,3.75,244.0,335.0,211.0
2014-01-21,0.4,1.67,2.85,3.74,245.0,334.0,207.0
2014-01-22,0.44,1.72,2.87,3.75,243.0,331.0,203.0
2014-01-23,0.39,1.62,2.79,3.68,240.0,329.0,206.0
2014-01-24,0.37,1.58,2.75,3.64,238.0,327.0,206.0
2014-01-27,0.37,1.61,2.78,3.67,241.0,330.0,206.0
2014-01-28,0.38,1.59,2.77,3.68,239.0,330.0,209.0
2014-01-29,0.36,1.52,2.69,3.62,233.0,326.0,210.0
2014-01-30,0.36,1.55,2.72,3.65,236.0,329.0,210.0
2014-01-31,0.34,1.49,2.67,3.61,233.0,327.0,212.0
2014-02-03,0.3,1.44,2.61,3.55,231.0,325.0,211.0
2014-02-04,0.31,1.46,2.64,3.59,233.0,328.0,213.0
2014-02-05,0.32,1.5,2.7,3.66,238.0,334.0,216.0
2014-02-06,0.33,1.52,2.73,3.67,240.0,334.0,215.0
2014-02-07,0.3,1.47,2.71,3.67,241.0,337.0,220.0
2014-02-10,0.32,1.48,2.7,3.66,238.0,334.0,218.0
2014-02-11,0.35,1.54,2.75,3.69,240.0,334.0,215.0
2014-02-12,0.35,1.59,2.8,3.72,245.0,337.0,213.0
2014-02-13,0.32,1.51,2.73,3.7,241.0,338.0,219.0
2014-02-14,0.32,1.53,2.75,3.69,243.0,337.0,216.0
2014-02-18,0.31,1.5,2.71,3.68,240.0,337.0,218.0
2014-02-19,0.33,1.53,2.73,3.71,240.0,338.0,218.0
2014-02-20,0.34,1.57,2.76,3.73,242.0,339.0,216.0
2014-02-21,0.33,1.56,2.73,3.69,240.0,336.0,213.0
2014-02-24,0.35,1.57,2.75,3.7,240.0,335.0,213.0
2014-02-25,0.34,1.53,2.7,3.66,236.0,332.0,213.0
2014-02-26,0.33,1.5,2.67,3.63,234.0,330.0,213.0
2014-02-27,0.33,1.49,2.65,3.6,232.0,327.0,211.0
2014-02-28,0.33,1.51,2.66,3.59,233.0,326.0,208.0
2014-03-03,0.32,1.46,2.6,3.55,228.0,323.0,209.0
2014-03-04,0.33,1.54,2.7,3.64,237.0,331.0,210.0
2014-03-05,0.33,1.54,2.7,3.64,237.0,331.0,210.0
2014-03-06,0.37,1.57,2.74,3.68,237.0,331.0,211.0
2014-03-07,0.38,1.65,2.8,3.72,242.0,334.0,207.0
2014-03-10,0.37,1.64,2.79,3.73,242.0,336.0,209.0
2014-03-11,0.37,1.62,2.77,3.7,240.0,333.0,208.0
2014-03-12,0.37,1.59,2.73,3.66,236.0,329.0,207.0
2014-03-13,0.34,1.53,2.66,3.6,232.0,326.0,207.0
2014-03-14,0.36,1.55,2.65,3.59,229.0,323.0,204.0
2014-03-17,0.38,1.58,2.7,3.63,232.0,325.0,205.0
2014-03-18,0.36,1.56,2.68,3.62,232.0,326.0,206.0
2014-03-19,0.47,1.75,2.78,3.66,231.0,319.0,191.0
2014-03-20,0.45,1.73,2.79,3.67,234.0,322.0,194.0
2014-03-21,0.45,1.73,2.75,3.61,230.0,316.0,188.0
2014-03-24,0.47,1.76,2.74,3.57,227.0,310.0,181.0
2014-03-25,0.47,1.76,2.75,3.59,228.0,312.0,183.0
2014-03-26,0.45,1.7,2.71,3.55,226.0,310.0,185.0
2014-03-27,0.45,1.7,2.69,3.52,224.0,307.0,182.0
2014-03-28,0.45,1.74,2.73,3.55,228.0,310.0,181.0
2014-03-31,0.44,1.73,2.73,3.56,229.0,312.0,183.0
2014-04-01,0.44,1.74,2.77,3.6,233.0,316.0,186.0
2014-04-02,0.47,1.8,2.82,3.65,235.0,318.0,185.0
2014-04-03,0.46,1.79,2.8,3.62,234.0,316.0,183.0
2014-04-04,0.43,1.71,2.74,3.59,231.0,316.0,188.0
2014-04-07,0.41,1.68,2.71,3.56,230.0,315.0,188.0
2014-04-08,0.4,1.67,2.69,3.54,229.0,314.0,187.0
2014-04-09,0.37,1.65,2.71,3.57,234.0,320.0,192.0
2014-04-10,0.37,1.59,2.65,3.52,228.0,315.0,193.0
2014-04-11,0.37,1.58,2.63,3.48,226.0,311.0,190.0
2014-04-14,0.37,1.61,2.65,3.48,228.0,311.0,187.0
2014-04-15,0.39,1.63,2.64,3.46,225.0,307.0,183.0
2014-04-16,0.39,1.67,2.65,3.45,226.0,306.0,178.0
2014-04-17,0.43,1.75,2.73,3.52,230.0,309.0,177.0
2014-04-21,0.42,1.74,2.73,3.52,231.0,310.0,178.0
2014-04-22,0.45,1.76,2.73,3.5,228.0,305.0,174.0
2014-04-23,0.43,1.73,2.7,3.47,227.0,304.0,174.0
2014-04-24,0.43,1.74,2.7,3.46,227.0,303.0,172.0
2014-04-25,0.43,1.72,2.68,3.45,225.0,302.0,173.0
2014-04-28,0.44,1.73,2.7,3.47,226.0,303.0,174.0
2014-04-29,0.44,1.74,2.71,3.49,227.0,305.0,175.0
2014-04-30,0.42,1.69,2.67,3.47,225.0,305.0,178.0
2014-05-01,0.41,1.66,2.63,3.41,222.0,300.0,175.0
2014-05-02,0.42,1.67,2.6,3.37,218.0,295.0,170.0
2014-05-05,0.43,1.68,2.63,3.41,220.0,298.0,173.0
2014-05-06,0.43,1.68,2.61,3.38,218.0,295.0,170.0
2014-05-07,0.41,1.65,2.62,3.4,221.0,299.0,175.0
2014-05-08,0.4,1.63,2.61,3.45,221.0,305.0,182.0
2014-05-09,0.4,1.63,2.62,3.47,222.0,307.0,184.0
2014-05-12,0.41,1.67,2.66,3.49,225.0,308.0,182.0
2014-05-13,0.39,1.62,2.61,3.45,222.0,306.0,183.0
2014-05-14,0.39,1.57,2.54,3.37,215.0,298.0,180.0
2014-05-15,0.38,1.55,2.5,3.33,212.0,295.0,178.0
2014-05-16,0.38,1.56,2.52,3.34,214.0,296.0,178.0
2014-05-19,0.36,1.56,2.54,3.39,218.0,303.0,183.0
2014-05-20,0.35,1.53,2.52,3.38,217.0,303.0,185.0
2014-05-21,0.37,1.55,2.54,3.42,217.0,305.0,187.0
2014-05-22,0.37,1.57,2.56,3.43,219.0,306.0,186.0
2014-05-23,0.37,1.55,2.54,3.4,217.0,303.0,185.0
2014-05-27,0.39,1.56,2.52,3.37,213.0,298.0,181.0
2014-05-28,0.37,1.5,2.44,3.29,207.0,292.0,179.0
2014-05-29,0.37,1.52,2.45,3.31,208.0,294.0,179.0
2014-05-30,0.37,1.54,2.48,3.33,211.0,296.0,179.0
2014-06-02,0.39,1.6,2.54,3.38,215.0,299.0,178.0
2014-06-03,0.41,1.65,2.6,3.43,219.0,302.0,178.0
2014-06-04,0.41,1.65,2.61,3.45,220.0,304.0,180.0
2014-06-05,0.4,1.63,2.59,3.44,219.0,304.0,181.0
2014-06-06,0.41,1.66,2.6,3.44,219.0,303.0,178.0
2014-06-09,0.43,1.69,2.62,3.45,219.0,302.0,176.0
2014-06-10,0.45,1.71,2.64,3.47,219.0,302.0,176.0
2014-06-11,0.44,1.7,2.65,3.47,221.0,303.0,177.0
2014-06-12,0.42,1.66,2.58,3.41,216.0,299.0,175.0
2014-06-13,0.45,1.7,2.6,3.41,215.0,296.0,171.0
2014-06-16,0.49,1.71,2.61,3.4,212.0,291.0,169.0
2014-06-17,0.51,1.77,2.66,3.44,215.0,293.0,167.0
2014-06-18,0.48,1.71,2.61,3.43,213.0,295.0,172.0
2014-06-19,0.48,1.71,2.64,3.47,216.0,299.0,176.0
2014-06-20,0.5,1.71,2.63,3.44,213.0,294.0,173.0
2014-06-23,0.48,1.72,2.63,3.45,215.0,297.0,173.0
2014-06-24,0.49,1.7,2.59,3.41,210.0,292.0,171.0
2014-06-25,0.48,1.68,2.57,3.38,209.0,290.0,170.0
2014-06-26,0.46,1.64,2.53,3.35,207.0,289.0,171.0
2014-06-27,0.45,1.64,2.54,3.36,209.0,291.0,172.0
2014-06-30,0.47,1.62,2.53,3.34,206.0,287.0,172.0
2014-07-01,0.47,1.66,2.58,3.4,211.0,293.0,174.0
2014-07-02,0.49,1.71,2.64,3.46,215.0,297.0,175.0
2014-07-03,0.52,1.74,2.65,3.47,213.0,295.0,173.0
2014-07-07,0.52,1.74,2.63,3.44,211.0,292.0,170.0
2014-07-08,0.51,1.7,2.58,3.38,207.0,287.0,168.0
2014-07-09,0.51,1.68,2.57,3.37,206.0,286.0,169.0
2014-07-10,0.46,1.66,2.55,3.38,209.0,292.0,172.0
2014-07-11,0.48,1.65,2.53,3.34,205.0,286.0,169.0
2014-07-14,0.48,1.68,2.55,3.36,207.0,288.0,168.0
2014-07-15,0.49,1.7,2.56,3.37,207.0,288.0,167.0
2014-07-16,0.5,1.71,2.55,3.35,205.0,285.0,164.0
2014-07-17,0.47,1.65,2.47,3.27,200.0,280.0,162.0
2014-07-18,0.51,1.69,2.5,3.29,199.0,278.0,160.0
2014-07-21,0.51,1.7,2.49,3.26,198.0,275.0,156.0
2014-07-22,0.49,1.68,2.48,3.25,199.0,276.0,157.0
2014-07-23,0.5,1.67,2.48,3.26,198.0,276.0,159.0
2014-07-24,0.53,1.72,2.52,3.3,199.0,277.0,158.0
2014-07-25,0.53,1.69,2.48,3.24,195.0,271.0,155.0
2014-07-28,0.54,1.73,2.5,3.26,196.0,272.0,153.0
2014-07-29,0.54,1.7,2.47,3.22,193.0,268.0,152.0
2014-07-30,0.56,1.77,2.57,3.31,201.0,275.0,154.0
2014-07-31,0.53,1.76,2.58,3.32,205.0,279.0,156.0
2014-08-01,0.47,1.67,2.52,3.29,205.0,282.0,162.0
2014-08-04,0.47,1.66,2.51,3.3,204.0,283.0,164.0
2014-08-05,0.47,1.66,2.49,3.28,202.0,281.0,162.0
2014-08-06,0.48,1.66,2.49,3.27,201.0,279.0,161.0
2014-08-07,0.44,1.6,2.43,3.23,199.0,279.0,163.0
2014-08-08,0.45,1.62,2.44,3.23,199.0,278.0,161.0
2014-08-11,0.47,1.62,2.44,3.24,197.0,277.0,162.0
2014-08-12,0.45,1.63,2.46,3.27,201.0,282.0,164.0
2014-08-13,0.43,1.59,2.43,3.24,200.0,281.0,165.0
2014-08-14,0.42,1.58,2.4,3.2,198.0,278.0,162.0
2014-08-15,0.42,1.55,2.34,3.13,192.0,271.0,158.0
2014-08-18,0.44,1.58,2.39,3.2,195.0,276.0,162.0
2014-08-19,0.46,1.59,2.4,3.21,194.0,275.0,162.0
2014-08-20,0.49,1.65,2.43,3.22,194.0,273.0,157.0
2014-08-21,0.49,1.64,2.41,3.19,192.0,270.0,155.0
2014-08-22,0.53,1.68,2.4,3.16,187.0,263.0,148.0
2014-08-25,0.53,1.69,2.39,3.13,186.0,260.0,144.0
2014-08-26,0.52,1.68,2.39,3.15,187.0,263.0,147.0
2014-08-27,0.51,1.65,2.37,3.11,186.0,260.0,146.0
2014-08-28,0.5,1.63,2.34,3.08,184.0,258.0,145.0
2014-08-29,0.48,1.63,2.35,3.09,187.0,261.0,146.0
2014-09-02,0.53,1.69,2.42,3.17,189.0,264.0,148.0
2014-09-03,0.52,1.69,2.41,3.15,189.0,263.0,146.0
2014-09-04,0.54,1.71,2.45,3.21,191.0,267.0,150.0
2014-09-05,0.52,1.69,2.46,3.23,194.0,271.0,154.0
2014-09-08,0.54,1.72,2.48,3.23,194.0,269.0,151.0
2014-09-09,0.56,1.76,2.5,3.23,194.0,267.0,147.0
2014-09-10,0.58,1.79,2.54,3.26,196.0,268.0,147.0
2014-09-11,0.58,1.79,2.54,3.27,196.0,269.0,148.0
2014-09-12,0.58,1.83,2.62,3.35,204.0,277.0,152.0
2014-09-15,0.58,1.8,2.6,3.34,202.0,276.0,154.0
2014-09-16,0.55,1.78,2.6,3.36,205.0,281.0,158.0
2014-09-17,0.59,1.82,2.62,3.37,203.0,278.0,155.0
2014-09-18,0.59,1.85,2.63,3.36,204.0,277.0,151.0
2014-09-19,0.59,1.83,2.59,3.29,200.0,270.0,146.0
2014-09-22,0.58,1.8,2.57,3.28,199.0,270.0,148.0
2014-09-23,0.57,1.78,2.54,3.25,197.0,268.0,147.0
2014-09-24,0.59,1.82,2.57,3.28,198.0,269.0,146.0
2014-09-25,0.56,1.75,2.52,3.22,196.0,266.0,147.0
2014-09-26,0.59,1.8,2.54,3.22,195.0,263.0,142.0
2014-09-29,0.58,1.77,2.5,3.18,192.0,260.0,141.0
2014-09-30,0.58,1.78,2.52,3.21,194.0,263.0,143.0
2014-10-01,0.53,1.69,2.42,3.12,189.0,259.0,143.0
2014-10-02,0.53,1.7,2.44,3.15,191.0,262.0,145.0
2014-10-03,0.57,1.73,2.45,3.13,188.0,256.0,140.0
2014-10-06,0.54,1.7,2.43,3.12,189.0,258.0,142.0
2014-10-07,0.52,1.64,2.36,3.06,184.0,254.0,142.0
2014-10-08,0.46,1.57,2.35,3.07,189.0,261.0,150.0
2014-10-09,0.46,1.58,2.34,3.07,188.0,261.0,149.0
2014-10-10,0.45,1.55,2.31,3.03,186.0,258.0,148.0
2014-10-14,0.39,1.45,2.21,2.95,182.0,256.0,150.0
2014-10-15,0.34,1.37,2.15,2.92,181.0,258.0,155.0
2014-10-16,0.35,1.39,2.17,2.94,182.0,259.0,155.0
2014-10-17,0.39,1.44,2.22,2.98,183.0,259.0,154.0
2014-10-20,0.37,1.41,2.2,2.96,183.0,259.0,155.0
2014-10-21,0.38,1.44,2.23,3.0,185.0,262.0,156.0
2014-10-22,0.41,1.46,2.25,3.01,184.0,260.0,155.0
2014-10-23,0.41,1.52,2.29,3.05,188.0,264.0,153.0
2014-10-24,0.41,1.52,2.29,3.05,188.0,264.0,153.0
2014-10-27,0.41,1.51,2.27,3.04,186.0,263.0,153.0
2014-10-28,0.42,1.53,2.3,3.06,188.0,264.0,153.0
2014-10-29,0.48,1.61,2.34,3.06,186.0,258.0,145.0
2014-10-30,0.48,1.58,2.32,3.04,184.0,256.0,146.0
2014-10-31,0.5,1.62,2.35,3.07,185.0,257.0,145.0
2014-11-03,0.52,1.63,2.36,3.07,184.0,255.0,144.0
2014-11-04,0.52,1.63,2.35,3.05,183.0,253.0,142.0
2014-11-05,0.52,1.63,2.36,3.06,184.0,254.0,143.0
2014-11-06,0.54,1.67,2.39,3.09,185.0,255.0,142.0
2014-11-07,0.51,1.6,2.32,3.04,181.0,253.0,144.0
2014-11-10,0.55,1.65,2.38,3.09,183.0,254.0,144.0
2014-11-12,0.55,1.65,2.37,3.09,182.0,254.0,144.0
2014-11-13,0.53,1.64,2.35,3.08,182.0,255.0,144.0
2014-11-14,0.54,1.62,2.32,3.04,178.0,250.0,142.0
2014-11-17,0.54,1.64,2.34,3.06,180.0,252.0,142.0
2014-11-18,0.53,1.63,2.32,3.05,179.0,252.0,142.0
2014-11-19,0.54,1.66,2.36,3.08,182.0,254.0,142.0
2014-11-20,0.53,1.64,2.34,3.05,181.0,252.0,141.0
2014-11-21,0.53,1.63,2.31,3.02,178.0,249.0,139.0
2014-11-24,0.53,1.62,2.3,3.01,177.0,248.0,139.0
2014-11-25,0.51,1.58,2.27,2.97,176.0,246.0,139.0
2014-11-26,0.53,1.56,2.24,2.95,171.0,242.0,139.0
2014-11-28,0.47,1.49,2.18,2.89,171.0,242.0,140.0
2014-12-01,0.49,1.52,2.22,2.95,173.0,246.0,143.0
2014-12-02,0.55,1.59,2.28,3.0,173.0,245.0,141.0
2014-12-03,0.57,1.61,2.29,2.99,172.0,242.0,138.0
2014-12-04,0.55,1.59,2.25,2.94,170.0,239.0,135.0
2014-12-05,0.65,1.69,2.31,2.97,166.0,232.0,128.0
2014-12-08,0.64,1.67,2.26,2.9,162.0,226.0,123.0
2014-12-09,0.64,1.63,2.22,2.87,158.0,223.0,124.0
2014-12-10,0.59,1.58,2.18,2.83,159.0,224.0,125.0
2014-12-11,0.62,1.62,2.19,2.84,157.0,222.0,122.0
2014-12-12,0.56,1.53,2.1,2.75,154.0,219.0,122.0
2014-12-15,0.6,1.58,2.12,2.74,152.0,214.0,116.0
2014-12-16,0.58,1.53,2.07,2.69,149.0,211.0,116.0
2014-12-17,0.62,1.61,2.14,2.74,152.0,212.0,113.0
2014-12-18,0.67,1.68,2.22,2.82,155.0,215.0,114.0
2014-12-19,0.67,1.66,2.17,2.77,150.0,210.0,111.0
2014-12-22,0.71,1.67,2.17,2.75,146.0,204.0,108.0
2014-12-23,0.73,1.76,2.26,2.85,153.0,212.0,109.0
2014-12-24,0.73,1.76,2.27,2.83,154.0,210.0,107.0
2014-12-26,0.73,1.75,2.25,2.81,152.0,208.0,106.0
2014-12-29,0.72,1.72,2.22,2.78,150.0,206.0,106.0
2014-12-30,0.69,1.68,2.2,2.76,151.0,207.0,108.0
2014-12-31,0.67,1.65,2.17,2.75,150.0,208.0,110.0
2015-01-02,0.66,1.61,2.12,2.69,146.0,203.0,108.0
2015-01-05,0.68,1.57,2.04,2.6,136.0,192.0,103.0
2015-01-06,0.65,1.5,1.97,2.52,132.0,187.0,102.0
2015-01-07,0.62,1.47,1.96,2.52,134.0,190.0,105.0
2015-01-08,0.62,1.5,2.03,2.59,141.0,197.0,109.0
2015-01-09,0.59,1.45,1.98,2.55,139.0,196.0,110.0
2015-01-12,0.56,1.39,1.92,2.49,136.0,193.0,110.0
2015-01-13,0.54,1.37,1.91,2.49,137.0,195.0,112.0
2015-01-14,0.51,1.33,1.86,2.47,135.0,196.0,114.0
2015-01-15,0.44,1.22,1.77,2.4,133.0,196.0,118.0
2015-01-16,0.49,1.29,1.83,2.44,134.0,195.0,115.0
2015-01-20,0.53,1.31,1.82,2.39,129.0,186.0,108.0
2015-01-21,0.53,1.35,1.87,2.44,134.0,191.0,109.0
2015-01-22,0.53,1.39,1.9,2.46,137.0,193.0,107.0
2015-01-23,0.52,1.33,1.81,2.38,129.0,186.0,105.0
2015-01-26,0.54,1.36,1.83,2.4,129.0,186.0,104.0
2015-01-27,0.54,1.34,1.83,2.4,129.0,186.0,106.0
2015-01-28,0.5,1.25,1.73,2.29,123.0,179.0,104.0
2015-01-29,0.51,1.28,1.77,2.33,126.0,182.0,105.0
2015-01-30,0.47,1.18,1.68,2.25,121.0,178.0,107.0
2015-02-02,0.49,1.19,1.68,2.25,119.0,176.0,106.0
2015-02-03,0.52,1.28,1.79,2.37,127.0,185.0,109.0
2015-02-04,0.52,1.29,1.81,2.39,129.0,187.0,110.0
2015-02-05,0.52,1.3,1.83,2.42,131.0,190.0,112.0
2015-02-06,0.65,1.48,1.95,2.51,130.0,186.0,103.0
2015-02-09,0.65,1.49,1.96,2.52,131.0,187.0,103.0
2015-02-10,0.67,1.52,2.01,2.58,134.0,191.0,106.0
2015-02-11,0.67,1.53,2.0,2.57,133.0,190.0,104.0
2015-02-12,0.61,1.5,1.99,2.58,138.0,197.0,108.0
2015-02-13,0.66,1.53,2.02,2.63,136.0,197.0,110.0
2015-02-17,0.7,1.62,2.14,2.73,144.0,203.0,111.0
2015-02-18,0.62,1.52,2.07,2.7,145.0,208.0,118.0
2015-02-19,0.67,1.58,2.11,2.73,144.0,206.0,115.0
2015-02-20,0.67,1.61,2.13,2.73,146.0,206.0,112.0
2015-02-23,0.64,1.56,2.06,2.66,142.0,202.0,110.0
2015-02-24,0.6,1.47,1.99,2.6,139.0,200.0,113.0
2015-02-25,0.61,1.47,1.96,2.56,135.0,195.0,109.0
2015-02-26,0.66,1.54,2.03,2.63,137.0,197.0,109.0
2015-02-27,0.63,1.5,2.0,2.6,137.0,197.0,110.0
2015-03-02,0.66,1.57,2.08,2.68,142.0,202.0,111.0
2015-03-03,0.68,1.61,2.12,2.71,144.0,203.0,110.0
2015-03-04,0.66,1.6,2.12,2.72,146.0,206.0,112.0
2015-03-05,0.65,1.57,2.11,2.71,146.0,206.0,114.0
2015-03-06,0.73,1.7,2.24,2.83,151.0,210.0,113.0
2015-03-09,0.7,1.66,2.2,2.8,150.0,210.0,114.0
2015-03-10,0.7,1.62,2.14,2.73,144.0,203.0,111.0
2015-03-11,0.7,1.6,2.11,2.69,141.0,199.0,109.0
2015-03-12,0.67,1.59,2.1,2.69,143.0,202.0,110.0
2015-03-13,0.68,1.6,2.13,2.7,145.0,202.0,110.0
2015-03-16,0.66,1.57,2.1,2.67,144.0,201.0,110.0
2015-03-17,0.7,1.56,2.06,2.61,136.0,191.0,105.0
2015-03-18,0.57,1.41,1.93,2.51,136.0,194.0,110.0
2015-03-19,0.63,1.48,1.98,2.54,135.0,191.0,106.0
2015-03-20,0.6,1.42,1.93,2.5,133.0,190.0,108.0
2015-03-23,0.6,1.41,1.92,2.51,132.0,191.0,110.0
2015-03-24,0.58,1.37,1.88,2.46,130.0,188.0,109.0
2015-03-25,0.59,1.41,1.93,2.5,134.0,191.0,109.0
2015-03-26,0.61,1.47,2.01,2.6,140.0,199.0,113.0
2015-03-27,0.58,1.42,1.95,2.53,137.0,195.0,111.0
2015-03-30,0.58,1.41,1.96,2.55,138.0,197.0,114.0
2015-03-31,0.56,1.37,1.94,2.54,138.0,198.0,117.0
2015-04-01,0.55,1.32,1.87,2.47,132.0,192.0,115.0
2015-04-02,0.55,1.35,1.92,2.53,137.0,198.0,118.0
2015-04-03,0.49,1.26,1.85,2.49,136.0,200.0,123.0
2015-04-06,0.51,1.31,1.92,2.57,141.0,206.0,126.0
2015-04-07,0.52,1.32,1.89,2.52,137.0,200.0,120.0
2015-04-08,0.54,1.35,1.92,2.53,138.0,199.0,118.0
2015-04-09,0.56,1.4,1.97,2.61,141.0,205.0,121.0
2015-04-10,0.57,1.41,1.96,2.58,139.0,201.0,117.0
2015-04-13,0.54,1.38,1.94,2.58,140.0,204.0,120.0
2015-04-14,0.53,1.34,1.9,2.54,137.0,201.0,120.0
2015-04-15,0.51,1.33,1.91,2.55,140.0,204.0,122.0
2015-04-16,0.5,1.31,1.9,2.56,140.0,206.0,125.0
2015-04-17,0.51,1.31,1.87,2.51,136.0,200.0,120.0
2015-04-20,0.55,1.33,1.9,2.56,135.0,201.0,123.0
2015-04-21,0.55,1.35,1.92,2.58,137.0,203.0,123.0
2015-04-22,0.57,1.41,1.99,2.66,142.0,209.0,125.0
2015-04-23,0.55,1.37,1.96,2.63,141.0,208.0,126.0
2015-04-24,0.54,1.34,1.93,2.62,139.0,208.0,128.0
2015-04-27,0.54,1.36,1.94,2.61,140.0,207.0,125.0
2015-04-28,0.56,1.39,2.0,2.68,144.0,212.0,129.0
2015-04-29,0.56,1.43,2.06,2.76,150.0,220.0,133.0
2015-04-30,0.58,1.43,2.05,2.75,147.0,217.0,132.0
2015-05-01,0.6,1.5,2.12,2.82,152.0,222.0,132.0
2015-05-04,0.6,1.51,2.16,2.88,156.0,228.0,137.0
2015-05-05,0.62,1.54,2.19,2.9,157.0,228.0,136.0
2015-05-06,0.65,1.58,2.25,2.98,160.0,233.0,140.0
2015-05-07,0.63,1.55,2.18,2.9,155.0,227.0,135.0
2015-05-08,0.59,1.5,2.16,2.9,157.0,231.0,140.0
2015-05-11,0.62,1.59,2.28,3.03,166.0,241.0,144.0
2015-05-12,0.61,1.58,2.28,3.02,167.0,241.0,144.0
2015-05-13,0.59,1.57,2.27,3.07,168.0,248.0,150.0
2015-05-14,0.56,1.51,2.23,3.03,167.0,247.0,152.0
2015-05-15,0.55,1.46,2.14,2.93,159.0,238.0,147.0
2015-05-18,0.58,1.54,2.23,3.02,165.0,244.0,148.0
2015-05-19,0.63,1.6,2.27,3.05,164.0,242.0,145.0
2015-05-20,0.6,1.57,2.26,3.06,166.0,246.0,149.0
2015-05-21,0.6,1.53,2.19,2.98,159.0,238.0,145.0
2015-05-22,0.64,1.57,2.21,2.99,157.0,235.0,142.0
2015-05-26,0.64,1.54,2.14,2.89,150.0,225.0,135.0
2015-05-27,0.64,1.53,2.14,2.88,150.0,224.0,135.0
2015-05-28,0.62,1.51,2.13,2.89,151.0,227.0,138.0
2015-05-29,0.61,1.49,2.12,2.88,151.0,227.0,139.0
2015-06-01,0.64,1.55,2.19,2.94,155.0,230.0,139.0
2015-06-02,0.64,1.61,2.27,3.02,163.0,238.0,141.0
2015-06-03,0.69,1.69,2.38,3.11,169.0,242.0,142.0
2015-06-04,0.66,1.65,2.31,3.03,165.0,237.0,138.0
2015-06-05,0.73,1.75,2.41,3.11,168.0,238.0,136.0
2015-06-08,0.7,1.72,2.39,3.11,169.0,241.0,139.0
2015-06-09,0.72,1.74,2.42,3.15,170.0,243.0,141.0
2015-06-10,0.75,1.8,2.5,3.22,175.0,247.0,142.0
2015-06-11,0.73,1.74,2.39,3.11,166.0,238.0,137.0
2015-06-12,0.74,1.75,2.39,3.1,165.0,236.0,135.0
2015-06-15,0.72,1.71,2.36,3.09,164.0,237.0,138.0
2015-06-16,0.71,1.68,2.32,3.06,161.0,235.0,138.0
2015-06-17,0.67,1.63,2.32,3.09,165.0,242.0,146.0
2015-06-18,0.66,1.65,2.35,3.14,169.0,248.0,149.0
2015-06-19,0.65,1.59,2.26,3.05,161.0,240.0,146.0
2015-06-22,0.68,1.68,2.37,3.16,169.0,248.0,148.0
2015-06-23,0.7,1.71,2.42,3.2,172.0,250.0,149.0
2015-06-24,0.68,1.69,2.38,3.16,170.0,248.0,147.0
2015-06-25,0.68,1.7,2.4,3.16,172.0,248.0,146.0
2015-06-26,0.72,1.75,2.49,3.25,177.0,253.0,150.0
2015-06-29,0.64,1.62,2.33,3.09,169.0,245.0,147.0
2015-06-30,0.64,1.63,2.35,3.11,171.0,247.0,148.0
2015-07-01,0.69,1.7,2.43,3.2,174.0,251.0,150.0
2015-07-02,0.64,1.64,2.4,3.19,176.0,255.0,155.0
2015-07-06,0.6,1.56,2.3,3.08,170.0,248.0,152.0
2015-07-07,0.58,1.55,2.27,3.04,169.0,246.0,149.0
2015-07-08,0.55,1.5,2.22,2.99,167.0,244.0,149.0
2015-07-09,0.6,1.58,2.32,3.11,172.0,251.0,153.0
2015-07-10,0.65,1.68,2.42,3.2,177.0,255.0,152.0
2015-07-13,0.69,1.71,2.44,3.21,175.0,252.0,150.0
2015-07-14,0.66,1.67,2.41,3.2,175.0,254.0,153.0
2015-07-15,0.64,1.63,2.36,3.13,172.0,249.0,150.0
2015-07-16,0.67,1.66,2.36,3.11,169.0,244.0,145.0
2015-07-17,0.68,1.67,2.34,3.08,166.0,240.0,141.0
2015-07-20,0.71,1.72,2.38,3.1,167.0,239.0,138.0
2015-07-21,0.71,1.69,2.35,3.08,164.0,237.0,139.0
2015-07-22,0.75,1.69,2.33,3.04,158.0,229.0,135.0
2015-07-23,0.71,1.65,2.28,2.98,157.0,227.0,133.0
2015-07-24,0.7,1.64,2.27,2.96,157.0,226.0,132.0
2015-07-27,0.68,1.58,2.23,2.93,155.0,225.0,135.0
2015-07-28,0.69,1.61,2.26,2.96,157.0,227.0,135.0
2015-07-29,0.7,1.62,2.29,2.99,159.0,229.0,137.0
2015-07-30,0.72,1.62,2.28,2.96,156.0,224.0,134.0
2015-07-31,0.67,1.54,2.2,2.92,153.0,225.0,138.0
2015-08-03,0.68,1.52,2.16,2.86,148.0,218.0,134.0
2015-08-04,0.74,1.6,2.23,2.9,149.0,216.0,130.0
2015-08-05,0.73,1.65,2.28,2.94,155.0,221.0,129.0
2015-08-06,0.71,1.62,2.23,2.9,152.0,219.0,128.0
2015-08-07,0.73,1.59,2.18,2.83,145.0,210.0,124.0
2015-08-10,0.73,1.62,2.24,2.89,151.0,216.0,127.0
2015-08-11,0.68,1.53,2.15,2.81,147.0,213.0,128.0
2015-08-12,0.67,1.52,2.14,2.84,147.0,217.0,132.0
2015-08-13,0.72,1.58,2.19,2.86,147.0,214.0,128.0
2015-08-14,0.73,1.61,2.2,2.84,147.0,211.0,123.0
2015-08-17,0.72,1.58,2.16,2.81,144.0,209.0,123.0
2015-08-18,0.74,1.6,2.2,2.87,146.0,213.0,127.0
2015-08-19,0.67,1.5,2.12,2.81,145.0,214.0,131.0
2015-08-20,0.69,1.5,2.09,2.76,140.0,207.0,126.0
2015-08-21,0.64,1.44,2.05,2.74,141.0,210.0,130.0
2015-08-24,0.59,1.39,2.01,2.73,142.0,214.0,134.0
2015-08-25,0.67,1.48,2.12,2.84,145.0,217.0,136.0
2015-08-26,0.67,1.49,2.18,2.94,151.0,227.0,145.0
2015-08-27,0.68,1.49,2.18,2.93,150.0,225.0,144.0
2015-08-28,0.72,1.52,2.19,2.92,147.0,220.0,140.0
2015-08-31,0.74,1.54,2.21,2.95,147.0,221.0,141.0
2015-09-01,0.7,1.49,2.17,2.93,147.0,223.0,144.0
2015-09-02,0.72,1.52,2.2,2.97,148.0,225.0,145.0
2015-09-03,0.71,1.49,2.18,2.95,147.0,224.0,146.0
2015-09-04,0.71,1.47,2.13,2.89,142.0,218.0,142.0
2015-09-08,0.74,1.53,2.2,2.97,146.0,223.0,144.0
2015-09-09,0.75,1.53,2.21,2.96,146.0,221.0,143.0
2015-09-10,0.75,1.55,2.23,2.98,148.0,223.0,143.0
2015-09-11,0.71,1.52,2.2,2.95,149.0,224.0,143.0
2015-09-14,0.73,1.51,2.18,2.95,145.0,222.0,144.0
2015-09-15,0.82,1.61,2.28,3.06,146.0,224.0,145.0
2015-09-16,0.82,1.62,2.3,3.08,148.0,226.0,146.0
2015-09-17,0.7,1.5,2.21,3.02,151.0,232.0,152.0
2015-09-18,0.69,1.45,2.13,2.93,144.0,224.0,148.0
2015-09-21,0.72,1.51,2.2,3.02,148.0,230.0,151.0
2015-09-22,0.69,1.44,2.14,2.94,145.0,225.0,150.0
2015-09-23,0.7,1.47,2.16,2.95,146.0,225.0,148.0
2015-09-24,0.67,1.44,2.13,2.91,146.0,224.0,147.0
2015-09-25,0.7,1.48,2.17,2.96,147.0,226.0,148.0
2015-09-28,0.67,1.42,2.1,2.87,143.0,220.0,145.0
2015-09-29,0.64,1.37,2.05,2.85,141.0,221.0,148.0
2015-09-30,0.64,1.37,2.06,2.87,142.0,223.0,150.0
2015-10-01,0.64,1.37,2.05,2.85,141.0,221.0,148.0
2015-10-02,0.58,1.29,1.99,2.82,141.0,224.0,153.0
2015-10-05,0.61,1.35,2.07,2.9,146.0,229.0,155.0
2015-10-06,0.61,1.34,2.05,2.88,144.0,227.0,154.0
2015-10-07,0.65,1.37,2.08,2.89,143.0,224.0,152.0
2015-10-08,0.65,1.4,2.12,2.96,147.0,231.0,156.0
2015-10-09,0.65,1.41,2.12,2.94,147.0,229.0,153.0
2015-10-13,0.64,1.36,2.06,2.89,142.0,225.0,153.0
2015-10-14,0.57,1.29,1.99,2.84,142.0,227.0,155.0
2015-10-15,0.61,1.34,2.04,2.87,143.0,226.0,153.0
2015-10-16,0.61,1.36,2.04,2.87,143.0,226.0,151.0
2015-10-19,0.61,1.35,2.04,2.89,143.0,228.0,154.0
2015-10-20,0.66,1.4,2.08,2.92,142.0,226.0,152.0
2015-10-21,0.64,1.37,2.04,2.87,140.0,223.0,150.0
2015-10-22,0.61,1.36,2.04,2.87,143.0,226.0,151.0
2015-10-23,0.66,1.43,2.09,2.9,143.0,224.0,147.0
2015-10-26,0.66,1.41,2.07,2.87,141.0,221.0,146.0
2015-10-27,0.65,1.38,2.05,2.86,140.0,221.0,148.0
2015-10-28,0.73,1.47,2.1,2.87,137.0,214.0,140.0
2015-10-29,0.75,1.53,2.19,2.96,144.0,221.0,143.0
2015-10-30,0.75,1.52,2.16,2.93,141.0,218.0,141.0
2015-11-02,0.77,1.57,2.2,2.95,143.0,218.0,138.0
2015-11-03,0.8,1.59,2.23,3.0,143.0,220.0,141.0
2015-11-04,0.84,1.64,2.25,3.0,141.0,216.0,136.0
2015-11-05,0.85,1.65,2.26,3.01,141.0,216.0,136.0
2015-11-06,0.9,1.73,2.34,3.09,144.0,219.0,136.0
2015-11-09,0.89,1.75,2.36,3.12,147.0,223.0,137.0
2015-11-10,0.87,1.72,2.32,3.1,145.0,223.0,138.0
2015-11-12,0.89,1.73,2.32,3.09,143.0,220.0,136.0
2015-11-13,0.86,1.67,2.28,3.06,142.0,220.0,139.0
2015-11-16,0.88,1.66,2.27,3.07,139.0,219.0,141.0
2015-11-17,0.86,1.66,2.25,3.04,139.0,218.0,138.0
2015-11-18,0.9,1.69,2.27,3.04,137.0,214.0,135.0
2015-11-19,0.91,1.68,2.24,3.0,133.0,209.0,132.0
2015-11-20,0.93,1.7,2.26,3.02,133.0,209.0,132.0
2015-11-23,0.94,1.7,2.25,3.0,131.0,206.0,130.0
2015-11-24,0.93,1.66,2.24,3.0,131.0,207.0,134.0
2015-11-25,0.93,1.66,2.23,3.0,130.0,207.0,134.0
2015-11-27,0.92,1.64,2.22,3.0,130.0,208.0,136.0
2015-11-30,0.94,1.65,2.21,2.98,127.0,204.0,133.0
2015-12-01,0.91,1.59,2.15,2.91,124.0,200.0,132.0
2015-12-02,0.94,1.63,2.18,2.91,124.0,197.0,128.0
2015-12-03,0.96,1.74,2.33,3.07,137.0,211.0,133.0
2015-12-04,0.96,1.71,2.28,3.01,132.0,205.0,130.0
2015-12-07,0.94,1.67,2.23,2.95,129.0,201.0,128.0
2015-12-08,0.94,1.68,2.24,2.97,130.0,203.0,129.0
2015-12-09,0.93,1.64,2.22,2.97,129.0,204.0,133.0
2015-12-10,0.95,1.68,2.24,2.98,129.0,203.0,130.0
2015-12-11,0.88,1.56,2.13,2.87,125.0,199.0,131.0
2015-12-14,0.97,1.66,2.23,2.96,126.0,199.0,130.0
2015-12-15,0.98,1.71,2.28,3.0,130.0,202.0,129.0
2015-12-16,1.02,1.75,2.3,3.02,128.0,200.0,127.0
2015-12-17,1.0,1.73,2.24,2.94,124.0,194.0,121.0
2015-12-18,0.97,1.67,2.19,2.9,122.0,193.0,123.0
2015-12-21,0.96,1.67,2.2,2.92,124.0,196.0,125.0
2015-12-22,0.99,1.71,2.24,2.96,125.0,197.0,125.0
2015-12-23,1.01,1.74,2.27,3.0,126.0,199.0,126.0
2015-12-24,1.03,1.73,2.25,2.96,122.0,193.0,123.0
2015-12-28,1.05,1.73,2.24,2.95,119.0,190.0,122.0
2015-12-29,1.09,1.81,2.32,3.04,123.0,195.0,123.0
2015-12-30,1.08,1.8,2.31,3.04,123.0,196.0,124.0
2015-12-31,1.06,1.76,2.27,3.01,121.0,195.0,125.0
2016-01-04,1.02,1.73,2.24,2.98,122.0,196.0,125.0
2016-01-05,1.04,1.73,2.25,3.01,121.0,197.0,128.0
2016-01-06,0.99,1.65,2.18,2.94,119.0,195.0,129.0
2016-01-07,0.96,1.61,2.16,2.92,120.0,196.0,131.0
2016-01-08,0.94,1.57,2.13,2.91,119.0,197.0,134.0
2016-01-11,0.94,1.58,2.17,2.96,123.0,202.0,138.0
2016-01-12,0.93,1.55,2.12,2.89,119.0,196.0,134.0
2016-01-13,0.91,1.51,2.08,2.85,117.0,194.0,134.0
2016-01-14,0.9,1.52,2.1,2.9,120.0,200.0,138.0
2016-01-15,0.85,1.46,2.03,2.81,118.0,196.0,135.0
2016-01-19,0.88,1.49,2.06,2.82,118.0,194.0,133.0
2016-01-20,0.85,1.44,2.01,2.77,116.0,192.0,133.0
2016-01-21,0.84,1.44,2.02,2.79,118.0,195.0,135.0
2016-01-22,0.88,1.49,2.07,2.83,119.0,195.0,134.0
2016-01-25,0.88,1.47,2.03,2.8,115.0,192.0,133.0
2016-01-26,0.85,1.45,2.01,2.79,116.0,194.0,134.0
2016-01-27,0.84,1.43,2.02,2.8,118.0,196.0,137.0
2016-01-28,0.83,1.4,2.0,2.79,117.0,196.0,139.0
2016-01-29,0.76,1.33,1.94,2.75,118.0,199.0,142.0
2016-02-01,0.81,1.38,1.97,2.77,116.0,196.0,139.0
2016-02-02,0.75,1.28,1.87,2.67,112.0,192.0,139.0
2016-02-03,0.72,1.27,1.88,2.7,116.0,198.0,143.0
2016-02-04,0.7,1.25,1.87,2.7,117.0,200.0,145.0
2016-02-05,0.74,1.25,1.86,2.68,112.0,194.0,143.0
2016-02-08,0.66,1.16,1.75,2.56,109.0,190.0,140.0
2016-02-09,0.69,1.15,1.74,2.55,105.0,186.0,140.0
2016-02-10,0.71,1.15,1.71,2.53,100.0,182.0,138.0
2016-02-11,0.64,1.11,1.63,2.5,99.0,186.0,139.0
2016-02-12,0.71,1.2,1.74,2.6,103.0,189.0,140.0
2016-02-16,0.74,1.23,1.78,2.64,104.0,190.0,141.0
2016-02-17,0.74,1.26,1.81,2.68,107.0,194.0,142.0
2016-02-18,0.71,1.21,1.75,2.62,104.0,191.0,141.0
2016-02-19,0.76,1.24,1.76,2.61,100.0,185.0,137.0
2016-02-22,0.78,1.25,1.77,2.62,99.0,184.0,137.0
2016-02-23,0.76,1.23,1.74,2.6,98.0,184.0,137.0
2016-02-24,0.75,1.21,1.75,2.61,100.0,186.0,140.0
2016-02-25,0.72,1.16,1.71,2.58,99.0,186.0,142.0
2016-02-26,0.8,1.23,1.76,2.63,96.0,183.0,140.0
2016-02-29,0.78,1.22,1.74,2.61,96.0,183.0,139.0
2016-03-01,0.85,1.31,1.83,2.7,98.0,185.0,139.0
2016-03-02,0.85,1.34,1.84,2.69,99.0,184.0,135.0
2016-03-03,0.85,1.33,1.83,2.65,98.0,180.0,132.0
2016-03-04,0.88,1.38,1.88,2.7,100.0,182.0,132.0
2016-03-07,0.91,1.42,1.91,2.71,100.0,180.0,129.0
2016-03-08,0.88,1.34,1.83,2.63,95.0,175.0,129.0
2016-03-09,0.9,1.39,1.9,2.68,100.0,178.0,129.0
2016-03-10,0.93,1.45,1.93,2.7,100.0,177.0,125.0
2016-03-11,0.97,1.49,1.98,2.75,101.0,178.0,126.0
2016-03-14,0.97,1.49,1.97,2.74,100.0,177.0,125.0
2016-03-15,0.98,1.5,1.97,2.73,99.0,175.0,123.0
2016-03-16,0.87,1.41,1.94,2.73,107.0,186.0,132.0
2016-03-17,0.87,1.39,1.91,2.69,104.0,182.0,130.0
2016-03-18,0.84,1.34,1.88,2.68,104.0,184.0,134.0
2016-03-21,0.87,1.38,1.92,2.72,105.0,185.0,134.0
2016-03-22,0.91,1.42,1.94,2.72,103.0,181.0,130.0
2016-03-23,0.87,1.37,1.88,2.65,101.0,178.0,128.0
2016-03-24,0.89,1.39,1.91,2.67,102.0,178.0,128.0
2016-03-28,0.89,1.37,1.89,2.66,100.0,177.0,129.0
2016-03-29,0.78,1.29,1.81,2.6,103.0,182.0,131.0
2016-03-30,0.76,1.26,1.83,2.65,107.0,189.0,139.0
2016-03-31,0.73,1.21,1.78,2.61,105.0,188.0,140.0
2016-04-01,0.76,1.24,1.79,2.62,103.0,186.0,138.0
2016-04-04,0.75,1.22,1.78,2.6,103.0,185.0,138.0
2016-04-05,0.72,1.17,1.73,2.54,101.0,182.0,137.0
2016-04-06,0.73,1.2,1.76,2.58,103.0,185.0,138.0
2016-04-07,0.7,1.14,1.7,2.52,100.0,182.0,138.0
2016-04-08,0.7,1.16,1.72,2.55,102.0,185.0,139.0
2016-04-11,0.7,1.16,1.73,2.56,103.0,186.0,140.0
2016-04-12,0.74,1.22,1.79,2.61,105.0,187.0,139.0
2016-04-13,0.75,1.22,1.77,2.58,102.0,183.0,136.0
2016-04-14,0.77,1.26,1.8,2.61,103.0,184.0,135.0
2016-04-15,0.74,1.22,1.76,2.56,102.0,182.0,134.0
2016-04-18,0.75,1.24,1.78,2.58,103.0,183.0,134.0
2016-04-19,0.77,1.26,1.79,2.6,102.0,183.0,134.0
2016-04-20,0.8,1.32,1.85,2.66,105.0,186.0,134.0
2016-04-21,0.82,1.35,1.88,2.69,106.0,187.0,134.0
2016-04-22,0.84,1.37,1.89,2.7,105.0,186.0,133.0
2016-04-25,0.85,1.38,1.91,2.72,106.0,187.0,134.0
2016-04-26,0.86,1.4,1.94,2.76,108.0,190.0,136.0
2016-04-27,0.83,1.33,1.87,2.71,104.0,188.0,138.0
2016-04-28,0.78,1.28,1.84,2.68,106.0,190.0,140.0
2016-04-29,0.77,1.28,1.83,2.66,106.0,189.0,138.0
2016-05-02,0.8,1.32,1.88,2.71,108.0,191.0,139.0
2016-05-03,0.75,1.25,1.81,2.66,106.0,191.0,141.0
2016-05-04,0.75,1.23,1.79,2.64,104.0,189.0,141.0
2016-05-05,0.72,1.2,1.76,2.6,104.0,188.0,140.0
2016-05-06,0.74,1.23,1.79,2.62,105.0,188.0,139.0
2016-05-09,0.72,1.2,1.77,2.61,105.0,189.0,141.0
2016-05-10,0.72,1.2,1.77,2.61,105.0,189.0,141.0
2016-05-11,0.74,1.2,1.73,2.58,99.0,184.0,138.0
2016-05-12,0.76,1.24,1.75,2.6,99.0,184.0,136.0
2016-05-13,0.76,1.22,1.71,2.55,95.0,179.0,133.0
2016-05-16,0.79,1.26,1.75,2.59,96.0,180.0,133.0
2016-05-17,0.82,1.29,1.76,2.59,94.0,177.0,130.0
2016-05-18,0.9,1.41,1.87,2.67,97.0,177.0,126.0
2016-05-19,0.89,1.38,1.85,2.64,96.0,175.0,126.0
2016-05-20,0.89,1.38,1.85,2.63,96.0,174.0,125.0
2016-05-23,0.91,1.38,1.84,2.63,93.0,172.0,125.0
2016-05-24,0.92,1.41,1.86,2.65,94.0,173.0,124.0
2016-05-25,0.92,1.4,1.87,2.67,95.0,175.0,127.0
2016-05-26,0.87,1.35,1.83,2.64,96.0,177.0,129.0
2016-05-27,0.9,1.39,1.85,2.65,95.0,175.0,126.0
2016-05-31,0.87,1.37,1.84,2.64,97.0,177.0,127.0
2016-06-01,0.91,1.39,1.85,2.63,94.0,172.0,124.0
2016-06-02,0.89,1.36,1.81,2.58,92.0,169.0,122.0
2016-06-03,0.78,1.23,1.71,2.52,93.0,174.0,129.0
2016-06-06,0.8,1.25,1.73,2.55,93.0,175.0,130.0
2016-06-07,0.78,1.23,1.72,2.54,94.0,176.0,131.0
2016-06-08,0.78,1.23,1.71,2.51,93.0,173.0,128.0
2016-06-09,0.77,1.22,1.68,2.48,91.0,171.0,126.0
2016-06-10,0.73,1.17,1.64,2.44,91.0,171.0,127.0
2016-06-13,0.73,1.14,1.62,2.43,89.0,170.0,129.0
2016-06-14,0.74,1.15,1.62,2.43,88.0,169.0,128.0
2016-06-15,0.69,1.1,1.6,2.43,91.0,174.0,133.0
2016-06-16,0.7,1.1,1.57,2.39,87.0,169.0,129.0
2016-06-17,0.7,1.13,1.62,2.43,92.0,173.0,130.0
2016-06-20,0.74,1.17,1.67,2.47,93.0,173.0,130.0
2016-06-21,0.76,1.22,1.71,2.5,95.0,174.0,128.0
2016-06-22,0.75,1.2,1.69,2.5,94.0,175.0,130.0
2016-06-23,0.78,1.25,1.74,2.55,96.0,177.0,130.0
2016-06-24,0.64,1.08,1.57,2.42,93.0,178.0,134.0
2016-06-27,0.61,1.0,1.46,2.28,85.0,167.0,128.0
2016-06-28,0.61,1.0,1.46,2.27,85.0,166.0,127.0
2016-06-29,0.62,1.03,1.5,2.3,88.0,168.0,127.0
2016-06-30,0.58,1.01,1.49,2.3,91.0,172.0,129.0
2016-07-01,0.59,1.0,1.46,2.24,87.0,165.0,124.0
2016-07-05,0.56,0.94,1.37,2.14,81.0,158.0,120.0
2016-07-06,0.58,0.95,1.38,2.14,80.0,156.0,119.0
2016-07-07,0.58,0.97,1.4,2.14,82.0,156.0,117.0
2016-07-08,0.61,0.95,1.37,2.11,76.0,150.0,116.0
2016-07-11,0.66,1.03,1.43,2.14,77.0,148.0,111.0
2016-07-12,0.69,1.1,1.53,2.24,84.0,155.0,114.0
2016-07-13,0.68,1.07,1.48,2.18,80.0,150.0,111.0
2016-07-14,0.68,1.1,1.53,2.25,85.0,157.0,115.0
2016-07-15,0.71,1.15,1.6,2.3,89.0,159.0,115.0
2016-07-18,0.68,1.14,1.59,2.3,91.0,162.0,116.0
2016-07-19,0.7,1.12,1.56,2.27,86.0,157.0,115.0
2016-07-20,0.73,1.15,1.59,2.3,86.0,157.0,115.0
2016-07-21,0.7,1.11,1.57,2.29,87.0,159.0,118.0
2016-07-22,0.71,1.13,1.57,2.29,86.0,158.0,116.0
2016-07-25,0.72,1.15,1.58,2.29,86.0,157.0,114.0
2016-07-26,0.75,1.15,1.57,2.28,82.0,153.0,113.0
2016-07-27,0.73,1.1,1.52,2.23,79.0,150.0,113.0
2016-07-28,0.72,1.09,1.52,2.23,80.0,151.0,114.0
2016-07-29,0.67,1.03,1.46,2.18,79.0,151.0,115.0
2016-08-01,0.67,1.06,1.51,2.24,84.0,157.0,118.0
2016-08-02,0.67,1.07,1.55,2.29,88.0,162.0,122.0
2016-08-03,0.67,1.07,1.55,2.29,88.0,162.0,122.0
2016-08-04,0.64,1.03,1.51,2.25,87.0,161.0,122.0
2016-08-05,0.72,1.13,1.59,2.32,87.0,160.0,119.0
2016-08-08,0.74,1.15,1.59,2.3,85.0,156.0,115.0
2016-08-09,0.71,1.11,1.55,2.25,84.0,154.0,114.0
2016-08-10,0.69,1.07,1.5,2.23,81.0,154.0,116.0
2016-08-11,0.76,1.16,1.57,2.28,81.0,152.0,112.0
2016-08-12,0.71,1.1,1.51,2.23,80.0,152.0,113.0
2016-08-15,0.72,1.14,1.55,2.27,83.0,155.0,113.0
2016-08-16,0.76,1.16,1.57,2.29,81.0,153.0,113.0
2016-08-17,0.74,1.15,1.56,2.27,82.0,153.0,112.0
2016-08-18,0.71,1.12,1.53,2.26,82.0,155.0,114.0
2016-08-19,0.76,1.17,1.58,2.29,82.0,153.0,112.0
2016-08-22,0.76,1.15,1.55,2.24,79.0,148.0,109.0
2016-08-23,0.74,1.15,1.55,2.24,81.0,150.0,109.0
2016-08-24,0.76,1.13,1.56,2.24,80.0,148.0,111.0
2016-08-25,0.78,1.16,1.58,2.27,80.0,149.0,111.0
2016-08-26,0.84,1.23,1.62,2.29,78.0,145.0,106.0
2016-08-29,0.81,1.18,1.57,2.22,76.0,141.0,104.0
2016-08-30,0.8,1.18,1.57,2.23,77.0,143.0,105.0
2016-08-31,0.8,1.19,1.58,2.23,78.0,143.0,104.0
2016-09-01,0.78,1.18,1.57,2.23,79.0,145.0,105.0
2016-09-02,0.8,1.2,1.6,2.28,80.0,148.0,108.0
2016-09-06,0.74,1.13,1.55,2.24,81.0,150.0,111.0
2016-09-07,0.74,1.12,1.54,2.23,80.0,149.0,111.0
2016-09-08,0.78,1.19,1.61,2.32,83.0,154.0,113.0
2016-09-09,0.79,1.23,1.67,2.39,88.0,160.0,116.0
2016-09-12,0.79,1.21,1.68,2.4,89.0,161.0,119.0
2016-09-13,0.8,1.26,1.73,2.47,93.0,167.0,121.0
2016-09-14,0.77,1.21,1.7,2.44,93.0,167.0,123.0
2016-09-15,0.74,1.2,1.71,2.48,97.0,174.0,128.0
2016-09-16,0.77,1.21,1.7,2.44,93.0,167.0,123.0
2016-09-19,0.79,1.22,1.7,2.45,91.0,166.0,123.0
2016-09-20,0.79,1.2,1.69,2.43,90.0,164.0,123.0
2016-09-21,0.79,1.2,1.66,2.39,87.0,160.0,119.0
2016-09-22,0.79,1.18,1.63,2.34,84.0,155.0,116.0
2016-09-23,0.77,1.16,1.62,2.34,85.0,157.0,118.0
2016-09-26,0.76,1.13,1.59,2.32,83.0,156.0,119.0
2016-09-27,0.75,1.12,1.56,2.28,81.0,153.0,116.0
2016-09-28,0.75,1.13,1.57,2.29,82.0,154.0,116.0
2016-09-29,0.73,1.12,1.56,2.28,83.0,155.0,116.0
2016-09-30,0.77,1.14,1.6,2.32,83.0,155.0,118.0
2016-10-03,0.8,1.18,1.63,2.34,83.0,154.0,116.0
2016-10-04,0.82,1.22,1.69,2.4,87.0,158.0,118.0
2016-10-05,0.85,1.26,1.72,2.44,87.0,159.0,118.0
2016-10-06,0.86,1.28,1.75,2.46,89.0,160.0,118.0
2016-10-07,0.83,1.26,1.73,2.46,90.0,163.0,120.0
2016-10-11,0.87,1.3,1.77,2.5,90.0,163.0,120.0
2016-10-12,0.87,1.31,1.79,2.51,92.0,164.0,120.0
2016-10-13,0.85,1.27,1.75,2.48,90.0,163.0,121.0
2016-10-14,0.84,1.28,1.8,2.55,96.0,171.0,127.0
2016-10-17,0.81,1.26,1.77,2.52,96.0,171.0,126.0
2016-10-18,0.82,1.24,1.75,2.51,93.0,169.0,127.0
2016-10-19,0.81,1.24,1.76,2.51,95.0,170.0,127.0
2016-10-20,0.84,1.26,1.76,2.5,92.0,166.0,124.0
2016-10-21,0.84,1.25,1.74,2.48,90.0,164.0,123.0
2016-10-24,0.84,1.27,1.77,2.52,93.0,168.0,125.0
2016-10-25,0.86,1.29,1.77,2.5,91.0,164.0,121.0
2016-10-26,0.86,1.3,1.79,2.53,93.0,167.0,123.0
2016-10-27,0.87,1.33,1.85,2.6,98.0,173.0,127.0
2016-10-28,0.86,1.33,1.86,2.62,100.0,176.0,129.0
2016-10-31,0.86,1.31,1.84,2.58,98.0,172.0,127.0
2016-11-01,0.83,1.3,1.83,2.58,100.0,175.0,128.0
2016-11-02,0.81,1.26,1.81,2.56,100.0,175.0,130.0
2016-11-03,0.81,1.26,1.82,2.6,101.0,179.0,134.0
2016-11-04,0.8,1.24,1.79,2.56,99.0,176.0,132.0
2016-11-07,0.82,1.29,1.83,2.6,101.0,178.0,131.0
2016-11-08,0.87,1.34,1.88,2.63,101.0,176.0,129.0
2016-11-09,0.9,1.49,2.07,2.88,117.0,198.0,139.0
2016-11-10,0.92,1.56,2.15,2.94,123.0,202.0,138.0
2016-11-14,1.0,1.66,2.23,2.99,123.0,199.0,133.0
2016-11-15,1.02,1.68,2.23,2.97,121.0,195.0,129.0
2016-11-16,1.0,1.68,2.22,2.92,122.0,192.0,124.0
2016-11-17,1.04,1.73,2.29,3.01,125.0,197.0,128.0
2016-11-18,1.07,1.8,2.34,3.01,127.0,194.0,121.0
2016-11-21,1.08,1.79,2.33,3.0,125.0,192.0,121.0
2016-11-22,1.07,1.77,2.31,3.0,124.0,193.0,123.0
2016-11-23,1.12,1.83,2.36,3.02,124.0,190.0,119.0
2016-11-25,1.12,1.83,2.36,3.01,124.0,189.0,118.0
2016-11-28,1.11,1.8,2.32,2.99,121.0,188.0,119.0
2016-11-29,1.09,1.78,2.3,2.95,121.0,186.0,117.0
2016-11-30,1.11,1.83,2.37,3.02,126.0,191.0,119.0
2016-12-01,1.14,1.9,2.45,3.1,131.0,196.0,120.0
2016-12-02,1.11,1.84,2.4,3.08,129.0,197.0,124.0
2016-12-05,1.13,1.84,2.39,3.05,126.0,192.0,121.0
2016-12-06,1.12,1.84,2.39,3.08,127.0,196.0,124.0
2016-12-07,1.1,1.8,2.34,3.02,124.0,192.0,122.0
2016-12-08,1.12,1.83,2.4,3.1,128.0,198.0,127.0
2016-12-09,1.15,1.89,2.47,3.16,132.0,201.0,127.0
2016-12-12,1.15,1.9,2.49,3.16,134.0,201.0,126.0
2016-12-13,1.17,1.92,2.48,3.14,131.0,197.0,122.0
2016-12-14,1.27,2.02,2.54,3.14,127.0,187.0,112.0
2016-12-15,1.29,2.1,2.6,3.16,131.0,187.0,106.0
2016-12-16,1.28,2.07,2.6,3.19,132.0,191.0,112.0
2016-12-19,1.24,2.03,2.54,3.12,130.0,188.0,109.0
2016-12-20,1.25,2.06,2.57,3.15,132.0,190.0,109.0
2016-12-21,1.21,2.04,2.55,3.12,134.0,191.0,108.0
2016-12-22,1.22,2.04,2.55,3.12,133.0,190.0,108.0
2016-12-23,1.22,2.04,2.55,3.12,133.0,190.0,108.0
2016-12-27,1.28,2.07,2.57,3.14,129.0,186.0,107.0
2016-12-28,1.26,2.02,2.51,3.09,125.0,183.0,107.0
2016-12-29,1.22,1.96,2.49,3.08,127.0,186.0,112.0
2016-12-30,1.2,1.93,2.45,3.06,125.0,186.0,113.0
2017-01-03,1.22,1.94,2.45,3.04,123.0,182.0,110.0
2017-01-04,1.24,1.94,2.46,3.05,122.0,181.0,111.0
2017-01-05,1.17,1.86,2.37,2.96,120.0,179.0,110.0
2017-01-06,1.22,1.92,2.42,3.0,120.0,178.0,108.0
2017-01-09,1.21,1.89,2.38,2.97,117.0,176.0,108.0
2017-01-10,1.19,1.89,2.38,2.97,119.0,178.0,108.0
2017-01-11,1.2,1.89,2.38,2.96,118.0,176.0,107.0
2017-01-12,1.18,1.87,2.36,3.01,118.0,183.0,114.0
2017-01-13,1.21,1.9,2.4,2.99,119.0,178.0,109.0
2017-01-17,1.17,1.84,2.33,2.93,116.0,176.0,109.0
2017-01-18,1.23,1.93,2.42,3.0,119.0,177.0,107.0
2017-01-19,1.25,1.97,2.47,3.04,122.0,179.0,107.0
2017-01-20,1.2,1.95,2.48,3.05,128.0,185.0,110.0
2017-01-23,1.16,1.88,2.41,2.99,125.0,183.0,111.0
2017-01-24,1.21,1.94,2.47,3.05,126.0,184.0,111.0
2017-01-25,1.23,1.99,2.53,3.1,130.0,187.0,111.0
2017-01-26,1.21,1.95,2.51,3.08,130.0,187.0,113.0
2017-01-27,1.22,1.94,2.49,3.06,127.0,184.0,112.0
2017-01-30,1.22,1.94,2.49,3.08,127.0,186.0,114.0
2017-01-31,1.19,1.9,2.45,3.05,126.0,186.0,115.0
2017-02-01,1.22,1.93,2.48,3.08,126.0,186.0,115.0
2017-02-02,1.21,1.92,2.48,3.09,127.0,188.0,117.0
2017-02-03,1.21,1.93,2.49,3.11,128.0,190.0,118.0
2017-02-06,1.16,1.86,2.42,3.05,126.0,189.0,119.0
2017-02-07,1.16,1.85,2.4,3.02,124.0,186.0,117.0
2017-02-08,1.15,1.81,2.34,2.96,119.0,181.0,115.0
2017-02-09,1.2,1.88,2.4,3.02,120.0,182.0,114.0
2017-02-10,1.2,1.89,2.41,3.01,121.0,181.0,112.0
2017-02-13,1.2,1.92,2.43,3.03,123.0,183.0,111.0
2017-02-14,1.25,1.98,2.47,3.07,122.0,182.0,109.0
2017-02-15,1.27,2.01,2.51,3.09,124.0,182.0,108.0
2017-02-16,1.22,1.95,2.45,3.05,123.0,183.0,110.0
2017-02-17,1.21,1.92,2.42,3.03,121.0,182.0,111.0
2017-02-21,1.22,1.93,2.43,3.04,121.0,182.0,111.0
2017-02-22,1.22,1.92,2.42,3.04,120.0,182.0,112.0
2017-02-23,1.18,1.87,2.38,3.02,120.0,184.0,115.0
2017-02-24,1.12,1.8,2.31,2.95,119.0,183.0,115.0
2017-02-27,1.2,1.87,2.36,2.98,116.0,178.0,111.0
2017-02-28,1.22,1.89,2.36,2.97,114.0,175.0,108.0
2017-03-01,1.29,1.99,2.46,3.06,117.0,177.0,107.0
2017-03-02,1.32,2.03,2.49,3.09,117.0,177.0,106.0
2017-03-03,1.32,2.02,2.49,3.08,117.0,176.0,106.0
2017-03-06,1.31,2.02,2.49,3.1,118.0,179.0,108.0
2017-03-07,1.32,2.05,2.52,3.11,120.0,179.0,106.0
2017-03-08,1.36,2.08,2.57,3.15,121.0,179.0,107.0
2017-03-09,1.37,2.13,2.6,3.19,123.0,182.0,106.0
2017-03-10,1.36,2.11,2.58,3.16,122.0,180.0,105.0
2017-03-13,1.4,2.14,2.62,3.2,122.0,180.0,106.0
2017-03-14,1.4,2.13,2.6,3.17,120.0,177.0,104.0
2017-03-15,1.33,2.02,2.51,3.11,118.0,178.0,109.0
2017-03-16,1.35,2.05,2.53,3.14,118.0,179.0,109.0
2017-03-17,1.33,2.03,2.5,3.11,117.0,178.0,108.0
2017-03-20,1.3,2.0,2.47,3.08,117.0,178.0,108.0
2017-03-21,1.27,1.96,2.43,3.04,116.0,177.0,108.0
2017-03-22,1.27,1.95,2.4,3.02,113.0,175.0,107.0
2017-03-23,1.26,1.95,2.41,3.02,115.0,176.0,107.0
2017-03-24,1.26,1.93,2.4,3.0,114.0,174.0,107.0
2017-03-27,1.27,1.93,2.38,2.98,111.0,171.0,105.0
2017-03-28,1.3,1.97,2.42,3.02,112.0,172.0,105.0
2017-03-29,1.26,1.93,2.39,2.99,113.0,173.0,106.0
2017-03-30,1.28,1.96,2.42,3.03,114.0,175.0,107.0
2017-03-31,1.27,1.93,2.4,3.02,113.0,175.0,109.0
2017-04-03,1.24,1.88,2.35,2.98,111.0,174.0,110.0
2017-04-04,1.25,1.88,2.36,2.99,111.0,174.0,111.0
2017-04-05,1.24,1.85,2.34,2.98,110.0,174.0,113.0
2017-04-06,1.24,1.87,2.34,2.99,110.0,175.0,112.0
2017-04-07,1.29,1.92,2.38,3.0,109.0,171.0,108.0
2017-04-10,1.29,1.91,2.37,2.99,108.0,170.0,108.0
2017-04-11,1.24,1.84,2.32,2.93,108.0,169.0,109.0
2017-04-12,1.24,1.81,2.28,2.92,104.0,168.0,111.0
2017-04-13,1.21,1.77,2.24,2.89,103.0,168.0,112.0
2017-04-17,1.21,1.79,2.26,2.92,105.0,171.0,113.0
2017-04-18,1.18,1.71,2.18,2.84,100.0,166.0,113.0
2017-04-19,1.19,1.74,2.21,2.87,102.0,168.0,113.0
2017-04-20,1.21,1.78,2.24,2.89,103.0,168.0,111.0
2017-04-21,1.2,1.77,2.24,2.89,104.0,169.0,112.0
2017-04-24,1.25,1.81,2.28,2.93,103.0,168.0,112.0
2017-04-25,1.29,1.87,2.35,2.99,106.0,170.0,112.0
2017-04-26,1.28,1.84,2.32,2.97,104.0,169.0,113.0
2017-04-27,1.25,1.81,2.3,2.96,105.0,171.0,115.0
2017-04-28,1.28,1.81,2.29,2.96,101.0,168.0,115.0
2017-05-01,1.28,1.84,2.33,3.0,105.0,172.0,116.0
2017-05-02,1.27,1.81,2.29,2.97,102.0,170.0,116.0
2017-05-03,1.3,1.86,2.33,2.97,103.0,167.0,111.0
2017-05-04,1.32,1.88,2.36,3.0,104.0,168.0,112.0
2017-05-05,1.32,1.89,2.36,2.99,104.0,167.0,110.0
2017-05-08,1.33,1.91,2.39,3.02,106.0,169.0,111.0
2017-05-09,1.37,1.94,2.42,3.04,105.0,167.0,110.0
2017-05-10,1.35,1.94,2.41,3.03,106.0,168.0,109.0
2017-05-11,1.35,1.93,2.39,3.03,104.0,168.0,110.0
2017-05-12,1.29,1.85,2.33,2.98,104.0,169.0,113.0
2017-05-15,1.31,1.86,2.34,3.0,103.0,169.0,114.0
2017-05-16,1.29,1.86,2.33,2.99,104.0,170.0,113.0
2017-05-17,1.26,1.76,2.22,2.91,96.0,165.0,115.0
2017-05-18,1.27,1.78,2.23,2.9,96.0,163.0,112.0
2017-05-19,1.28,1.79,2.23,2.9,95.0,162.0,111.0
2017-05-22,1.29,1.8,2.25,2.91,96.0,162.0,111.0
2017-05-23,1.31,1.84,2.29,2.95,98.0,164.0,111.0
2017-05-24,1.29,1.79,2.26,2.92,97.0,163.0,113.0
2017-05-25,1.3,1.78,2.25,2.92,95.0,162.0,114.0
2017-05-26,1.3,1.79,2.25,2.92,95.0,162.0,113.0
2017-05-30,1.28,1.76,2.21,2.88,93.0,160.0,112.0
2017-05-31,1.28,1.75,2.21,2.87,93.0,159.0,112.0
2017-06-01,1.28,1.76,2.21,2.87,93.0,159.0,111.0
2017-06-02,1.28,1.71,2.15,2.8,87.0,152.0,109.0
2017-06-05,1.32,1.74,2.18,2.84,86.0,152.0,110.0
2017-06-06,1.3,1.71,2.14,2.81,84.0,151.0,110.0
2017-06-07,1.32,1.74,2.18,2.84,86.0,152.0,110.0
2017-06-08,1.33,1.75,2.19,2.85,86.0,152.0,110.0
2017-06-09,1.35,1.77,2.21,2.86,86.0,151.0,109.0
2017-06-12,1.35,1.78,2.21,2.86,86.0,151.0,108.0
2017-06-13,1.38,1.79,2.21,2.87,83.0,149.0,108.0
2017-06-14,1.35,1.74,2.15,2.79,80.0,144.0,105.0
2017-06-15,1.35,1.76,2.16,2.78,81.0,143.0,102.0
2017-06-16,1.32,1.75,2.16,2.78,84.0,146.0,103.0
2017-06-19,1.36,1.8,2.19,2.79,83.0,143.0,99.0
2017-06-20,1.36,1.77,2.16,2.74,80.0,138.0,97.0
2017-06-21,1.36,1.78,2.16,2.73,80.0,137.0,95.0
2017-06-22,1.34,1.76,2.15,2.72,81.0,138.0,96.0
2017-06-23,1.34,1.77,2.15,2.71,81.0,137.0,94.0
2017-06-26,1.36,1.77,2.14,2.7,78.0,134.0,93.0
2017-06-27,1.38,1.83,2.21,2.75,83.0,137.0,92.0
2017-06-28,1.34,1.81,2.22,2.77,88.0,143.0,96.0
2017-06-29,1.38,1.85,2.27,2.82,89.0,144.0,97.0
2017-06-30,1.38,1.89,2.31,2.84,93.0,146.0,95.0
2017-07-03,1.41,1.93,2.35,2.86,94.0,145.0,93.0
2017-07-05,1.41,1.92,2.33,2.85,92.0,144.0,93.0
2017-07-06,1.4,1.94,2.37,2.9,97.0,150.0,96.0
2017-07-07,1.4,1.95,2.39,2.93,99.0,153.0,98.0
2017-07-10,1.4,1.93,2.38,2.93,98.0,153.0,100.0
2017-07-11,1.37,1.92,2.37,2.92,100.0,155.0,100.0
2017-07-12,1.35,1.88,2.33,2.89,98.0,154.0,101.0
2017-07-13,1.37,1.89,2.35,2.92,98.0,155.0,103.0
2017-07-14,1.35,1.87,2.33,2.91,98.0,156.0,104.0
2017-07-17,1.36,1.86,2.31,2.89,95.0,153.0,103.0
2017-07-18,1.36,1.82,2.27,2.85,91.0,149.0,103.0
2017-07-19,1.37,1.83,2.27,2.85,90.0,148.0,102.0
2017-07-20,1.37,1.82,2.27,2.83,90.0,146.0,101.0
2017-07-21,1.36,1.81,2.24,2.81,88.0,145.0,100.0
2017-07-24,1.37,1.83,2.26,2.83,89.0,146.0,100.0
2017-07-25,1.4,1.9,2.33,2.91,93.0,151.0,101.0
2017-07-26,1.36,1.83,2.29,2.89,93.0,153.0,106.0
2017-07-27,1.36,1.84,2.32,2.93,96.0,157.0,109.0
2017-07-28,1.34,1.83,2.3,2.89,96.0,155.0,106.0
2017-07-31,1.34,1.84,2.3,2.89,96.0,155.0,105.0
2017-08-01,1.34,1.8,2.26,2.86,92.0,152.0,106.0
2017-08-02,1.36,1.82,2.27,2.85,91.0,149.0,103.0
2017-08-03,1.34,1.79,2.24,2.81,90.0,147.0,102.0
2017-08-04,1.36,1.82,2.27,2.84,91.0,148.0,102.0
2017-08-07,1.36,1.81,2.26,2.84,90.0,148.0,103.0
2017-08-08,1.36,1.84,2.29,2.86,93.0,150.0,102.0
2017-08-09,1.33,1.81,2.24,2.82,91.0,149.0,101.0
2017-08-10,1.33,1.78,2.2,2.79,87.0,146.0,101.0
2017-08-11,1.3,1.74,2.19,2.79,89.0,149.0,105.0
2017-08-14,1.33,1.77,2.22,2.81,89.0,148.0,104.0
2017-08-15,1.35,1.83,2.27,2.84,92.0,149.0,101.0
2017-08-16,1.33,1.79,2.23,2.81,90.0,148.0,102.0
2017-08-17,1.32,1.76,2.19,2.78,87.0,146.0,102.0
2017-08-18,1.33,1.77,2.19,2.78,86.0,145.0,101.0
2017-08-21,1.32,1.76,2.18,2.77,86.0,145.0,101.0
2017-08-22,1.33,1.8,2.22,2.79,89.0,146.0,99.0
2017-08-23,1.32,1.76,2.17,2.75,85.0,143.0,99.0
2017-08-24,1.33,1.78,2.19,2.77,86.0,144.0,99.0
2017-08-25,1.35,1.77,2.17,2.75,82.0,140.0,98.0
2017-08-28,1.33,1.74,2.16,2.76,83.0,143.0,102.0
2017-08-29,1.33,1.7,2.13,2.74,80.0,141.0,104.0
2017-08-30,1.33,1.72,2.15,2.75,82.0,142.0,103.0
2017-08-31,1.33,1.7,2.12,2.73,79.0,140.0,103.0
2017-09-01,1.35,1.73,2.16,2.77,81.0,142.0,104.0
2017-09-05,1.3,1.65,2.07,2.69,77.0,139.0,104.0
2017-09-06,1.3,1.69,2.1,2.72,80.0,142.0,103.0
2017-09-07,1.27,1.63,2.05,2.66,78.0,139.0,103.0
2017-09-08,1.27,1.64,2.06,2.67,79.0,140.0,103.0
2017-09-11,1.32,1.71,2.14,2.75,82.0,143.0,104.0
2017-09-12,1.33,1.75,2.17,2.78,84.0,145.0,103.0
2017-09-13,1.35,1.78,2.2,2.79,85.0,144.0,101.0
2017-09-14,1.37,1.79,2.2,2.77,83.0,140.0,98.0
2017-09-15,1.39,1.81,2.2,2.77,81.0,138.0,96.0
2017-09-18,1.4,1.83,2.23,2.8,83.0,140.0,97.0
2017-09-19,1.4,1.84,2.24,2.81,84.0,141.0,97.0
2017-09-20,1.45,1.89,2.28,2.82,83.0,137.0,93.0
2017-09-21,1.45,1.89,2.27,2.8,82.0,135.0,91.0
2017-09-22,1.46,1.88,2.26,2.8,80.0,134.0,92.0
2017-09-25,1.44,1.85,2.22,2.76,78.0,132.0,91.0
2017-09-26,1.45,1.87,2.24,2.78,79.0,133.0,91.0
2017-09-27,1.47,1.91,2.31,2.86,84.0,139.0,95.0
2017-09-28,1.45,1.89,2.31,2.87,86.0,142.0,98.0
2017-09-29,1.47,1.92,2.33,2.86,86.0,139.0,94.0
2017-10-02,1.49,1.94,2.34,2.87,85.0,138.0,93.0
2017-10-03,1.47,1.92,2.33,2.87,86.0,140.0,95.0
2017-10-04,1.47,1.92,2.33,2.87,86.0,140.0,95.0
2017-10-05,1.49,1.94,2.35,2.89,86.0,140.0,95.0
2017-10-06,1.54,1.97,2.37,2.91,83.0,137.0,94.0
2017-10-10,1.51,1.95,2.35,2.88,84.0,137.0,93.0
2017-10-11,1.51,1.95,2.35,2.88,84.0,137.0,93.0
2017-10-12,1.51,1.95,2.33,2.86,82.0,135.0,91.0
2017-10-13,1.51,1.91,2.28,2.81,77.0,130.0,90.0
2017-10-16,1.54,1.95,2.3,2.82,76.0,128.0,87.0
2017-10-17,1.54,1.97,2.3,2.8,76.0,126.0,83.0
2017-10-18,1.59,1.99,2.34,2.85,75.0,126.0,86.0
2017-10-19,1.58,1.98,2.33,2.83,75.0,125.0,85.0
2017-10-20,1.6,2.03,2.39,2.89,79.0,129.0,86.0
2017-10-23,1.58,2.01,2.38,2.89,80.0,131.0,88.0
2017-10-24,1.6,2.05,2.42,2.92,82.0,132.0,87.0
2017-10-25,1.61,2.06,2.44,2.95,83.0,134.0,89.0
2017-10-26,1.63,2.07,2.46,2.96,83.0,133.0,89.0
2017-10-27,1.59,2.03,2.42,2.93,83.0,134.0,90.0
2017-10-30,1.58,2.0,2.37,2.88,79.0,130.0,88.0
2017-10-31,1.6,2.01,2.38,2.88,78.0,128.0,87.0
2017-11-01,1.61,2.01,2.37,2.85,76.0,124.0,84.0
2017-11-02,1.61,2.0,2.35,2.83,74.0,122.0,83.0
2017-11-03,1.63,1.99,2.34,2.82,71.0,119.0,83.0
2017-11-06,1.61,1.99,2.32,2.8,71.0,119.0,81.0
2017-11-07,1.63,1.99,2.32,2.77,69.0,114.0,78.0
2017-11-08,1.65,2.01,2.32,2.79,67.0,114.0,78.0
2017-11-09,1.63,2.01,2.33,2.81,70.0,118.0,80.0
2017-11-10,1.67,2.06,2.4,2.88,73.0,121.0,82.0
2017-11-13,1.7,2.08,2.4,2.87,70.0,117.0,79.0
2017-11-14,1.68,2.06,2.38,2.84,70.0,116.0,78.0
2017-11-15,1.68,2.04,2.33,2.77,65.0,109.0,73.0
2017-11-16,1.72,2.07,2.37,2.81,65.0,109.0,74.0
2017-11-17,1.73,2.06,2.35,2.78,62.0,105.0,72.0
2017-11-20,1.77,2.09,2.37,2.78,60.0,101.0,69.0
2017-11-21,1.77,2.11,2.36,2.76,59.0,99.0,65.0
2017-11-22,1.74,2.05,2.32,2.75,58.0,101.0,70.0
2017-11-24,1.75,2.07,2.34,2.76,59.0,101.0,69.0
2017-11-27,1.74,2.06,2.32,2.76,58.0,102.0,70.0
2017-11-28,1.75,2.07,2.34,2.77,59.0,102.0,70.0
2017-11-29,1.78,2.09,2.37,2.81,59.0,103.0,72.0
2017-11-30,1.78,2.14,2.42,2.83,64.0,105.0,69.0
2017-12-01,1.78,2.13,2.37,2.76,59.0,98.0,63.0
2017-12-04,1.8,2.15,2.37,2.77,57.0,97.0,62.0
2017-12-05,1.83,2.15,2.36,2.73,53.0,90.0,58.0
2017-12-06,1.78,2.11,2.33,2.71,55.0,93.0,60.0
2017-12-07,1.8,2.14,2.37,2.76,57.0,96.0,62.0
2017-12-08,1.8,2.14,2.38,2.77,58.0,97.0,63.0
2017-12-11,1.82,2.16,2.39,2.77,57.0,95.0,61.0
2017-12-12,1.83,2.18,2.4,2.79,57.0,96.0,61.0
2017-12-13,1.79,2.12,2.36,2.74,57.0,95.0,62.0
2017-12-14,1.82,2.14,2.35,2.71,53.0,89.0,57.0
2017-12-15,1.84,2.16,2.35,2.68,51.0,84.0,52.0
2017-12-18,1.84,2.17,2.39,2.74,55.0,90.0,57.0
2017-12-19,1.87,2.23,2.46,2.82,59.0,95.0,59.0
2017-12-20,1.87,2.24,2.49,2.88,62.0,101.0,64.0
2017-12-21,1.89,2.26,2.48,2.84,59.0,95.0,58.0
2017-12-22,1.91,2.26,2.48,2.83,57.0,92.0,57.0
2017-12-26,1.92,2.25,2.47,2.82,55.0,90.0,57.0
2017-12-27,1.89,2.22,2.42,2.75,53.0,86.0,53.0
2017-12-28,1.91,2.23,2.43,2.75,52.0,84.0,52.0
2017-12-29,1.89,2.2,2.4,2.74,51.0,85.0,54.0
2018-01-02,1.92,2.25,2.46,2.81,54.0,89.0,56.0
2018-01-03,1.94,2.25,2.44,2.78,50.0,84.0,53.0
2018-01-04,1.96,2.27,2.46,2.79,50.0,83.0,52.0
2018-01-05,1.96,2.29,2.47,2.81,51.0,85.0,52.0
2018-01-08,1.96,2.29,2.49,2.81,53.0,85.0,52.0
2018-01-09,1.98,2.33,2.55,2.88,57.0,90.0,55.0
2018-01-10,1.98,2.32,2.55,2.88,57.0,90.0,56.0
2018-01-11,1.98,2.32,2.54,2.91,56.0,93.0,59.0
2018-01-12,1.99,2.35,2.55,2.85,56.0,86.0,50.0
2018-01-16,2.03,2.36,2.54,2.83,51.0,80.0,47.0
2018-01-17,2.05,2.39,2.57,2.84,52.0,79.0,45.0
2018-01-18,2.05,2.43,2.62,2.9,57.0,85.0,47.0
2018-01-19,2.06,2.45,2.64,2.91,58.0,85.0,46.0
2018-01-22,2.08,2.46,2.66,2.93,58.0,85.0,47.0
2018-01-23,2.06,2.43,2.63,2.9,57.0,84.0,47.0
2018-01-24,2.08,2.43,2.65,2.93,57.0,85.0,50.0
2018-01-25,2.08,2.41,2.63,2.89,55.0,81.0,48.0
2018-01-26,2.13,2.47,2.66,2.91,53.0,78.0,44.0
2018-01-29,2.11,2.49,2.7,2.94,59.0,83.0,45.0
2018-01-30,2.13,2.51,2.73,2.98,60.0,85.0,47.0
2018-01-31,2.14,2.52,2.72,2.95,58.0,81.0,43.0
2018-02-01,2.16,2.56,2.78,3.01,62.0,85.0,45.0
2018-02-02,2.15,2.58,2.84,3.08,69.0,93.0,50.0
2018-02-05,2.08,2.5,2.77,3.04,69.0,96.0,54.0
2018-02-06,2.1,2.52,2.79,3.06,69.0,96.0,54.0
2018-02-07,2.15,2.57,2.84,3.12,69.0,97.0,55.0
2018-02-08,2.13,2.57,2.85,3.14,72.0,101.0,57.0
2018-02-09,2.05,2.52,2.83,3.14,78.0,109.0,62.0
2018-02-12,2.09,2.56,2.86,3.14,77.0,105.0,58.0
2018-02-13,2.1,2.54,2.83,3.11,73.0,101.0,57.0
2018-02-14,2.17,2.65,2.91,3.18,74.0,101.0,53.0
2018-02-15,2.19,2.65,2.9,3.15,71.0,96.0,50.0
2018-02-16,2.21,2.63,2.87,3.13,66.0,92.0,50.0
2018-02-20,2.25,2.65,2.88,3.15,63.0,90.0,50.0
2018-02-21,2.26,2.69,2.94,3.22,68.0,96.0,53.0
2018-02-22,2.25,2.66,2.92,3.21,67.0,96.0,55.0
2018-02-23,2.25,2.62,2.88,3.16,63.0,91.0,54.0
2018-02-26,2.22,2.6,2.86,3.15,64.0,93.0,55.0
2018-02-27,2.27,2.67,2.9,3.17,63.0,90.0,50.0
2018-02-28,2.25,2.65,2.87,3.13,62.0,88.0,48.0
2018-03-01,2.22,2.58,2.81,3.09,59.0,87.0,51.0
2018-03-02,2.25,2.63,2.86,3.14,61.0,89.0,51.0
2018-03-05,2.24,2.65,2.88,3.16,64.0,92.0,51.0
2018-03-06,2.25,2.65,2.88,3.14,63.0,89.0,49.0
2018-03-07,2.25,2.65,2.89,3.15,64.0,90.0,50.0
2018-03-08,2.25,2.63,2.86,3.13,61.0,88.0,50.0
2018-03-09,2.27,2.65,2.9,3.16,63.0,89.0,51.0
2018-03-12,2.27,2.64,2.87,3.13,60.0,86.0,49.0
2018-03-13,2.26,2.62,2.84,3.1,58.0,84.0,48.0
2018-03-14,2.26,2.61,2.81,3.05,55.0,79.0,44.0
2018-03-15,2.29,2.62,2.82,3.05,53.0,76.0,43.0
2018-03-16,2.31,2.65,2.85,3.08,54.0,77.0,43.0
2018-03-19,2.31,2.65,2.85,3.09,54.0,78.0,44.0
2018-03-20,2.34,2.69,2.89,3.12,55.0,78.0,43.0
2018-03-21,2.31,2.69,2.89,3.12,58.0,81.0,43.0
2018-03-22,2.29,2.63,2.83,3.06,54.0,77.0,43.0
2018-03-23,2.28,2.61,2.82,3.06,54.0,78.0,45.0
2018-03-26,2.33,2.64,2.85,3.08,52.0,75.0,44.0
2018-03-27,2.26,2.58,2.78,3.03,52.0,77.0,45.0
2018-03-28,2.28,2.59,2.77,3.01,49.0,73.0,42.0
2018-03-29,2.27,2.56,2.74,2.97,47.0,70.0,41.0
2018-04-02,2.25,2.55,2.73,2.97,48.0,72.0,42.0
2018-04-03,2.28,2.6,2.79,3.02,51.0,74.0,42.0
2018-04-04,2.28,2.61,2.79,3.03,51.0,75.0,42.0
2018-04-05,2.3,2.64,2.83,3.07,53.0,77.0,43.0
2018-04-06,2.27,2.58,2.77,3.01,50.0,74.0,43.0
2018-04-09,2.29,2.6,2.78,3.02,49.0,73.0,42.0
2018-04-10,2.32,2.62,2.8,3.02,48.0,70.0,40.0
2018-04-11,2.32,2.62,2.79,2.99,47.0,67.0,37.0
2018-04-12,2.34,2.67,2.83,3.05,49.0,71.0,38.0
2018-04-13,2.37,2.67,2.82,3.03,45.0,66.0,36.0
2018-04-16,2.39,2.69,2.83,3.03,44.0,64.0,34.0
2018-04-17,2.41,2.68,2.82,3.0,41.0,59.0,32.0
2018-04-18,2.42,2.73,2.87,3.06,45.0,64.0,33.0
2018-04-19,2.44,2.77,2.92,3.11,48.0,67.0,34.0
2018-04-20,2.46,2.8,2.96,3.14,50.0,68.0,34.0
2018-04-23,2.49,2.83,2.98,3.15,49.0,66.0,32.0
2018-04-24,2.48,2.83,3.0,3.18,52.0,70.0,35.0
2018-04-25,2.49,2.84,3.03,3.21,54.0,72.0,37.0
2018-04-26,2.49,2.82,3.0,3.18,51.0,69.0,36.0
2018-04-27,2.49,2.8,2.96,3.13,47.0,64.0,33.0
2018-04-30,2.49,2.79,2.95,3.11,46.0,62.0,32.0
2018-05-01,2.5,2.82,2.97,3.13,47.0,63.0,31.0
2018-05-02,2.49,2.8,2.97,3.14,48.0,65.0,34.0
2018-05-03,2.49,2.78,2.94,3.12,45.0,63.0,34.0
2018-05-04,2.51,2.78,2.95,3.12,44.0,61.0,34.0
2018-05-07,2.49,2.78,2.95,3.12,46.0,63.0,34.0
2018-05-08,2.51,2.81,2.97,3.13,46.0,62.0,32.0
2018-05-09,2.54,2.84,3.0,3.16,46.0,62.0,32.0
2018-05-10,2.54,2.83,2.97,3.12,43.0,58.0,29.0
2018-05-11,2.54,2.84,2.97,3.1,43.0,56.0,26.0
2018-05-14,2.55,2.85,3.0,3.13,45.0,58.0,28.0
2018-05-15,2.58,2.92,3.08,3.2,50.0,62.0,28.0
2018-05-16,2.58,2.94,3.09,3.21,51.0,63.0,27.0
2018-05-17,2.57,2.94,3.11,3.25,54.0,68.0,31.0
2018-05-18,2.55,2.9,3.06,3.2,51.0,65.0,30.0
2018-05-21,2.58,2.9,3.06,3.2,48.0,62.0,30.0
2018-05-22,2.59,2.9,3.06,3.21,47.0,62.0,31.0
2018-05-23,2.53,2.83,3.01,3.17,48.0,64.0,34.0
2018-05-24,2.5,2.82,2.98,3.13,48.0,63.0,31.0
2018-05-25,2.48,2.76,2.93,3.09,45.0,61.0,33.0
2018-05-29,2.32,2.58,2.77,2.96,45.0,64.0,38.0
2018-05-30,2.42,2.67,2.84,3.01,42.0,59.0,34.0
2018-05-31,2.4,2.68,2.83,3.0,43.0,60.0,32.0
2018-06-01,2.47,2.74,2.89,3.04,42.0,57.0,30.0
2018-06-04,2.52,2.78,2.94,3.08,42.0,56.0,30.0
2018-06-05,2.49,2.76,2.92,3.07,43.0,58.0,31.0
2018-06-06,2.52,2.81,2.97,3.13,45.0,61.0,32.0
2018-06-07,2.5,2.77,2.93,3.08,43.0,58.0,31.0
2018-06-08,2.5,2.77,2.93,3.08,43.0,58.0,31.0
2018-06-11,2.52,2.8,2.96,3.1,44.0,58.0,30.0
2018-06-12,2.54,2.81,2.96,3.09,42.0,55.0,28.0
2018-06-13,2.59,2.85,2.98,3.1,39.0,51.0,25.0
2018-06-14,2.59,2.81,2.94,3.05,35.0,46.0,24.0
2018-06-15,2.55,2.81,2.93,3.05,38.0,50.0,24.0
2018-06-18,2.56,2.8,2.92,3.05,36.0,49.0,25.0
2018-06-19,2.54,2.77,2.89,3.02,35.0,48.0,25.0
2018-06-20,2.56,2.8,2.93,3.06,37.0,50.0,26.0
2018-06-21,2.56,2.77,2.9,3.04,34.0,48.0,27.0
2018-06-22,2.56,2.77,2.9,3.04,34.0,48.0,27.0
2018-06-25,2.54,2.75,2.87,3.02,33.0,48.0,27.0
2018-06-26,2.53,2.75,2.88,3.03,35.0,50.0,28.0
2018-06-27,2.52,2.71,2.83,2.97,31.0,45.0,26.0
2018-06-28,2.52,2.73,2.84,2.97,32.0,45.0,24.0
2018-06-29,2.52,2.73,2.85,2.98,33.0,46.0,25.0
2018-07-02,2.57,2.75,2.87,2.99,30.0,42.0,24.0
2018-07-03,2.53,2.72,2.83,2.96,30.0,43.0,24.0
2018-07-05,2.55,2.74,2.84,2.95,29.0,40.0,21.0
2018-07-06,2.53,2.71,2.82,2.94,29.0,41.0,23.0
2018-07-09,2.57,2.75,2.86,2.96,29.0,39.0,21.0
2018-07-10,2.59,2.77,2.87,2.97,28.0,38.0,20.0
2018-07-11,2.58,2.74,2.85,2.95,27.0,37.0,21.0
2018-07-12,2.6,2.75,2.85,2.95,25.0,35.0,20.0
2018-07-13,2.59,2.73,2.83,2.94,24.0,35.0,21.0
2018-07-16,2.59,2.75,2.85,2.96,26.0,37.0,21.0
2018-07-17,2.62,2.76,2.86,2.97,24.0,35.0,21.0
2018-07-18,2.6,2.77,2.88,2.99,28.0,39.0,22.0
2018-07-19,2.6,2.74,2.84,2.96,24.0,36.0,22.0
2018-07-20,2.6,2.77,2.89,3.03,29.0,43.0,26.0
2018-07-23,2.64,2.83,2.96,3.1,32.0,46.0,27.0
2018-07-24,2.63,2.83,2.95,3.08,32.0,45.0,25.0
2018-07-25,2.66,2.82,2.94,3.06,28.0,40.0,24.0
2018-07-26,2.69,2.86,2.98,3.1,29.0,41.0,24.0
2018-07-27,2.67,2.84,2.96,3.09,29.0,42.0,25.0
2018-07-30,2.66,2.85,2.98,3.11,32.0,45.0,26.0
2018-07-31,2.67,2.85,2.96,3.08,29.0,41.0,23.0
2018-08-01,2.67,2.87,3.0,3.13,33.0,46.0,26.0
2018-08-02,2.66,2.85,2.98,3.12,32.0,46.0,27.0
2018-08-03,2.63,2.82,2.95,3.09,32.0,46.0,27.0
2018-08-06,2.64,2.8,2.94,3.08,30.0,44.0,28.0
2018-08-07,2.68,2.84,2.98,3.12,30.0,44.0,28.0
2018-08-08,2.68,2.83,2.96,3.12,28.0,44.0,29.0
2018-08-09,2.64,2.8,2.93,3.08,29.0,44.0,28.0
2018-08-10,2.61,2.75,2.87,3.03,26.0,42.0,28.0
2018-08-13,2.61,2.75,2.88,3.05,27.0,44.0,30.0
2018-08-14,2.63,2.77,2.89,3.06,26.0,43.0,29.0
2018-08-15,2.61,2.73,2.86,3.03,25.0,42.0,30.0
2018-08-16,2.63,2.75,2.87,3.03,24.0,40.0,28.0
2018-08-17,2.61,2.75,2.87,3.03,26.0,42.0,28.0
2018-08-20,2.6,2.7,2.82,2.99,22.0,39.0,29.0
2018-08-21,2.61,2.73,2.85,3.0,24.0,39.0,27.0
2018-08-22,2.6,2.7,2.82,2.99,22.0,39.0,29.0
2018-08-23,2.61,2.72,2.82,2.97,21.0,36.0,25.0
2018-08-24,2.63,2.72,2.82,2.97,19.0,34.0,25.0
2018-08-27,2.67,2.74,2.85,3.0,18.0,33.0,26.0
2018-08-28,2.67,2.77,2.88,3.03,21.0,36.0,26.0
2018-08-29,2.67,2.78,2.89,3.02,22.0,35.0,24.0
2018-08-30,2.64,2.75,2.86,3.0,22.0,36.0,25.0
2018-08-31,2.62,2.74,2.86,3.02,24.0,40.0,28.0
2018-09-04,2.66,2.78,2.9,3.07,24.0,41.0,29.0
2018-09-05,2.66,2.77,2.9,3.08,24.0,42.0,31.0
2018-09-06,2.64,2.76,2.88,3.06,24.0,42.0,30.0
2018-09-07,2.71,2.82,2.94,3.11,23.0,40.0,29.0
2018-09-10,2.73,2.83,2.94,3.09,21.0,36.0,26.0
2018-09-11,2.76,2.87,2.98,3.13,22.0,37.0,26.0
2018-09-12,2.74,2.87,2.97,3.11,23.0,37.0,24.0
2018-09-13,2.76,2.87,2.97,3.11,21.0,35.0,24.0
2018-09-14,2.78,2.9,2.99,3.13,21.0,35.0,23.0
2018-09-17,2.78,2.89,2.99,3.13,21.0,35.0,24.0
2018-09-18,2.81,2.94,3.05,3.2,24.0,39.0,26.0
2018-09-19,2.81,2.96,3.08,3.23,27.0,42.0,27.0
2018-09-20,2.81,2.96,3.07,3.21,26.0,40.0,25.0
2018-09-21,2.81,2.95,3.07,3.2,26.0,39.0,25.0
2018-09-24,2.83,2.96,3.08,3.21,25.0,38.0,25.0
2018-09-25,2.83,2.99,3.1,3.23,27.0,40.0,24.0
2018-09-26,2.83,2.96,3.06,3.19,23.0,36.0,23.0
2018-09-27,2.83,2.96,3.06,3.19,23.0,36.0,23.0
2018-09-28,2.81,2.94,3.05,3.19,24.0,38.0,25.0
2018-10-01,2.82,2.96,3.09,3.24,27.0,42.0,28.0
2018-10-02,2.82,2.94,3.05,3.2,23.0,38.0,26.0
2018-10-03,2.85,3.02,3.15,3.3,30.0,45.0,28.0
2018-10-04,2.87,3.05,3.19,3.35,32.0,48.0,30.0
2018-10-05,2.88,3.07,3.23,3.4,35.0,52.0,33.0
2018-10-09,2.88,3.05,3.21,3.37,33.0,49.0,32.0
2018-10-10,2.88,3.05,3.22,3.39,34.0,51.0,34.0
2018-10-11,2.85,3.0,3.14,3.32,29.0,47.0,32.0
2018-10-12,2.85,3.0,3.15,3.32,30.0,47.0,32.0
2018-10-15,2.85,3.01,3.16,3.34,31.0,49.0,33.0
2018-10-16,2.87,3.02,3.16,3.32,29.0,45.0,30.0
2018-10-17,2.89,3.04,3.19,3.35,30.0,46.0,31.0
2018-10-18,2.87,3.03,3.17,3.36,30.0,49.0,33.0
2018-10-19,2.92,3.05,3.2,3.38,28.0,46.0,33.0
2018-10-22,2.92,3.05,3.2,3.38,28.0,46.0,33.0
2018-10-23,2.89,3.01,3.17,3.37,28.0,48.0,36.0
2018-10-24,2.84,2.94,3.1,3.33,26.0,49.0,39.0
2018-10-25,2.86,2.98,3.14,3.35,28.0,49.0,37.0
2018-10-26,2.81,2.91,3.08,3.32,27.0,51.0,41.0
2018-10-29,2.81,2.91,3.08,3.33,27.0,52.0,42.0
2018-10-30,2.84,2.94,3.12,3.36,28.0,52.0,42.0
2018-10-31,2.87,2.98,3.15,3.39,28.0,52.0,41.0
2018-11-01,2.84,2.96,3.14,3.38,30.0,54.0,42.0
2018-11-02,2.91,3.04,3.22,3.46,31.0,55.0,42.0
2018-11-05,2.91,3.03,3.2,3.43,29.0,52.0,40.0
2018-11-06,2.93,3.05,3.22,3.43,29.0,50.0,38.0
2018-11-07,2.96,3.07,3.22,3.43,26.0,47.0,36.0
2018-11-08,2.98,3.09,3.24,3.43,26.0,45.0,34.0
2018-11-09,2.94,3.05,3.19,3.4,25.0,46.0,35.0
2018-11-13,2.89,2.99,3.14,3.36,25.0,47.0,37.0
2018-11-14,2.86,2.95,3.12,3.35,26.0,49.0,40.0
2018-11-15,2.86,2.94,3.11,3.36,25.0,50.0,42.0
2018-11-16,2.81,2.9,3.08,3.33,27.0,52.0,43.0
2018-11-19,2.79,2.87,3.06,3.32,27.0,53.0,45.0
2018-11-20,2.79,2.88,3.06,3.31,27.0,52.0,43.0
2018-11-21,2.81,2.89,3.06,3.31,25.0,50.0,42.0
2018-11-23,2.81,2.88,3.05,3.31,24.0,50.0,43.0
2018-11-26,2.84,2.9,3.07,3.32,23.0,48.0,42.0
2018-11-27,2.83,2.89,3.06,3.32,23.0,49.0,43.0
2018-11-28,2.81,2.87,3.06,3.34,25.0,53.0,47.0
2018-11-29,2.81,2.85,3.03,3.33,22.0,52.0,48.0
2018-11-30,2.8,2.84,3.01,3.3,21.0,50.0,46.0
2018-12-03,2.83,2.83,2.98,3.27,15.0,44.0,44.0
2018-12-04,2.8,2.79,2.91,3.16,11.0,36.0,37.0
2018-12-06,2.75,2.75,2.87,3.14,12.0,39.0,39.0
2018-12-07,2.72,2.7,2.85,3.14,13.0,42.0,44.0
2018-12-10,2.72,2.71,2.85,3.13,13.0,41.0,42.0
2018-12-11,2.78,2.75,2.89,3.13,11.0,35.0,38.0
2018-12-12,2.77,2.77,2.91,3.15,14.0,38.0,38.0
2018-12-13,2.75,2.75,2.91,3.16,16.0,41.0,41.0
2018-12-14,2.73,2.73,2.89,3.14,16.0,41.0,41.0
2018-12-17,2.7,2.69,2.86,3.11,16.0,41.0,42.0
2018-12-18,2.65,2.65,2.82,3.07,17.0,42.0,42.0
2018-12-19,2.63,2.62,2.77,3.0,14.0,37.0,38.0
2018-12-20,2.67,2.65,2.79,3.02,12.0,35.0,37.0
2018-12-21,2.63,2.64,2.79,3.03,16.0,40.0,39.0
2018-12-24,2.55,2.58,2.74,3.0,19.0,45.0,42.0
2018-12-26,2.61,2.67,2.81,3.06,20.0,45.0,39.0
2018-12-27,2.56,2.6,2.77,3.05,21.0,49.0,45.0
2018-12-28,2.52,2.56,2.72,3.04,20.0,52.0,48.0
2018-12-31,2.48,2.51,2.69,3.02,21.0,54.0,51.0
2019-01-02,2.5,2.49,2.66,2.97,16.0,47.0,48.0
2019-01-03,2.39,2.37,2.56,2.92,17.0,53.0,55.0
2019-01-04,2.5,2.49,2.67,2.98,17.0,48.0,49.0
2019-01-07,2.53,2.53,2.7,2.99,17.0,46.0,46.0
2019-01-08,2.58,2.58,2.73,3.0,15.0,42.0,42.0
2019-01-09,2.56,2.57,2.74,3.03,18.0,47.0,46.0
2019-01-10,2.56,2.56,2.74,3.06,18.0,50.0,50.0
2019-01-11,2.55,2.52,2.71,3.04,16.0,49.0,52.0
2019-01-14,2.53,2.53,2.71,3.06,18.0,53.0,53.0
2019-01-15,2.53,2.53,2.72,3.08,19.0,55.0,55.0
2019-01-16,2.55,2.54,2.73,3.07,18.0,52.0,53.0
2019-01-17,2.56,2.58,2.75,3.07,19.0,51.0,49.0
2019-01-18,2.62,2.62,2.79,3.09,17.0,47.0,47.0
2019-01-22,2.58,2.57,2.74,3.06,16.0,48.0,49.0
2019-01-23,2.58,2.59,2.76,3.07,18.0,49.0,48.0
2019-01-24,2.56,2.55,2.72,3.04,16.0,48.0,49.0
2019-01-25,2.6,2.59,2.76,3.06,16.0,46.0,47.0
2019-01-28,2.6,2.58,2.75,3.06,15.0,46.0,48.0
2019-01-29,2.56,2.55,2.72,3.04,16.0,48.0,49.0
2019-01-30,2.52,2.49,2.7,3.06,18.0,54.0,57.0
2019-01-31,2.45,2.43,2.63,2.99,18.0,54.0,56.0
2019-02-01,2.52,2.51,2.7,3.03,18.0,51.0,52.0
2019-02-04,2.53,2.53,2.73,3.06,20.0,53.0,53.0
2019-02-05,2.53,2.51,2.71,3.03,18.0,50.0,52.0
2019-02-06,2.52,2.5,2.7,3.03,18.0,51.0,53.0
2019-02-07,2.48,2.46,2.65,3.0,17.0,52.0,54.0
2019-02-08,2.45,2.44,2.63,2.97,18.0,52.0,53.0
2019-02-11,2.48,2.47,2.65,3.0,17.0,52.0,53.0
2019-02-12,2.5,2.49,2.68,3.02,18.0,52.0,53.0
2019-02-13,2.53,2.53,2.71,3.04,18.0,51.0,51.0
2019-02-14,2.5,2.48,2.66,3.01,16.0,51.0,53.0
2019-02-15,2.52,2.49,2.66,3.0,14.0,48.0,51.0
2019-02-19,2.5,2.47,2.65,2.99,15.0,49.0,52.0
2019-02-20,2.5,2.47,2.65,3.0,15.0,50.0,53.0
2019-02-21,2.53,2.51,2.69,3.05,16.0,52.0,54.0
2019-02-22,2.48,2.47,2.65,3.02,17.0,54.0,55.0
2019-02-25,2.51,2.48,2.67,3.03,16.0,52.0,55.0
2019-02-26,2.48,2.45,2.64,3.01,16.0,53.0,56.0
2019-02-27,2.5,2.49,2.69,3.07,19.0,57.0,58.0
2019-02-28,2.52,2.52,2.73,3.09,21.0,57.0,57.0
2019-03-01,2.55,2.56,2.76,3.13,21.0,58.0,57.0
2019-03-04,2.55,2.53,2.72,3.09,17.0,54.0,56.0
2019-03-05,2.55,2.53,2.72,3.08,17.0,53.0,55.0
2019-03-06,2.52,2.49,2.69,3.06,17.0,54.0,57.0
2019-03-07,2.47,2.44,2.64,3.03,17.0,56.0,59.0
2019-03-08,2.45,2.42,2.62,3.0,17.0,55.0,58.0
2019-03-11,2.47,2.44,2.64,3.03,17.0,56.0,59.0
2019-03-12,2.45,2.41,2.61,3.0,16.0,55.0,59.0
2019-03-13,2.45,2.42,2.61,3.02,16.0,57.0,60.0
2019-03-14,2.46,2.43,2.63,3.04,17.0,58.0,61.0
2019-03-15,2.43,2.4,2.59,3.02,16.0,59.0,62.0
2019-03-18,2.45,2.42,2.6,3.01,15.0,56.0,59.0
2019-03-19,2.46,2.42,2.61,3.02,15.0,56.0,60.0
2019-03-20,2.4,2.34,2.54,2.98,14.0,58.0,64.0
2019-03-21,2.41,2.34,2.54,2.96,13.0,55.0,62.0
2019-03-22,2.31,2.24,2.44,2.88,13.0,57.0,64.0
2019-03-25,2.26,2.21,2.43,2.87,17.0,61.0,66.0
2019-03-26,2.24,2.18,2.41,2.86,17.0,62.0,68.0
2019-03-27,2.22,2.18,2.39,2.83,17.0,61.0,65.0
2019-03-28,2.23,2.2,2.39,2.81,16.0,58.0,61.0
2019-03-29,2.27,2.23,2.41,2.81,14.0,54.0,58.0
2019-04-01,2.33,2.31,2.49,2.89,16.0,56.0,58.0
2019-04-02,2.3,2.28,2.48,2.88,18.0,58.0,60.0
2019-04-03,2.33,2.32,2.52,2.93,19.0,60.0,61.0
2019-04-04,2.33,2.32,2.51,2.92,18.0,59.0,60.0
2019-04-05,2.35,2.31,2.5,2.91,15.0,56.0,60.0
2019-04-08,2.36,2.33,2.52,2.93,16.0,57.0,60.0
2019-04-09,2.35,2.31,2.51,2.92,16.0,57.0,61.0
2019-04-10,2.31,2.28,2.48,2.9,17.0,59.0,62.0
2019-04-11,2.35,2.31,2.51,2.94,16.0,59.0,63.0
2019-04-12,2.4,2.38,2.56,2.97,16.0,57.0,59.0
2019-04-15,2.4,2.37,2.55,2.96,15.0,56.0,59.0
2019-04-16,2.41,2.41,2.6,2.99,19.0,58.0,58.0
2019-04-17,2.4,2.4,2.59,2.99,19.0,59.0,59.0
2019-04-18,2.38,2.38,2.57,2.96,19.0,58.0,58.0
2019-04-22,2.38,2.39,2.59,2.99,21.0,61.0,60.0
2019-04-23,2.36,2.36,2.57,2.98,21.0,62.0,62.0
2019-04-24,2.32,2.32,2.53,2.94,21.0,62.0,62.0
2019-04-25,2.33,2.33,2.54,2.94,21.0,61.0,61.0
2019-04-26,2.28,2.29,2.51,2.92,23.0,64.0,63.0
2019-04-29,2.3,2.32,2.54,2.96,24.0,66.0,64.0
2019-04-30,2.27,2.28,2.51,2.93,24.0,66.0,65.0
2019-05-01,2.31,2.31,2.52,2.92,21.0,61.0,61.0
2019-05-02,2.35,2.34,2.55,2.94,20.0,59.0,60.0
2019-05-03,2.33,2.33,2.54,2.93,21.0,60.0,60.0
2019-05-06,2.31,2.3,2.51,2.91,20.0,60.0,61.0
2019-05-07,2.28,2.25,2.45,2.86,17.0,58.0,61.0
2019-05-08,2.3,2.28,2.49,2.89,19.0,59.0,61.0
2019-05-09,2.26,2.25,2.45,2.87,19.0,61.0,62.0
2019-05-10,2.26,2.26,2.47,2.89,21.0,63.0,63.0
2019-05-13,2.18,2.18,2.4,2.83,22.0,65.0,65.0
2019-05-14,2.2,2.2,2.42,2.86,22.0,66.0,66.0
2019-05-15,2.16,2.15,2.37,2.82,21.0,66.0,67.0
2019-05-16,2.2,2.18,2.4,2.84,20.0,64.0,66.0
2019-05-17,2.2,2.17,2.39,2.82,19.0,62.0,65.0
2019-05-20,2.21,2.21,2.41,2.83,20.0,62.0,62.0
2019-05-21,2.26,2.23,2.43,2.84,17.0,58.0,61.0
2019-05-22,2.23,2.19,2.39,2.82,16.0,59.0,63.0
2019-05-23,2.12,2.11,2.31,2.75,19.0,63.0,64.0
2019-05-24,2.16,2.12,2.32,2.75,16.0,59.0,63.0
2019-05-28,2.12,2.06,2.26,2.7,14.0,58.0,64.0
2019-05-29,2.09,2.05,2.25,2.69,16.0,60.0,64.0
2019-05-30,2.06,2.03,2.22,2.65,16.0,59.0,62.0
2019-05-31,1.95,1.93,2.14,2.58,19.0,63.0,65.0
2019-06-03,1.82,1.83,2.07,2.53,25.0,71.0,70.0
2019-06-04,1.88,1.89,2.12,2.6,24.0,72.0,71.0
2019-06-05,1.83,1.86,2.12,2.63,29.0,80.0,77.0
2019-06-06,1.88,1.88,2.12,2.62,24.0,74.0,74.0
2019-06-07,1.85,1.85,2.09,2.57,24.0,72.0,72.0
2019-06-10,1.9,1.91,2.15,2.62,25.0,72.0,71.0
2019-06-11,1.93,1.92,2.15,2.62,22.0,69.0,70.0
2019-06-12,1.88,1.88,2.13,2.62,25.0,74.0,74.0
2019-06-13,1.83,1.84,2.1,2.61,27.0,78.0,77.0
2019-06-14,1.84,1.85,2.09,2.59,25.0,75.0,74.0
2019-06-17,1.86,1.85,2.09,2.58,23.0,72.0,73.0
2019-06-18,1.86,1.83,2.06,2.55,20.0,69.0,72.0
2019-06-19,1.74,1.77,2.03,2.54,29.0,80.0,77.0
2019-06-20,1.72,1.74,2.01,2.53,29.0,81.0,79.0
2019-06-21,1.77,1.8,2.07,2.59,30.0,82.0,79.0
2019-06-24,1.72,1.75,2.02,2.55,30.0,83.0,80.0
2019-06-25,1.71,1.73,2.0,2.53,29.0,82.0,80.0
2019-06-26,1.77,1.8,2.05,2.57,28.0,80.0,77.0
2019-06-27,1.74,1.76,2.01,2.52,27.0,78.0,76.0
2019-06-28,1.75,1.76,2.0,2.52,25.0,77.0,76.0
2019-07-01,1.78,1.79,2.03,2.55,25.0,77.0,76.0
2019-07-02,1.77,1.75,1.98,2.51,21.0,74.0,76.0
2019-07-03,1.77,1.74,1.96,2.47,19.0,70.0,73.0
2019-07-05,1.87,1.84,2.04,2.54,17.0,67.0,70.0
2019-07-08,1.88,1.86,2.05,2.53,17.0,65.0,67.0
2019-07-09,1.92,1.88,2.07,2.54,15.0,62.0,66.0
2019-07-10,1.82,1.82,2.07,2.57,25.0,75.0,75.0
2019-07-11,1.85,1.88,2.13,2.65,28.0,80.0,77.0
2019-07-12,1.84,1.86,2.12,2.64,28.0,80.0,78.0
2019-07-15,1.83,1.84,2.09,2.61,26.0,78.0,77.0
2019-07-16,1.87,1.88,2.13,2.63,26.0,76.0,75.0
2019-07-17,1.83,1.83,2.06,2.57,23.0,74.0,74.0
2019-07-18,1.77,1.78,2.04,2.56,27.0,79.0,78.0
2019-07-19,1.8,1.8,2.05,2.57,25.0,77.0,77.0
2019-07-22,1.8,1.8,2.05,2.58,25.0,78.0,78.0
2019-07-23,1.83,1.83,2.08,2.61,25.0,78.0,78.0
2019-07-24,1.83,1.82,2.05,2.58,22.0,75.0,76.0
2019-07-25,1.86,1.85,2.08,2.6,22.0,74.0,75.0
2019-07-26,1.86,1.85,2.08,2.59,22.0,73.0,74.0
2019-07-29,1.85,1.84,2.06,2.59,21.0,74.0,75.0
2019-07-30,1.85,1.84,2.06,2.58,21.0,73.0,74.0
2019-07-31,1.89,1.84,2.02,2.53,13.0,64.0,69.0
2019-08-01,1.73,1.68,1.9,2.44,17.0,71.0,76.0
2019-08-02,1.72,1.66,1.86,2.39,14.0,67.0,73.0
2019-08-05,1.59,1.55,1.75,2.3,16.0,71.0,75.0
2019-08-06,1.6,1.53,1.73,2.25,13.0,65.0,72.0
2019-08-07,1.59,1.52,1.71,2.22,12.0,63.0,70.0
2019-08-08,1.62,1.54,1.72,2.25,10.0,63.0,71.0
2019-08-09,1.63,1.57,1.74,2.26,11.0,63.0,69.0
2019-08-12,1.58,1.49,1.65,2.14,7.0,56.0,65.0
2019-08-13,1.66,1.57,1.68,2.15,2.0,49.0,58.0
2019-08-14,1.58,1.51,1.59,2.03,1.0,45.0,52.0
2019-08-15,1.48,1.42,1.52,1.98,4.0,50.0,56.0
2019-08-16,1.48,1.42,1.55,2.01,7.0,53.0,59.0
2019-08-19,1.53,1.47,1.6,2.08,7.0,55.0,61.0
2019-08-20,1.5,1.42,1.55,2.04,5.0,54.0,62.0
2019-08-21,1.56,1.47,1.59,2.07,3.0,51.0,60.0
2019-08-22,1.61,1.5,1.62,2.11,1.0,50.0,61.0
2019-08-23,1.51,1.4,1.52,2.02,1.0,51.0,62.0
2019-08-26,1.54,1.43,1.54,2.04,0.0,50.0,61.0
2019-08-27,1.53,1.4,1.49,1.97,-4.0,44.0,57.0
2019-08-28,1.5,1.37,1.47,1.94,-3.0,44.0,57.0
2019-08-29,1.53,1.4,1.5,1.97,-3.0,44.0,57.0
2019-08-30,1.5,1.39,1.5,1.96,0.0,46.0,57.0
2019-09-03,1.47,1.35,1.47,1.95,0.0,48.0,60.0
2019-09-04,1.43,1.32,1.47,1.97,4.0,54.0,65.0
2019-09-05,1.55,1.43,1.57,2.06,2.0,51.0,63.0
2019-09-06,1.53,1.42,1.55,2.02,2.0,49.0,60.0
2019-09-09,1.58,1.49,1.63,2.11,5.0,53.0,62.0
2019-09-10,1.67,1.58,1.72,2.19,5.0,52.0,61.0
2019-09-11,1.68,1.6,1.75,2.22,7.0,54.0,62.0
2019-09-12,1.72,1.65,1.79,2.22,7.0,50.0,57.0
2019-09-13,1.79,1.75,1.9,2.37,11.0,58.0,62.0
2019-09-16,1.74,1.69,1.84,2.31,10.0,57.0,62.0
2019-09-17,1.72,1.66,1.81,2.27,9.0,55.0,61.0
2019-09-18,1.77,1.68,1.8,2.25,3.0,48.0,57.0
2019-09-19,1.74,1.66,1.79,2.22,5.0,48.0,56.0
2019-09-20,1.69,1.61,1.74,2.17,5.0,48.0,56.0
2019-09-23,1.68,1.59,1.72,2.16,4.0,48.0,57.0
2019-09-24,1.6,1.52,1.64,2.09,4.0,49.0,57.0
2019-09-25,1.68,1.6,1.73,2.18,5.0,50.0,58.0
2019-09-26,1.66,1.59,1.7,2.15,4.0,49.0,56.0
2019-09-27,1.63,1.56,1.69,2.13,6.0,50.0,57.0
2019-09-30,1.63,1.55,1.68,2.12,5.0,49.0,57.0
2019-10-01,1.56,1.51,1.65,2.11,9.0,55.0,60.0
2019-10-02,1.48,1.43,1.6,2.09,12.0,61.0,66.0
2019-10-03,1.39,1.34,1.54,2.04,15.0,65.0,70.0
2019-10-04,1.4,1.34,1.52,2.01,12.0,61.0,67.0
2019-10-07,1.46,1.38,1.56,2.05,10.0,59.0,67.0
2019-10-08,1.42,1.36,1.54,2.04,12.0,62.0,68.0
2019-10-09,1.47,1.4,1.59,2.08,12.0,61.0,68.0
2019-10-10,1.53,1.48,1.67,2.16,14.0,63.0,68.0
2019-10-11,1.63,1.59,1.76,2.22,13.0,59.0,63.0
2019-10-15,1.61,1.59,1.77,2.23,16.0,62.0,64.0
2019-10-16,1.58,1.57,1.75,2.23,17.0,65.0,66.0
2019-10-17,1.6,1.57,1.76,2.24,16.0,64.0,67.0
2019-10-18,1.58,1.56,1.76,2.25,18.0,67.0,69.0
2019-10-21,1.62,1.61,1.8,2.28,18.0,66.0,67.0
2019-10-22,1.6,1.6,1.78,2.26,18.0,66.0,66.0
2019-10-23,1.58,1.58,1.77,2.25,19.0,67.0,67.0
2019-10-24,1.58,1.58,1.77,2.26,19.0,68.0,68.0
2019-10-25,1.63,1.62,1.8,2.29,17.0,66.0,67.0
2019-10-28,1.64,1.66,1.85,2.34,21.0,70.0,68.0
2019-10-29,1.64,1.66,1.84,2.33,20.0,69.0,67.0
2019-10-30,1.61,1.61,1.78,2.26,17.0,65.0,65.0
2019-10-31,1.52,1.51,1.69,2.17,17.0,65.0,66.0
2019-11-01,1.56,1.55,1.73,2.21,17.0,65.0,66.0
2019-11-04,1.6,1.6,1.79,2.27,19.0,67.0,67.0
2019-11-05,1.63,1.66,1.86,2.34,23.0,71.0,68.0
2019-11-06,1.61,1.63,1.81,2.3,20.0,69.0,67.0
2019-11-07,1.68,1.74,1.92,2.4,24.0,72.0,66.0
2019-11-08,1.68,1.74,1.94,2.43,26.0,75.0,69.0
2019-11-12,1.66,1.73,1.92,2.39,26.0,73.0,66.0
2019-11-13,1.63,1.69,1.88,2.36,25.0,73.0,67.0
2019-11-14,1.58,1.63,1.82,2.31,24.0,73.0,68.0
2019-11-15,1.61,1.65,1.84,2.31,23.0,70.0,66.0
2019-11-18,1.6,1.63,1.81,2.3,21.0,70.0,67.0
2019-11-19,1.6,1.63,1.79,2.26,19.0,66.0,63.0
2019-11-20,1.56,1.58,1.73,2.2,17.0,64.0,62.0
2019-11-21,1.6,1.62,1.77,2.24,17.0,64.0,62.0
2019-11-22,1.61,1.62,1.77,2.22,16.0,61.0,60.0
2019-11-25,1.61,1.62,1.76,2.21,15.0,60.0,59.0
2019-11-26,1.58,1.58,1.74,2.18,16.0,60.0,60.0
2019-11-27,1.63,1.63,1.77,2.19,14.0,56.0,56.0
2019-11-29,1.61,1.62,1.78,2.21,17.0,60.0,59.0
2019-12-02,1.61,1.65,1.83,2.28,22.0,67.0,63.0
2019-12-03,1.53,1.54,1.72,2.17,19.0,64.0,63.0
2019-12-04,1.58,1.6,1.77,2.22,19.0,64.0,62.0
2019-12-05,1.58,1.62,1.8,2.24,22.0,66.0,62.0
2019-12-06,1.61,1.67,1.84,2.29,23.0,68.0,62.0
2019-12-09,1.63,1.67,1.83,2.27,20.0,64.0,60.0
2019-12-10,1.65,1.68,1.85,2.26,20.0,61.0,58.0
2019-12-11,1.61,1.64,1.79,2.23,18.0,62.0,59.0
2019-12-12,1.66,1.73,1.9,2.32,24.0,66.0,59.0
2019-12-13,1.61,1.66,1.82,2.26,21.0,65.0,60.0
2019-12-16,1.65,1.72,1.89,2.3,24.0,65.0,58.0
2019-12-17,1.63,1.71,1.89,2.31,26.0,68.0,60.0
2019-12-18,1.63,1.74,1.92,2.35,29.0,72.0,61.0
2019-12-19,1.62,1.73,1.92,2.35,30.0,73.0,62.0
2019-12-20,1.63,1.73,1.92,2.34,29.0,71.0,61.0
2019-12-23,1.64,1.75,1.93,2.35,29.0,71.0,60.0
2019-12-24,1.62,1.72,1.9,2.33,28.0,71.0,61.0
2019-12-26,1.64,1.72,1.9,2.33,26.0,69.0,61.0
2019-12-27,1.59,1.68,1.88,2.32,29.0,73.0,64.0
2019-12-30,1.58,1.68,1.9,2.34,32.0,76.0,66.0
2019-12-31,1.58,1.69,1.92,2.39,34.0,81.0,70.0
2020-01-02,1.58,1.67,1.88,2.33,30.0,75.0,66.0
2020-01-03,1.53,1.59,1.8,2.26,27.0,73.0,67.0
2020-01-06,1.54,1.61,1.81,2.28,27.0,74.0,67.0
2020-01-07,1.54,1.62,1.83,2.31,29.0,77.0,69.0
2020-01-08,1.58,1.67,1.87,2.35,29.0,77.0,68.0
2020-01-09,1.58,1.65,1.85,2.38,27.0,80.0,73.0
2020-01-10,1.56,1.63,1.83,2.28,27.0,72.0,65.0
2020-01-13,1.58,1.65,1.85,2.3,27.0,72.0,65.0
2020-01-14,1.58,1.63,1.82,2.27,24.0,69.0,64.0
2020-01-15,1.56,1.6,1.79,2.23,23.0,67.0,63.0
2020-01-16,1.58,1.63,1.81,2.26,23.0,68.0,63.0
2020-01-17,1.58,1.63,1.84,2.29,26.0,71.0,66.0
2020-01-21,1.53,1.57,1.78,2.23,25.0,70.0,66.0
2020-01-22,1.53,1.57,1.77,2.22,24.0,69.0,65.0
2020-01-23,1.51,1.55,1.74,2.18,23.0,67.0,63.0
2020-01-24,1.49,1.51,1.7,2.14,21.0,65.0,63.0
2020-01-27,1.44,1.44,1.61,2.05,17.0,61.0,61.0
2020-01-28,1.45,1.47,1.65,2.1,20.0,65.0,63.0
2020-01-29,1.42,1.41,1.6,2.05,18.0,63.0,64.0
2020-01-30,1.41,1.39,1.57,2.04,16.0,63.0,65.0
2020-01-31,1.33,1.32,1.51,1.99,18.0,66.0,67.0
2020-02-03,1.36,1.35,1.54,2.01,18.0,65.0,66.0
2020-02-04,1.41,1.42,1.61,2.08,20.0,67.0,66.0
2020-02-05,1.44,1.46,1.66,2.14,22.0,70.0,68.0
2020-02-06,1.44,1.45,1.65,2.11,21.0,67.0,66.0
2020-02-07,1.41,1.41,1.59,2.05,18.0,64.0,64.0
2020-02-10,1.37,1.38,1.56,2.03,19.0,66.0,65.0
2020-02-11,1.41,1.4,1.59,2.05,18.0,64.0,65.0
2020-02-12,1.44,1.45,1.62,2.09,18.0,65.0,64.0
2020-02-13,1.44,1.43,1.61,2.07,17.0,63.0,64.0
2020-02-14,1.42,1.42,1.59,2.04,17.0,62.0,62.0
2020-02-18,1.41,1.39,1.55,2.0,14.0,59.0,61.0
2020-02-19,1.42,1.41,1.56,2.01,14.0,59.0,60.0
2020-02-20,1.39,1.37,1.52,1.97,13.0,58.0,60.0
2020-02-21,1.34,1.3,1.46,1.9,12.0,56.0,60.0
2020-02-24,1.26,1.21,1.38,1.84,12.0,58.0,63.0
2020-02-25,1.2,1.16,1.33,1.8,13.0,60.0,64.0
2020-02-26,1.16,1.14,1.33,1.81,17.0,65.0,67.0
2020-02-27,1.11,1.11,1.3,1.79,19.0,68.0,68.0
2020-02-28,0.86,0.89,1.13,1.65,27.0,79.0,76.0
2020-03-02,0.84,0.88,1.1,1.66,26.0,82.0,78.0
2020-03-03,0.71,0.77,1.02,1.64,31.0,93.0,87.0
2020-03-04,0.67,0.75,1.02,1.67,35.0,100.0,92.0
2020-03-05,0.59,0.67,0.92,1.56,33.0,97.0,89.0
2020-03-06,0.49,0.58,0.74,1.25,25.0,76.0,67.0
2020-03-09,0.38,0.46,0.54,0.99,16.0,61.0,53.0
2020-03-10,0.5,0.63,0.76,1.28,26.0,78.0,65.0
2020-03-11,0.5,0.66,0.82,1.3,32.0,80.0,64.0
2020-03-12,0.5,0.66,0.88,1.49,38.0,99.0,83.0
2020-03-13,0.49,0.7,0.94,1.56,45.0,107.0,86.0
2020-03-16,0.36,0.49,0.73,1.34,37.0,98.0,85.0
2020-03-17,0.47,0.66,1.02,1.63,55.0,116.0,97.0
2020-03-18,0.54,0.79,1.18,1.77,64.0,123.0,98.0
2020-03-19,0.44,0.66,1.12,1.78,68.0,134.0,112.0
2020-03-20,0.37,0.52,0.92,1.55,55.0,118.0,103.0
2020-03-23,0.28,0.38,0.76,1.33,48.0,105.0,95.0
2020-03-24,0.38,0.52,0.84,1.39,46.0,101.0,87.0
2020-03-25,0.34,0.56,0.88,1.45,54.0,111.0,89.0
2020-03-26,0.3,0.51,0.83,1.42,53.0,112.0,91.0
2020-03-27,0.25,0.41,0.72,1.29,47.0,104.0,88.0
2020-03-30,0.23,0.39,0.7,1.31,47.0,108.0,92.0
2020-03-31,0.23,0.37,0.7,1.35,47.0,112.0,98.0
2020-04-01,0.23,0.37,0.62,1.27,39.0,104.0,90.0
2020-04-02,0.23,0.39,0.63,1.26,40.0,103.0,87.0
2020-04-03,0.23,0.39,0.62,1.24,39.0,101.0,85.0
2020-04-06,0.27,0.44,0.67,1.27,40.0,100.0,83.0
2020-04-07,0.28,0.48,0.75,1.32,47.0,104.0,84.0
2020-04-08,0.27,0.47,0.77,1.37,50.0,110.0,90.0
2020-04-09,0.23,0.41,0.73,1.35,50.0,112.0,94.0
2020-04-13,0.25,0.44,0.76,1.39,51.0,114.0,95.0
2020-04-14,0.23,0.42,0.76,1.41,53.0,118.0,99.0
2020-04-15,0.2,0.34,0.63,1.27,43.0,107.0,93.0
2020-04-16,0.2,0.35,0.61,1.21,41.0,101.0,86.0
2020-04-17,0.2,0.36,0.65,1.27,45.0,107.0,91.0
2020-04-20,0.2,0.35,0.63,1.23,43.0,103.0,88.0
2020-04-21,0.2,0.34,0.58,1.17,38.0,97.0,83.0
2020-04-22,0.22,0.37,0.63,1.22,41.0,100.0,85.0
2020-04-23,0.22,0.37,0.61,1.18,39.0,96.0,81.0
2020-04-24,0.22,0.36,0.6,1.17,38.0,95.0,81.0
2020-04-27,0.24,0.41,0.67,1.25,43.0,101.0,84.0
2020-04-28,0.2,0.37,0.62,1.2,42.0,100.0,83.0
2020-04-29,0.2,0.36,0.63,1.24,43.0,104.0,88.0
2020-04-30,0.2,0.36,0.64,1.28,44.0,108.0,92.0
2020-05-01,0.2,0.36,0.64,1.27,44.0,107.0,91.0
2020-05-04,0.19,0.36,0.64,1.29,45.0,110.0,93.0
2020-05-05,0.19,0.36,0.66,1.32,47.0,113.0,96.0
2020-05-06,0.17,0.37,0.72,1.41,55.0,124.0,104.0
2020-05-07,0.13,0.29,0.63,1.31,50.0,118.0,102.0
2020-05-08,0.16,0.33,0.69,1.39,53.0,123.0,106.0
2020-05-11,0.17,0.36,0.73,1.43,56.0,126.0,107.0
2020-05-12,0.17,0.34,0.69,1.38,52.0,121.0,104.0
2020-05-13,0.16,0.31,0.64,1.35,48.0,119.0,104.0
2020-05-14,0.16,0.31,0.63,1.3,47.0,114.0,99.0
2020-05-15,0.16,0.31,0.64,1.32,48.0,116.0,101.0
2020-05-18,0.18,0.38,0.73,1.44,55.0,126.0,106.0
2020-05-19,0.17,0.35,0.7,1.43,53.0,126.0,108.0
2020-05-20,0.16,0.34,0.68,1.4,52.0,124.0,106.0
2020-05-21,0.17,0.35,0.68,1.4,51.0,123.0,105.0
2020-05-22,0.17,0.34,0.66,1.37,49.0,120.0,103.0
2020-05-26,0.18,0.35,0.69,1.43,51.0,125.0,108.0
2020-05-27,0.19,0.34,0.68,1.44,49.0,125.0,110.0
2020-05-28,0.17,0.34,0.7,1.47,53.0,130.0,113.0
2020-05-29,0.16,0.3,0.65,1.41,49.0,125.0,111.0
2020-06-01,0.14,0.31,0.66,1.46,52.0,132.0,115.0
2020-06-02,0.17,0.32,0.68,1.48,51.0,131.0,116.0
2020-06-03,0.19,0.38,0.77,1.56,58.0,137.0,118.0
2020-06-04,0.19,0.4,0.82,1.61,63.0,142.0,121.0
2020-06-05,0.22,0.47,0.91,1.68,69.0,146.0,121.0
2020-06-08,0.22,0.45,0.88,1.65,66.0,143.0,120.0
2020-06-09,0.2,0.4,0.84,1.59,64.0,139.0,119.0
2020-06-10,0.17,0.33,0.75,1.53,58.0,136.0,120.0
2020-06-11,0.19,0.32,0.66,1.41,47.0,122.0,109.0
2020-06-12,0.19,0.33,0.71,1.45,52.0,126.0,112.0
2020-06-15,0.19,0.33,0.71,1.45,52.0,126.0,112.0
2020-06-16,0.21,0.34,0.75,1.54,54.0,133.0,120.0
2020-06-17,0.19,0.34,0.74,1.52,55.0,133.0,118.0
2020-06-18,0.19,0.34,0.71,1.47,52.0,128.0,113.0
2020-06-19,0.19,0.33,0.7,1.47,51.0,128.0,114.0
2020-06-22,0.19,0.34,0.71,1.46,52.0,127.0,112.0
2020-06-23,0.18,0.33,0.72,1.49,54.0,131.0,116.0
2020-06-24,0.19,0.33,0.69,1.44,50.0,125.0,111.0
2020-06-25,0.17,0.32,0.68,1.43,51.0,126.0,111.0
2020-06-26,0.17,0.3,0.64,1.37,47.0,120.0,107.0
2020-06-29,0.16,0.28,0.64,1.39,48.0,123.0,111.0
2020-06-30,0.16,0.29,0.66,1.41,50.0,125.0,112.0
2020-07-01,0.17,0.31,0.69,1.43,52.0,126.0,112.0
2020-07-02,0.16,0.29,0.68,1.43,52.0,127.0,114.0
2020-07-06,0.16,0.31,0.69,1.45,53.0,129.0,114.0
2020-07-07,0.16,0.29,0.65,1.38,49.0,122.0,109.0
2020-07-08,0.16,0.3,0.67,1.39,51.0,123.0,109.0
2020-07-09,0.16,0.28,0.62,1.32,46.0,116.0,104.0
2020-07-10,0.16,0.3,0.65,1.33,49.0,117.0,103.0
2020-07-13,0.16,0.3,0.64,1.33,48.0,117.0,103.0
2020-07-14,0.14,0.28,0.63,1.3,49.0,116.0,102.0
2020-07-15,0.16,0.28,0.64,1.33,48.0,117.0,105.0
2020-07-16,0.16,0.28,0.62,1.31,46.0,115.0,103.0
2020-07-17,0.14,0.29,0.64,1.33,50.0,119.0,104.0
2020-07-20,0.16,0.29,0.62,1.32,46.0,116.0,103.0
2020-07-21,0.14,0.27,0.61,1.31,47.0,117.0,104.0
2020-07-22,0.14,0.27,0.6,1.29,46.0,115.0,102.0
2020-07-23,0.16,0.27,0.59,1.24,43.0,108.0,97.0
2020-07-24,0.14,0.27,0.59,1.23,45.0,109.0,96.0
2020-07-27,0.15,0.3,0.62,1.25,47.0,110.0,95.0
2020-07-28,0.14,0.26,0.59,1.22,45.0,108.0,96.0
2020-07-29,0.12,0.25,0.58,1.24,46.0,112.0,99.0
2020-07-30,0.11,0.23,0.55,1.2,44.0,109.0,97.0
2020-07-31,0.11,0.21,0.55,1.2,44.0,109.0,99.0
2020-08-03,0.11,0.22,0.56,1.23,45.0,112.0,101.0
2020-08-04,0.11,0.19,0.52,1.19,41.0,108.0,100.0
2020-08-05,0.11,0.22,0.55,1.22,44.0,111.0,100.0
2020-08-06,0.11,0.21,0.55,1.2,44.0,109.0,99.0
2020-08-07,0.13,0.23,0.57,1.23,44.0,110.0,100.0
2020-08-10,0.14,0.24,0.59,1.25,45.0,111.0,101.0
2020-08-11,0.16,0.27,0.64,1.32,48.0,116.0,105.0
2020-08-12,0.16,0.3,0.69,1.37,53.0,121.0,107.0
2020-08-13,0.16,0.32,0.71,1.42,55.0,126.0,110.0
2020-08-14,0.14,0.29,0.71,1.45,57.0,131.0,116.0
2020-08-17,0.14,0.29,0.69,1.43,55.0,129.0,114.0
2020-08-18,0.14,0.27,0.67,1.4,53.0,126.0,113.0
2020-08-19,0.14,0.29,0.68,1.42,54.0,128.0,113.0
2020-08-20,0.13,0.26,0.65,1.38,52.0,125.0,112.0
2020-08-21,0.16,0.27,0.64,1.35,48.0,119.0,108.0
2020-08-24,0.14,0.28,0.65,1.35,51.0,121.0,107.0
2020-08-25,0.15,0.3,0.69,1.39,54.0,124.0,109.0
2020-08-26,0.16,0.28,0.69,1.41,53.0,125.0,113.0
2020-08-27,0.16,0.31,0.74,1.5,58.0,134.0,119.0
2020-08-28,0.14,0.28,0.74,1.52,60.0,138.0,124.0
2020-08-31,0.14,0.28,0.72,1.49,58.0,135.0,121.0
2020-09-01,0.13,0.26,0.68,1.43,55.0,130.0,117.0
2020-09-02,0.14,0.26,0.66,1.38,52.0,124.0,112.0
2020-09-03,0.13,0.24,0.63,1.34,50.0,121.0,110.0
2020-09-04,0.14,0.3,0.72,1.46,58.0,132.0,116.0
2020-09-08,0.14,0.28,0.69,1.43,55.0,129.0,115.0
2020-09-09,0.14,0.28,0.71,1.45,57.0,131.0,117.0
2020-09-10,0.14,0.26,0.68,1.43,54.0,129.0,117.0
2020-09-11,0.13,0.26,0.67,1.42,54.0,129.0,116.0
2020-09-14,0.14,0.27,0.68,1.42,54.0,128.0,115.0
2020-09-15,0.14,0.27,0.68,1.43,54.0,129.0,116.0
2020-09-16,0.14,0.28,0.69,1.45,55.0,131.0,117.0
2020-09-17,0.13,0.28,0.69,1.43,56.0,130.0,115.0
2020-09-18,0.14,0.29,0.7,1.45,56.0,131.0,116.0
2020-09-21,0.14,0.27,0.68,1.43,54.0,129.0,116.0
2020-09-22,0.13,0.27,0.68,1.42,55.0,129.0,115.0
2020-09-23,0.14,0.28,0.68,1.42,54.0,128.0,114.0
2020-09-24,0.14,0.27,0.67,1.4,53.0,126.0,113.0
2020-09-25,0.12,0.26,0.66,1.4,54.0,128.0,114.0
2020-09-28,0.14,0.26,0.67,1.42,53.0,128.0,116.0
2020-09-29,0.11,0.24,0.66,1.41,55.0,130.0,117.0
2020-09-30,0.13,0.28,0.69,1.46,56.0,133.0,118.0
2020-10-01,0.14,0.27,0.68,1.45,54.0,131.0,118.0
2020-10-02,0.13,0.28,0.7,1.48,57.0,135.0,120.0
2020-10-05,0.14,0.33,0.78,1.57,64.0,143.0,124.0
2020-10-06,0.14,0.32,0.76,1.56,62.0,142.0,124.0
2020-10-07,0.16,0.35,0.81,1.6,65.0,144.0,125.0
2020-10-08,0.13,0.33,0.78,1.57,65.0,144.0,124.0
2020-10-09,0.16,0.34,0.79,1.58,63.0,142.0,124.0
2020-10-13,0.16,0.31,0.74,1.52,58.0,136.0,121.0
2020-10-14,0.14,0.3,0.73,1.5,59.0,136.0,120.0
2020-10-15,0.14,0.32,0.74,1.52,60.0,138.0,120.0
2020-10-16,0.14,0.32,0.76,1.52,62.0,138.0,120.0
2020-10-19,0.16,0.34,0.78,1.55,62.0,139.0,121.0
2020-10-20,0.14,0.34,0.81,1.6,67.0,146.0,126.0
2020-10-21,0.14,0.36,0.83,1.62,69.0,148.0,126.0
2020-10-22,0.16,0.38,0.87,1.67,71.0,151.0,129.0
2020-10-23,0.18,0.37,0.85,1.64,67.0,146.0,127.0
2020-10-26,0.16,0.35,0.81,1.59,65.0,143.0,124.0
2020-10-27,0.16,0.34,0.79,1.57,63.0,141.0,123.0
2020-10-28,0.16,0.34,0.79,1.56,63.0,140.0,122.0
2020-10-29,0.16,0.38,0.85,1.62,69.0,146.0,124.0
2020-10-30,0.14,0.38,0.88,1.65,74.0,151.0,127.0
2020-11-02,0.16,0.38,0.87,1.63,71.0,147.0,125.0
2020-11-03,0.17,0.39,0.9,1.66,73.0,149.0,127.0
2020-11-04,0.14,0.33,0.78,1.55,64.0,141.0,122.0
2020-11-05,0.14,0.33,0.79,1.54,65.0,140.0,121.0
2020-11-06,0.16,0.36,0.83,1.6,67.0,144.0,124.0
2020-11-09,0.17,0.44,0.96,1.73,79.0,156.0,129.0
2020-11-10,0.19,0.46,0.98,1.75,79.0,156.0,129.0
2020-11-12,0.17,0.4,0.88,1.64,71.0,147.0,124.0
2020-11-13,0.17,0.41,0.89,1.65,72.0,148.0,124.0
2020-11-16,0.19,0.41,0.91,1.66,72.0,147.0,125.0
2020-11-17,0.18,0.39,0.87,1.62,69.0,144.0,123.0
2020-11-18,0.16,0.4,0.88,1.62,72.0,146.0,122.0
2020-11-19,0.18,0.39,0.86,1.58,68.0,140.0,119.0
2020-11-20,0.16,0.38,0.83,1.53,67.0,137.0,115.0
2020-11-23,0.16,0.39,0.86,1.56,70.0,140.0,117.0
2020-11-24,0.16,0.39,0.88,1.6,72.0,144.0,121.0
2020-11-25,0.17,0.39,0.88,1.62,71.0,145.0,123.0
2020-11-27,0.16,0.37,0.84,1.57,68.0,141.0,120.0
2020-11-30,0.16,0.36,0.84,1.58,68.0,142.0,122.0
2020-12-01,0.17,0.42,0.92,1.66,75.0,149.0,124.0
2020-12-02,0.16,0.42,0.95,1.7,79.0,154.0,128.0
2020-12-03,0.16,0.4,0.92,1.67,76.0,151.0,127.0
2020-12-04,0.16,0.42,0.97,1.73,81.0,157.0,131.0
2020-12-07,0.14,0.4,0.94,1.69,80.0,155.0,129.0
2020-12-08,0.14,0.39,0.92,1.67,78.0,153.0,128.0
2020-12-09,0.16,0.41,0.95,1.69,79.0,153.0,128.0
2020-12-10,0.14,0.39,0.92,1.65,78.0,151.0,126.0
2020-12-11,0.11,0.37,0.9,1.63,79.0,152.0,126.0
2020-12-14,0.13,0.37,0.9,1.63,77.0,150.0,126.0
2020-12-15,0.11,0.37,0.92,1.65,81.0,154.0,128.0
2020-12-16,0.13,0.37,0.92,1.66,79.0,153.0,129.0
2020-12-17,0.13,0.38,0.94,1.68,81.0,155.0,130.0
2020-12-18,0.13,0.39,0.95,1.7,82.0,157.0,131.0
2020-12-21,0.13,0.39,0.95,1.68,82.0,155.0,129.0
2020-12-22,0.13,0.37,0.93,1.65,80.0,152.0,128.0
2020-12-23,0.13,0.38,0.96,1.7,83.0,157.0,132.0
2020-12-24,0.13,0.37,0.94,1.66,81.0,153.0,129.0
2020-12-28,0.13,0.38,0.94,1.67,81.0,154.0,129.0
2020-12-29,0.12,0.37,0.94,1.67,82.0,155.0,130.0
2020-12-30,0.12,0.37,0.93,1.66,81.0,154.0,129.0
2020-12-31,0.13,0.36,0.93,1.65,80.0,152.0,129.0
2021-01-04,0.11,0.36,0.93,1.66,82.0,155.0,130.0
2021-01-05,0.13,0.38,0.96,1.7,83.0,157.0,132.0
2021-01-06,0.14,0.43,1.04,1.81,90.0,167.0,138.0
2021-01-07,0.14,0.46,1.08,1.85,94.0,171.0,139.0
2021-01-08,0.14,0.49,1.13,1.87,99.0,173.0,138.0
2021-01-11,0.14,0.5,1.15,1.88,101.0,174.0,138.0
2021-01-12,0.14,0.5,1.15,1.88,101.0,174.0,138.0
2021-01-13,0.14,0.48,1.1,1.82,96.0,168.0,134.0
2021-01-14,0.16,0.49,1.15,1.88,99.0,172.0,139.0
2021-01-15,0.13,0.46,1.11,1.85,98.0,172.0,139.0
2021-01-19,0.14,0.45,1.1,1.84,96.0,170.0,139.0
2021-01-20,0.13,0.45,1.1,1.84,97.0,171.0,139.0
2021-01-21,0.13,0.45,1.12,1.87,99.0,174.0,142.0
2021-01-22,0.13,0.44,1.1,1.85,97.0,172.0,141.0
2021-01-25,0.13,0.42,1.05,1.8,92.0,167.0,138.0
2021-01-26,0.11,0.42,1.05,1.8,94.0,169.0,138.0
2021-01-27,0.12,0.41,1.04,1.79,92.0,167.0,138.0
2021-01-28,0.12,0.42,1.07,1.81,95.0,169.0,139.0
2021-01-29,0.11,0.45,1.11,1.87,100.0,176.0,142.0
2021-02-01,0.11,0.42,1.09,1.84,98.0,173.0,142.0
2021-02-02,0.11,0.45,1.12,1.87,101.0,176.0,142.0
2021-02-03,0.11,0.46,1.15,1.92,104.0,181.0,146.0
2021-02-04,0.11,0.46,1.15,1.93,104.0,182.0,147.0
2021-02-05,0.09,0.47,1.19,1.97,110.0,188.0,150.0
2021-02-08,0.11,0.48,1.19,1.96,108.0,185.0,148.0
2021-02-09,0.11,0.48,1.18,1.95,107.0,184.0,147.0
2021-02-10,0.11,0.46,1.15,1.92,104.0,181.0,146.0
2021-02-11,0.11,0.46,1.16,1.94,105.0,183.0,148.0
2021-02-12,0.11,0.5,1.2,2.01,109.0,190.0,151.0
2021-02-16,0.13,0.57,1.3,2.08,117.0,195.0,151.0
2021-02-17,0.11,0.57,1.29,2.06,118.0,195.0,149.0
2021-02-18,0.11,0.56,1.29,2.08,118.0,197.0,152.0
2021-02-19,0.11,0.59,1.34,2.14,123.0,203.0,155.0
2021-02-22,0.11,0.61,1.37,2.19,126.0,208.0,158.0
2021-02-23,0.11,0.59,1.37,2.21,126.0,210.0,162.0
2021-02-24,0.12,0.62,1.38,2.24,126.0,212.0,162.0
2021-02-25,0.17,0.81,1.54,2.33,137.0,216.0,152.0
2021-02-26,0.14,0.75,1.44,2.17,130.0,203.0,142.0
2021-03-01,0.13,0.71,1.45,2.23,132.0,210.0,152.0
2021-03-02,0.13,0.67,1.42,2.21,129.0,208.0,154.0
2021-03-03,0.14,0.73,1.47,2.25,133.0,211.0,152.0
2021-03-04,0.14,0.77,1.54,2.3,140.0,216.0,153.0
2021-03-05,0.14,0.79,1.56,2.28,142.0,214.0,149.0
2021-03-08,0.17,0.86,1.59,2.31,142.0,214.0,145.0
2021-03-09,0.17,0.83,1.55,2.26,138.0,209.0,143.0
2021-03-10,0.16,0.8,1.53,2.24,137.0,208.0,144.0
2021-03-11,0.14,0.78,1.54,2.29,140.0,215.0,151.0
2021-03-12,0.14,0.85,1.64,2.4,150.0,226.0,155.0
2021-03-15,0.14,0.84,1.62,2.37,148.0,223.0,153.0
2021-03-16,0.15,0.83,1.62,2.38,147.0,223.0,155.0
2021-03-17,0.13,0.8,1.63,2.42,150.0,229.0,162.0
2021-03-18,0.16,0.86,1.71,2.45,155.0,229.0,159.0
2021-03-19,0.16,0.9,1.74,2.45,158.0,229.0,155.0
2021-03-22,0.15,0.87,1.69,2.38,154.0,223.0,151.0
2021-03-23,0.15,0.83,1.63,2.34,148.0,219.0,151.0
2021-03-24,0.14,0.83,1.62,2.31,148.0,217.0,148.0
2021-03-25,0.14,0.82,1.63,2.34,149.0,220.0,152.0
2021-03-26,0.14,0.85,1.67,2.37,153.0,223.0,152.0
2021-03-29,0.14,0.89,1.73,2.43,159.0,229.0,154.0
2021-03-30,0.16,0.9,1.73,2.38,157.0,222.0,148.0
2021-03-31,0.16,0.92,1.74,2.41,158.0,225.0,149.0
2021-04-01,0.17,0.9,1.69,2.34,152.0,217.0,144.0
2021-04-02,0.19,0.97,1.72,2.35,153.0,216.0,138.0
2021-04-05,0.17,0.94,1.73,2.36,156.0,219.0,142.0
2021-04-06,0.16,0.88,1.67,2.32,151.0,216.0,144.0
2021-04-07,0.16,0.87,1.68,2.35,152.0,219.0,148.0
2021-04-08,0.14,0.85,1.64,2.32,150.0,218.0,147.0
2021-04-09,0.16,0.87,1.67,2.34,151.0,218.0,147.0
2021-04-12,0.18,0.89,1.69,2.34,151.0,216.0,145.0
2021-04-13,0.16,0.85,1.64,2.32,148.0,216.0,147.0
2021-04-14,0.16,0.87,1.64,2.32,148.0,216.0,145.0
2021-04-15,0.16,0.81,1.56,2.23,140.0,207.0,142.0
2021-04-16,0.16,0.84,1.59,2.26,143.0,210.0,142.0
2021-04-19,0.16,0.85,1.61,2.29,145.0,213.0,144.0
2021-04-20,0.15,0.81,1.58,2.27,143.0,212.0,146.0
2021-04-21,0.15,0.81,1.57,2.26,142.0,211.0,145.0
2021-04-22,0.16,0.81,1.57,2.24,141.0,208.0,143.0
2021-04-23,0.16,0.83,1.58,2.25,142.0,209.0,142.0
2021-04-26,0.18,0.85,1.58,2.24,140.0,206.0,139.0
2021-04-27,0.17,0.88,1.63,2.29,146.0,212.0,141.0
2021-04-28,0.17,0.86,1.63,2.29,146.0,212.0,143.0
2021-04-29,0.16,0.86,1.65,2.31,149.0,215.0,145.0
2021-04-30,0.16,0.86,1.65,2.3,149.0,214.0,144.0
2021-05-03,0.16,0.84,1.63,2.3,147.0,214.0,146.0
2021-05-04,0.16,0.82,1.61,2.27,145.0,211.0,145.0
2021-05-05,0.16,0.8,1.59,2.25,143.0,209.0,145.0
2021-05-06,0.16,0.81,1.58,2.24,142.0,208.0,143.0
2021-05-07,0.14,0.77,1.6,2.28,146.0,214.0,151.0
2021-05-10,0.16,0.8,1.63,2.32,147.0,216.0,152.0
2021-05-11,0.16,0.8,1.64,2.35,148.0,219.0,155.0
2021-05-12,0.16,0.87,1.69,2.4,153.0,224.0,153.0
2021-05-13,0.16,0.84,1.66,2.39,150.0,223.0,155.0
2021-05-14,0.16,0.82,1.63,2.35,147.0,219.0,153.0
2021-05-17,0.16,0.84,1.64,2.36,148.0,220.0,152.0
2021-05-18,0.16,0.83,1.64,2.37,148.0,221.0,154.0
2021-05-19,0.16,0.87,1.68,2.38,152.0,222.0,151.0
2021-05-20,0.15,0.83,1.63,2.34,148.0,219.0,151.0
2021-05-21,0.17,0.84,1.63,2.33,146.0,216.0,149.0
2021-05-24,0.15,0.82,1.61,2.31,146.0,216.0,149.0
2021-05-25,0.15,0.79,1.56,2.26,141.0,211.0,147.0
2021-05-26,0.14,0.8,1.58,2.27,144.0,213.0,147.0
2021-05-27,0.14,0.81,1.61,2.29,147.0,215.0,148.0
2021-05-28,0.14,0.79,1.58,2.26,144.0,212.0,147.0
2021-06-01,0.16,0.81,1.62,2.3,146.0,214.0,149.0
2021-06-02,0.13,0.8,1.59,2.28,146.0,215.0,148.0
2021-06-03,0.16,0.84,1.63,2.3,147.0,214.0,146.0
2021-06-04,0.14,0.78,1.56,2.24,142.0,210.0,146.0
2021-06-07,0.16,0.79,1.57,2.25,141.0,209.0,146.0
2021-06-08,0.14,0.77,1.53,2.21,139.0,207.0,144.0
2021-06-09,0.16,0.75,1.5,2.17,134.0,201.0,142.0
2021-06-10,0.14,0.73,1.45,2.15,131.0,201.0,142.0
2021-06-11,0.16,0.76,1.47,2.15,131.0,199.0,139.0
2021-06-14,0.16,0.8,1.51,2.19,135.0,203.0,139.0
2021-06-15,0.16,0.79,1.51,2.2,135.0,204.0,141.0
2021-06-16,0.21,0.89,1.57,2.2,136.0,199.0,131.0
2021-06-17,0.23,0.9,1.52,2.11,129.0,188.0,121.0
2021-06-18,0.26,0.89,1.45,2.01,119.0,175.0,112.0
2021-06-21,0.27,0.9,1.5,2.11,123.0,184.0,121.0
2021-06-22,0.25,0.87,1.48,2.1,123.0,185.0,123.0
2021-06-23,0.26,0.9,1.5,2.11,124.0,185.0,121.0
2021-06-24,0.26,0.9,1.49,2.1,123.0,184.0,120.0
2021-06-25,0.28,0.92,1.54,2.16,126.0,188.0,124.0
2021-06-28,0.25,0.9,1.49,2.1,124.0,185.0,120.0
2021-06-29,0.27,0.89,1.49,2.1,122.0,183.0,121.0
2021-06-30,0.25,0.87,1.45,2.06,120.0,181.0,119.0
2021-07-01,0.25,0.89,1.48,2.07,123.0,182.0,118.0
2021-07-02,0.24,0.86,1.44,2.05,120.0,181.0,119.0
2021-07-06,0.22,0.81,1.37,2.0,115.0,178.0,119.0
2021-07-07,0.22,0.79,1.33,1.94,111.0,172.0,115.0
2021-07-08,0.19,0.74,1.3,1.91,111.0,172.0,117.0
2021-07-09,0.23,0.79,1.37,1.99,114.0,176.0,120.0
2021-07-12,0.23,0.81,1.38,2.0,115.0,177.0,119.0
2021-07-13,0.26,0.85,1.42,2.04,116.0,178.0,119.0
2021-07-14,0.23,0.8,1.37,1.98,114.0,175.0,118.0
2021-07-15,0.23,0.78,1.31,1.92,108.0,169.0,114.0
2021-07-16,0.25,0.79,1.31,1.93,106.0,168.0,114.0
2021-07-19,0.21,0.7,1.19,1.81,98.0,160.0,111.0
2021-07-20,0.2,0.69,1.23,1.88,103.0,168.0,119.0
2021-07-21,0.22,0.74,1.3,1.94,108.0,172.0,120.0
2021-07-22,0.2,0.71,1.27,1.9,107.0,170.0,119.0
2021-07-23,0.22,0.72,1.3,1.92,108.0,170.0,120.0
2021-07-26,0.22,0.73,1.29,1.93,107.0,171.0,120.0
2021-07-27,0.2,0.71,1.25,1.89,105.0,169.0,118.0
2021-07-28,0.2,0.72,1.26,1.9,106.0,170.0,118.0
2021-07-29,0.2,0.73,1.28,1.91,108.0,171.0,118.0
2021-07-30,0.19,0.69,1.24,1.89,105.0,170.0,120.0
2021-08-02,0.17,0.66,1.2,1.86,103.0,169.0,120.0
2021-08-03,0.17,0.65,1.19,1.85,102.0,168.0,120.0
2021-08-04,0.17,0.67,1.19,1.83,102.0,166.0,116.0
2021-08-05,0.21,0.72,1.23,1.86,102.0,165.0,114.0
2021-08-06,0.21,0.77,1.31,1.94,110.0,173.0,117.0
2021-08-09,0.23,0.79,1.33,1.96,110.0,173.0,117.0
2021-08-10,0.24,0.82,1.36,1.99,112.0,175.0,117.0
2021-08-11,0.23,0.81,1.35,1.99,112.0,176.0,118.0
2021-08-12,0.23,0.83,1.36,2.03,113.0,180.0,120.0
2021-08-13,0.23,0.79,1.29,1.94,106.0,171.0,115.0
2021-08-16,0.21,0.75,1.26,1.92,105.0,171.0,117.0
2021-08-17,0.23,0.77,1.26,1.92,103.0,169.0,115.0
2021-08-18,0.23,0.79,1.27,1.91,104.0,168.0,112.0
2021-08-19,0.22,0.78,1.24,1.88,102.0,166.0,110.0
2021-08-20,0.23,0.8,1.26,1.87,103.0,164.0,107.0
2021-08-23,0.23,0.78,1.25,1.87,102.0,164.0,109.0
2021-08-24,0.24,0.8,1.29,1.91,105.0,167.0,111.0
2021-08-25,0.23,0.84,1.35,1.96,112.0,173.0,112.0
2021-08-26,0.25,0.84,1.34,1.94,109.0,169.0,110.0
2021-08-27,0.22,0.79,1.31,1.91,109.0,169.0,112.0
2021-08-30,0.2,0.77,1.29,1.9,109.0,170.0,113.0
2021-08-31,0.2,0.77,1.3,1.92,110.0,172.0,115.0
2021-09-01,0.2,0.78,1.31,1.92,111.0,172.0,114.0
2021-09-02,0.2,0.78,1.29,1.9,109.0,170.0,112.0
2021-09-03,0.21,0.78,1.33,1.94,112.0,173.0,116.0
2021-09-07,0.22,0.82,1.38,1.99,116.0,177.0,117.0
2021-09-08,0.22,0.81,1.35,1.95,113.0,173.0,114.0
2021-09-09,0.23,0.79,1.3,1.9,107.0,167.0,111.0
2021-09-10,0.23,0.82,1.35,1.94,112.0,171.0,112.0
2021-09-13,0.21,0.81,1.33,1.91,112.0,170.0,110.0
2021-09-14,0.21,0.79,1.28,1.85,107.0,164.0,106.0
2021-09-15,0.21,0.81,1.31,1.87,110.0,166.0,106.0
2021-09-16,0.23,0.84,1.34,1.88,111.0,165.0,104.0
2021-09-17,0.23,0.88,1.37,1.91,114.0,168.0,103.0
2021-09-20,0.23,0.83,1.31,1.85,108.0,162.0,102.0
2021-09-21,0.22,0.84,1.33,1.86,111.0,164.0,102.0
2021-09-22,0.25,0.86,1.32,1.84,107.0,159.0,98.0
2021-09-23,0.27,0.94,1.41,1.92,114.0,165.0,98.0
2021-09-24,0.29,0.97,1.47,1.99,118.0,170.0,102.0
2021-09-27,0.31,0.98,1.48,1.99,117.0,168.0,101.0
2021-09-28,0.31,1.02,1.54,2.07,123.0,176.0,105.0
2021-09-29,0.3,1.01,1.55,2.09,125.0,179.0,108.0
2021-09-30,0.28,0.98,1.52,2.08,124.0,180.0,110.0
2021-10-01,0.27,0.93,1.48,2.04,121.0,177.0,111.0
2021-10-04,0.27,0.95,1.49,2.05,122.0,178.0,110.0
2021-10-05,0.28,0.98,1.54,2.1,126.0,182.0,112.0
2021-10-06,0.3,0.99,1.53,2.08,123.0,178.0,109.0
2021-10-07,0.32,1.02,1.58,2.13,126.0,181.0,111.0
2021-10-08,0.32,1.05,1.61,2.16,129.0,184.0,111.0
2021-10-12,0.35,1.08,1.59,2.1,124.0,175.0,102.0
2021-10-13,0.37,1.09,1.56,2.05,119.0,168.0,96.0
2021-10-14,0.36,1.05,1.52,2.02,116.0,166.0,97.0
2021-10-15,0.41,1.13,1.59,2.05,118.0,164.0,92.0
2021-10-18,0.44,1.16,1.59,2.01,115.0,157.0,85.0
2021-10-19,0.41,1.17,1.65,2.09,124.0,168.0,92.0
2021-10-20,0.4,1.16,1.65,2.12,125.0,172.0,96.0
2021-10-21,0.45,1.23,1.68,2.13,123.0,168.0,90.0
2021-10-22,0.48,1.22,1.66,2.08,118.0,160.0,86.0
2021-10-25,0.47,1.19,1.64,2.09,117.0,162.0,90.0
2021-10-26,0.47,1.2,1.63,2.05,116.0,158.0,85.0
2021-10-27,0.5,1.16,1.54,1.95,104.0,145.0,79.0
2021-10-28,0.5,1.18,1.57,1.96,107.0,146.0,78.0
2021-10-29,0.48,1.18,1.55,1.93,107.0,145.0,75.0
2021-11-01,0.5,1.2,1.58,1.98,108.0,148.0,78.0
2021-11-02,0.46,1.15,1.56,1.96,110.0,150.0,81.0
2021-11-03,0.47,1.19,1.6,2.0,113.0,153.0,81.0
2021-11-04,0.41,1.1,1.53,1.96,112.0,155.0,86.0
2021-11-05,0.39,1.04,1.45,1.87,106.0,148.0,83.0
2021-11-08,0.45,1.13,1.51,1.89,106.0,144.0,76.0
2021-11-09,0.41,1.08,1.46,1.83,105.0,142.0,75.0
2021-11-10,0.51,1.23,1.56,1.92,105.0,141.0,69.0
2021-11-12,0.53,1.24,1.58,1.95,105.0,142.0,71.0
2021-11-15,0.53,1.26,1.63,2.01,110.0,148.0,75.0
2021-11-16,0.54,1.27,1.63,2.02,109.0,148.0,75.0
2021-11-17,0.52,1.24,1.6,2.0,108.0,148.0,76.0
2021-11-18,0.52,1.22,1.59,1.97,107.0,145.0,75.0
2021-11-19,0.52,1.22,1.54,1.91,102.0,139.0,69.0
2021-11-22,0.63,1.33,1.63,1.98,100.0,135.0,65.0
2021-11-23,0.6,1.33,1.67,2.02,107.0,142.0,69.0
2021-11-24,0.64,1.34,1.64,1.96,100.0,132.0,62.0
2021-11-26,0.5,1.16,1.48,1.83,98.0,133.0,67.0
2021-11-29,0.51,1.18,1.52,1.87,101.0,136.0,69.0
2021-11-30,0.52,1.14,1.43,1.78,91.0,126.0,64.0
2021-12-01,0.56,1.15,1.43,1.77,87.0,121.0,62.0
2021-12-02,0.63,1.21,1.44,1.76,81.0,113.0,55.0
2021-12-03,0.6,1.13,1.35,1.69,75.0,109.0,56.0
2021-12-06,0.65,1.21,1.43,1.75,78.0,110.0,54.0
2021-12-07,0.7,1.26,1.48,1.8,78.0,110.0,54.0
2021-12-08,0.68,1.27,1.52,1.87,84.0,119.0,60.0
2021-12-09,0.7,1.26,1.49,1.87,79.0,117.0,61.0
2021-12-10,0.67,1.25,1.48,1.88,81.0,121.0,63.0
2021-12-13,0.66,1.21,1.42,1.81,76.0,115.0,60.0
2021-12-14,0.67,1.23,1.44,1.82,77.0,115.0,59.0
2021-12-15,0.69,1.26,1.47,1.86,78.0,117.0,60.0
2021-12-16,0.64,1.19,1.44,1.87,80.0,123.0,68.0
2021-12-17,0.66,1.18,1.41,1.82,75.0,116.0,64.0
2021-12-20,0.65,1.17,1.43,1.85,78.0,120.0,68.0
2021-12-21,0.7,1.24,1.48,1.89,78.0,119.0,65.0
2021-12-22,0.68,1.23,1.46,1.86,78.0,118.0,63.0
2021-12-23,0.71,1.25,1.5,1.91,79.0,120.0,66.0
2021-12-27,0.76,1.26,1.48,1.88,72.0,112.0,62.0
2021-12-28,0.74,1.27,1.49,1.9,75.0,116.0,63.0
2021-12-29,0.75,1.29,1.55,1.96,80.0,121.0,67.0
2021-12-30,0.73,1.27,1.52,1.93,79.0,120.0,66.0
2021-12-31,0.73,1.26,1.52,1.9,79.0,117.0,64.0
2022-01-03,0.78,1.37,1.63,2.01,85.0,123.0,64.0
2022-01-04,0.77,1.37,1.66,2.07,89.0,130.0,70.0
2022-01-05,0.83,1.43,1.71,2.09,88.0,126.0,66.0
2022-01-06,0.88,1.47,1.73,2.09,85.0,121.0,62.0
2022-01-07,0.87,1.5,1.76,2.11,89.0,124.0,61.0
2022-01-10,0.92,1.53,1.78,2.11,86.0,119.0,58.0
2022-01-11,0.9,1.51,1.75,2.08,85.0,118.0,57.0
2022-01-12,0.92,1.5,1.74,2.08,82.0,116.0,58.0
2022-01-13,0.91,1.47,1.7,2.05,79.0,114.0,58.0
2022-01-14,0.99,1.55,1.78,2.12,79.0,113.0,57.0
2022-01-18,1.06,1.65,1.87,2.18,81.0,112.0,53.0
2022-01-19,1.04,1.62,1.83,2.14,79.0,110.0,52.0
2022-01-20,1.08,1.62,1.83,2.14,75.0,106.0,52.0
2022-01-21,1.01,1.54,1.75,2.07,74.0,106.0,53.0
2022-01-24,0.99,1.53,1.75,2.1,76.0,111.0,57.0
2022-01-25,1.02,1.56,1.78,2.12,76.0,110.0,56.0
2022-01-26,1.13,1.66,1.85,2.16,72.0,103.0,50.0
2022-01-27,1.18,1.66,1.81,2.09,63.0,91.0,43.0
2022-01-28,1.15,1.61,1.78,2.07,63.0,92.0,46.0
2022-01-31,1.18,1.62,1.79,2.11,61.0,93.0,49.0
2022-02-01,1.18,1.63,1.81,2.12,63.0,94.0,49.0
2022-02-02,1.16,1.6,1.78,2.11,62.0,95.0,51.0
2022-02-03,1.19,1.66,1.82,2.14,63.0,95.0,48.0
2022-02-04,1.31,1.78,1.93,2.23,62.0,92.0,45.0
2022-02-07,1.3,1.76,1.92,2.22,62.0,92.0,46.0
2022-02-08,1.35,1.81,1.96,2.25,61.0,90.0,44.0
2022-02-09,1.36,1.82,1.94,2.25,58.0,89.0,43.0
2022-02-10,1.61,1.96,2.03,2.3,42.0,69.0,34.0
2022-02-11,1.5,1.84,1.92,2.24,42.0,74.0,40.0
2022-02-14,1.58,1.9,1.98,2.29,40.0,71.0,39.0
2022-02-15,1.58,1.94,2.05,2.37,47.0,79.0,43.0
2022-02-16,1.52,1.9,2.03,2.34,51.0,82.0,44.0
2022-02-17,1.49,1.85,1.97,2.31,48.0,82.0,46.0
2022-02-18,1.47,1.82,1.92,2.24,45.0,77.0,42.0
2022-02-22,1.56,1.85,1.94,2.24,38.0,68.0,39.0
2022-02-23,1.58,1.89,1.99,2.29,41.0,71.0,40.0
2022-02-24,1.54,1.84,1.96,2.28,42.0,74.0,44.0
2022-02-25,1.55,1.86,1.97,2.29,42.0,74.0,43.0
2022-02-28,1.44,1.71,1.83,2.17,39.0,73.0,46.0
2022-03-01,1.31,1.56,1.72,2.11,41.0,80.0,55.0
2022-03-02,1.5,1.74,1.86,2.24,36.0,74.0,50.0
2022-03-03,1.53,1.74,1.86,2.24,33.0,71.0,50.0
2022-03-04,1.5,1.65,1.74,2.16,24.0,66.0,51.0
2022-03-07,1.55,1.71,1.78,2.19,23.0,64.0,48.0
2022-03-08,1.63,1.8,1.86,2.24,23.0,61.0,44.0
2022-03-09,1.68,1.87,1.94,2.29,26.0,61.0,42.0
2022-03-10,1.72,1.92,1.98,2.38,26.0,66.0,46.0
2022-03-11,1.75,1.96,2.0,2.36,25.0,61.0,40.0
2022-03-14,1.87,2.1,2.14,2.47,27.0,60.0,37.0
2022-03-15,1.85,2.1,2.15,2.49,30.0,64.0,39.0
2022-03-16,1.95,2.18,2.19,2.46,24.0,51.0,28.0
2022-03-17,1.94,2.17,2.2,2.5,26.0,56.0,33.0
2022-03-18,1.97,2.14,2.14,2.42,17.0,45.0,28.0
2022-03-21,2.14,2.33,2.32,2.55,18.0,41.0,22.0
2022-03-22,2.18,2.39,2.38,2.6,20.0,42.0,21.0
2022-03-23,2.13,2.34,2.32,2.52,19.0,39.0,18.0
2022-03-24,2.13,2.37,2.34,2.51,21.0,38.0,14.0
2022-03-25,2.3,2.55,2.48,2.6,18.0,30.0,5.0
2022-03-28,2.35,2.54,2.46,2.57,11.0,22.0,3.0
2022-03-29,2.35,2.49,2.41,2.53,6.0,18.0,4.0
2022-03-30,2.31,2.44,2.35,2.48,4.0,17.0,4.0
2022-03-31,2.28,2.42,2.32,2.44,4.0,16.0,2.0
2022-04-01,2.44,2.55,2.39,2.44,-5.0,0.0,-11.0
2022-04-04,2.43,2.56,2.42,2.48,-1.0,5.0,-8.0
2022-04-05,2.51,2.69,2.54,2.57,3.0,6.0,-12.0
2022-04-06,2.5,2.7,2.61,2.63,11.0,13.0,-7.0
2022-04-07,2.47,2.7,2.66,2.69,19.0,22.0,-1.0
2022-04-08,2.53,2.76,2.72,2.76,19.0,23.0,0.0
2022-04-11,2.5,2.79,2.79,2.84,29.0,34.0,5.0
2022-04-12,2.39,2.66,2.72,2.82,33.0,43.0,16.0
2022-04-13,2.37,2.66,2.7,2.81,33.0,44.0,15.0
2022-04-14,2.47,2.79,2.83,2.92,36.0,45.0,13.0
2022-04-18,2.46,2.79,2.85,2.95,39.0,49.0,16.0
2022-04-19,2.61,2.91,2.93,3.01,32.0,40.0,10.0
2022-04-20,2.6,2.87,2.85,2.9,25.0,30.0,3.0
2022-04-21,2.68,2.96,2.9,2.94,22.0,26.0,-2.0
2022-04-22,2.72,2.94,2.9,2.95,18.0,23.0,1.0
2022-04-25,2.63,2.84,2.81,2.88,18.0,25.0,4.0
2022-04-26,2.54,2.79,2.77,2.86,23.0,32.0,7.0
2022-04-27,2.58,2.81,2.82,2.91,24.0,33.0,10.0
2022-04-28,2.63,2.86,2.85,2.92,22.0,29.0,6.0
2022-04-29,2.7,2.92,2.89,2.96,19.0,26.0,4.0
2022-05-02,2.73,3.01,2.99,3.07,26.0,34.0,6.0
2022-05-03,2.78,3.01,2.97,3.03,19.0,25.0,2.0
2022-05-04,2.66,2.93,2.93,3.01,27.0,35.0,8.0
2022-05-05,2.71,3.01,3.05,3.15,34.0,44.0,14.0
2022-05-06,2.72,3.06,3.12,3.23,40.0,51.0,17.0
2022-05-09,2.61,2.95,3.05,3.19,44.0,58.0,24.0
2022-05-10,2.62,2.91,2.99,3.12,37.0,50.0,21.0
2022-05-11,2.66,2.89,2.91,3.05,25.0,39.0,16.0
2022-05-12,2.56,2.81,2.84,3.0,28.0,44.0,19.0
2022-05-13,2.61,2.89,2.93,3.1,32.0,49.0,21.0
2022-05-16,2.58,2.83,2.88,3.09,30.0,51.0,26.0
2022-05-17,2.71,2.96,2.98,3.17,27.0,46.0,21.0
2022-05-18,2.68,2.89,2.89,3.07,21.0,39.0,18.0
2022-05-19,2.63,2.84,2.84,3.05,21.0,42.0,21.0
2022-05-20,2.6,2.8,2.78,2.99,18.0,39.0,19.0
2022-05-23,2.65,2.88,2.86,3.08,21.0,43.0,20.0
2022-05-24,2.5,2.76,2.76,2.98,26.0,48.0,22.0
2022-05-25,2.48,2.71,2.75,2.97,27.0,49.0,26.0
2022-05-26,2.46,2.7,2.75,2.99,29.0,53.0,29.0
2022-05-27,2.47,2.71,2.74,2.97,27.0,50.0,26.0
2022-05-31,2.53,2.81,2.85,3.07,32.0,54.0,26.0
2022-06-01,2.66,2.94,2.94,3.09,28.0,43.0,15.0
2022-06-02,2.65,2.92,2.92,3.09,27.0,44.0,17.0
2022-06-03,2.66,2.95,2.96,3.11,30.0,45.0,16.0
2022-06-06,2.73,3.03,3.04,3.19,31.0,46.0,16.0
2022-06-07,2.75,2.99,2.98,3.13,23.0,38.0,14.0
2022-06-08,2.78,3.03,3.03,3.18,25.0,40.0,15.0
2022-06-09,2.83,3.07,3.04,3.18,21.0,35.0,11.0
2022-06-10,3.06,3.25,3.15,3.2,9.0,14.0,-5.0
2022-06-13,3.4,3.56,3.43,3.42,3.0,2.0,-14.0
2022-06-14,3.45,3.61,3.49,3.45,4.0,0.0,-16.0
2022-06-15,3.2,3.38,3.33,3.39,13.0,19.0,1.0
2022-06-16,3.14,3.35,3.28,3.35,14.0,21.0,0.0
2022-06-17,3.17,3.34,3.25,3.3,8.0,13.0,-4.0
2022-06-21,3.21,3.38,3.31,3.39,10.0,18.0,1.0
2022-06-22,3.06,3.22,3.16,3.25,10.0,19.0,3.0
2022-06-23,3.01,3.14,3.09,3.21,8.0,20.0,7.0
2022-06-24,3.04,3.18,3.13,3.26,9.0,22.0,8.0
2022-06-27,3.08,3.24,3.2,3.31,12.0,23.0,7.0
2022-06-28,3.1,3.25,3.2,3.3,10.0,20.0,5.0
2022-06-29,3.06,3.15,3.1,3.22,4.0,16.0,7.0
2022-06-30,2.92,3.01,2.98,3.14,6.0,22.0,13.0
2022-07-01,2.84,2.88,2.88,3.11,4.0,27.0,23.0
2022-07-05,2.82,2.82,2.82,3.05,0.0,23.0,23.0
2022-07-06,2.97,2.96,2.93,3.14,-4.0,17.0,18.0
2022-07-07,3.03,3.05,3.01,3.2,-2.0,17.0,15.0
2022-07-08,3.12,3.13,3.09,3.27,-3.0,15.0,14.0
2022-07-11,3.07,3.05,2.99,3.18,-8.0,11.0,13.0
2022-07-12,3.03,3.01,2.96,3.13,-7.0,10.0,12.0
2022-07-13,3.13,3.02,2.91,3.08,-22.0,-5.0,6.0
2022-07-14,3.15,3.06,2.96,3.11,-19.0,-4.0,5.0
2022-07-15,3.13,3.05,2.93,3.1,-20.0,-3.0,5.0
2022-07-18,3.15,3.06,2.96,3.14,-19.0,-1.0,8.0
2022-07-19,3.23,3.14,3.01,3.17,-22.0,-6.0,3.0
2022-07-20,3.25,3.18,3.04,3.17,-21.0,-8.0,-1.0
2022-07-21,3.1,3.0,2.91,3.08,-19.0,-2.0,8.0
2022-07-22,2.98,2.87,2.77,3.0,-21.0,2.0,13.0
2022-07-25,3.0,2.89,2.81,3.04,-19.0,4.0,15.0
2022-07-26,3.02,2.89,2.81,3.03,-21.0,1.0,14.0
2022-07-27,2.96,2.82,2.78,3.03,-18.0,7.0,21.0
2022-07-28,2.85,2.69,2.68,3.02,-17.0,17.0,33.0
2022-07-29,2.89,2.7,2.67,3.0,-22.0,11.0,30.0
2022-08-01,2.9,2.66,2.6,2.92,-30.0,2.0,26.0
2022-08-02,3.06,2.85,2.75,3.0,-31.0,-6.0,15.0
2022-08-03,3.1,2.86,2.73,2.96,-37.0,-14.0,10.0
2022-08-04,3.03,2.76,2.68,2.97,-35.0,-6.0,21.0
2022-08-05,3.24,2.97,2.83,3.06,-41.0,-18.0,9.0
2022-08-08,3.21,2.91,2.77,3.0,-44.0,-21.0,9.0
2022-08-09,3.28,2.97,2.8,3.01,-48.0,-27.0,4.0
2022-08-10,3.23,2.93,2.78,3.04,-45.0,-19.0,11.0
2022-08-11,3.23,2.98,2.87,3.15,-36.0,-8.0,17.0
2022-08-12,3.25,2.97,2.84,3.12,-41.0,-13.0,15.0
2022-08-15,3.2,2.91,2.79,3.1,-41.0,-10.0,19.0
2022-08-16,3.25,2.95,2.82,3.11,-43.0,-14.0,16.0
2022-08-17,3.28,3.04,2.89,3.15,-39.0,-13.0,11.0
2022-08-18,3.22,3.02,2.88,3.14,-34.0,-8.0,12.0
2022-08-19,3.25,3.11,2.98,3.22,-27.0,-3.0,11.0
2022-08-22,3.32,3.17,3.03,3.24,-29.0,-8.0,7.0
2022-08-23,3.29,3.18,3.05,3.26,-24.0,-3.0,8.0
2022-08-24,3.36,3.2,3.11,3.32,-25.0,-4.0,12.0
2022-08-25,3.35,3.15,3.03,3.25,-32.0,-10.0,10.0
2022-08-26,3.37,3.2,3.04,3.21,-33.0,-16.0,1.0
2022-08-29,3.42,3.27,3.12,3.25,-30.0,-17.0,-2.0
2022-08-30,3.46,3.27,3.11,3.23,-35.0,-23.0,-4.0
2022-08-31,3.45,3.3,3.15,3.27,-30.0,-18.0,-3.0
2022-09-01,3.51,3.39,3.26,3.37,-25.0,-14.0,-2.0
2022-09-02,3.4,3.3,3.2,3.35,-20.0,-5.0,5.0
2022-09-06,3.5,3.43,3.33,3.49,-17.0,-1.0,6.0
2022-09-07,3.45,3.37,3.27,3.42,-18.0,-3.0,5.0
2022-09-08,3.48,3.39,3.29,3.45,-19.0,-3.0,6.0
2022-09-09,3.56,3.45,3.33,3.47,-23.0,-9.0,2.0
2022-09-12,3.58,3.47,3.37,3.53,-21.0,-5.0,6.0
2022-09-13,3.75,3.58,3.42,3.51,-33.0,-24.0,-7.0
2022-09-14,3.78,3.6,3.41,3.47,-37.0,-31.0,-13.0
2022-09-15,3.87,3.66,3.45,3.48,-42.0,-39.0,-18.0
2022-09-16,3.85,3.62,3.45,3.52,-40.0,-33.0,-10.0
2022-09-19,3.95,3.69,3.49,3.52,-46.0,-43.0,-17.0
2022-09-20,3.96,3.75,3.57,3.59,-39.0,-37.0,-16.0
2022-09-21,4.02,3.74,3.51,3.5,-51.0,-52.0,-24.0
2022-09-22,4.11,3.91,3.7,3.65,-41.0,-46.0,-26.0
2022-09-23,4.2,3.96,3.69,3.61,-51.0,-59.0,-35.0
2022-09-26,4.27,4.15,3.88,3.72,-39.0,-55.0,-43.0
2022-09-27,4.3,4.21,3.97,3.87,-33.0,-43.0,-34.0
2022-09-28,4.07,3.92,3.72,3.7,-35.0,-37.0,-22.0
2022-09-29,4.16,3.98,3.76,3.71,-40.0,-45.0,-27.0
2022-09-30,4.22,4.06,3.83,3.79,-39.0,-43.0,-27.0
2022-10-03,4.12,3.9,3.67,3.73,-45.0,-39.0,-17.0
2022-10-04,4.1,3.84,3.62,3.7,-48.0,-40.0,-14.0
2022-10-05,4.15,3.96,3.76,3.78,-39.0,-37.0,-18.0
2022-10-06,4.23,4.05,3.83,3.81,-40.0,-42.0,-24.0
2022-10-07,4.3,4.14,3.89,3.86,-41.0,-44.0,-28.0
2022-10-11,4.3,4.14,3.93,3.92,-37.0,-38.0,-22.0
2022-10-12,4.28,4.12,3.91,3.9,-37.0,-38.0,-22.0
2022-10-13,4.47,4.21,3.97,3.97,-50.0,-50.0,-24.0
2022-10-14,4.48,4.25,4.0,3.99,-48.0,-49.0,-26.0
2022-10-17,4.45,4.24,4.02,4.04,-43.0,-41.0,-20.0
2022-10-18,4.43,4.21,4.01,4.04,-42.0,-39.0,-17.0
2022-10-19,4.55,4.35,4.14,4.15,-41.0,-40.0,-20.0
2022-10-20,4.62,4.45,4.24,4.24,-38.0,-38.0,-21.0
2022-10-21,4.49,4.34,4.21,4.33,-28.0,-16.0,-1.0
2022-10-24,4.5,4.36,4.25,4.4,-25.0,-10.0,4.0
2022-10-25,4.42,4.25,4.1,4.26,-32.0,-16.0,1.0
2022-10-26,4.39,4.2,4.04,4.19,-35.0,-20.0,-1.0
2022-10-27,4.3,4.09,3.96,4.12,-34.0,-18.0,3.0
2022-10-28,4.41,4.19,4.02,4.15,-39.0,-26.0,-4.0
2022-10-31,4.51,4.27,4.1,4.22,-41.0,-29.0,-5.0
2022-11-01,4.54,4.27,4.07,4.14,-47.0,-40.0,-13.0
2022-11-02,4.61,4.3,4.1,4.15,-51.0,-46.0,-15.0
2022-11-03,4.71,4.36,4.14,4.18,-57.0,-53.0,-18.0
2022-11-04,4.66,4.33,4.17,4.27,-49.0,-39.0,-6.0
2022-11-07,4.72,4.39,4.22,4.34,-50.0,-38.0,-5.0
2022-11-08,4.67,4.31,4.14,4.28,-53.0,-39.0,-3.0
2022-11-09,4.61,4.27,4.12,4.31,-49.0,-30.0,4.0
2022-11-10,4.34,3.95,3.82,4.03,-52.0,-31.0,8.0
2022-11-14,4.4,4.0,3.88,4.07,-52.0,-33.0,7.0
2022-11-15,4.37,3.93,3.8,3.98,-57.0,-39.0,5.0
2022-11-16,4.35,3.83,3.67,3.85,-68.0,-50.0,2.0
2022-11-17,4.43,3.93,3.77,3.89,-66.0,-54.0,-4.0
2022-11-18,4.51,3.99,3.82,3.92,-69.0,-59.0,-7.0
2022-11-21,4.48,3.97,3.83,3.91,-65.0,-57.0,-6.0
2022-11-22,4.47,3.93,3.76,3.83,-71.0,-64.0,-10.0
2022-11-23,4.46,3.88,3.71,3.74,-75.0,-72.0,-14.0
2022-11-25,4.42,3.85,3.68,3.74,-74.0,-68.0,-11.0
2022-11-28,4.46,3.88,3.69,3.74,-77.0,-72.0,-14.0
2022-11-29,4.48,3.92,3.75,3.81,-73.0,-67.0,-11.0
2022-11-30,4.38,3.82,3.68,3.8,-70.0,-58.0,-2.0
2022-12-01,4.25,3.68,3.53,3.64,-72.0,-61.0,-4.0
2022-12-02,4.28,3.67,3.51,3.56,-77.0,-72.0,-11.0
2022-12-05,4.41,3.8,3.6,3.62,-81.0,-79.0,-18.0
2022-12-06,4.34,3.73,3.51,3.52,-83.0,-82.0,-21.0
2022-12-07,4.26,3.62,3.42,3.42,-84.0,-84.0,-20.0
2022-12-08,4.31,3.71,3.48,3.44,-83.0,-87.0,-27.0
2022-12-09,4.33,3.75,3.57,3.56,-76.0,-77.0,-19.0
2022-12-12,4.39,3.8,3.61,3.57,-78.0,-82.0,-23.0
2022-12-13,4.22,3.66,3.51,3.53,-71.0,-69.0,-13.0
2022-12-14,4.23,3.64,3.49,3.52,-74.0,-71.0,-12.0
2022-12-15,4.23,3.62,3.44,3.48,-79.0,-75.0,-14.0
2022-12-16,4.17,3.61,3.48,3.53,-69.0,-64.0,-8.0
2022-12-19,4.25,3.7,3.57,3.62,-68.0,-63.0,-8.0
2022-12-20,4.25,3.79,3.69,3.74,-56.0,-51.0,-5.0
2022-12-21,4.21,3.78,3.68,3.74,-53.0,-47.0,-4.0
2022-12-22,4.24,3.79,3.67,3.73,-57.0,-51.0,-6.0
2022-12-23,4.31,3.86,3.75,3.82,-56.0,-49.0,-4.0
2022-12-27,4.32,3.94,3.84,3.93,-48.0,-39.0,-1.0
2022-12-28,4.31,3.97,3.88,3.98,-43.0,-33.0,1.0
2022-12-29,4.34,3.94,3.83,3.92,-51.0,-42.0,-2.0
2022-12-30,4.41,3.99,3.88,3.97,-53.0,-44.0,-2.0
2023-01-03,4.4,3.94,3.79,3.88,-61.0,-52.0,-6.0
2023-01-04,4.36,3.85,3.69,3.81,-67.0,-55.0,-4.0
2023-01-05,4.45,3.9,3.71,3.78,-74.0,-67.0,-12.0
2023-01-06,4.24,3.69,3.55,3.67,-69.0,-57.0,-2.0
2023-01-09,4.19,3.66,3.53,3.66,-66.0,-53.0,0.0
2023-01-10,4.24,3.72,3.61,3.74,-63.0,-50.0,2.0
2023-01-11,4.2,3.66,3.54,3.67,-66.0,-53.0,1.0
2023-01-12,4.12,3.53,3.43,3.56,-69.0,-56.0,3.0
2023-01-13,4.22,3.6,3.49,3.61,-73.0,-61.0,1.0
2023-01-17,4.18,3.6,3.53,3.64,-65.0,-54.0,4.0
2023-01-18,4.06,3.43,3.37,3.54,-69.0,-52.0,11.0
2023-01-19,4.09,3.48,3.39,3.57,-70.0,-52.0,9.0
2023-01-20,4.14,3.56,3.48,3.66,-66.0,-48.0,10.0
2023-01-23,4.21,3.61,3.52,3.69,-69.0,-52.0,8.0
2023-01-24,4.12,3.58,3.46,3.62,-66.0,-50.0,4.0
2023-01-25,4.11,3.54,3.46,3.62,-65.0,-49.0,8.0
2023-01-26,4.17,3.58,3.49,3.62,-68.0,-55.0,4.0
2023-01-27,4.19,3.62,3.52,3.64,-67.0,-55.0,2.0
2023-01-30,4.25,3.68,3.55,3.66,-70.0,-59.0,-2.0
2023-01-31,4.21,3.63,3.52,3.65,-69.0,-56.0,2.0
2023-02-01,4.09,3.48,3.39,3.55,-70.0,-54.0,7.0
2023-02-02,4.09,3.49,3.4,3.55,-69.0,-54.0,6.0
2023-02-03,4.3,3.67,3.53,3.63,-77.0,-67.0,-4.0
2023-02-06,4.44,3.81,3.63,3.67,-81.0,-77.0,-14.0
2023-02-07,4.47,3.85,3.67,3.72,-80.0,-75.0,-13.0
2023-02-08,4.45,3.82,3.63,3.7,-82.0,-75.0,-12.0
2023-02-09,4.48,3.87,3.67,3.75,-81.0,-73.0,-12.0
2023-02-10,4.5,3.93,3.74,3.83,-76.0,-67.0,-10.0
2023-02-13,4.52,3.93,3.72,3.79,-80.0,-73.0,-14.0
2023-02-14,4.6,4.0,3.77,3.81,-83.0,-79.0,-19.0
2023-02-15,4.62,4.04,3.81,3.85,-81.0,-77.0,-19.0
2023-02-16,4.62,4.06,3.86,3.92,-76.0,-70.0,-14.0
2023-02-17,4.6,4.03,3.82,3.88,-78.0,-72.0,-15.0
2023-02-21,4.67,4.16,3.95,3.98,-72.0,-69.0,-18.0
2023-02-22,4.66,4.13,3.93,3.94,-73.0,-72.0,-19.0
2023-02-23,4.66,4.09,3.88,3.88,-78.0,-78.0,-21.0
2023-02-24,4.78,4.19,3.95,3.93,-83.0,-85.0,-26.0
2023-02-27,4.78,4.17,3.92,3.93,-86.0,-85.0,-24.0
2023-02-28,4.81,4.18,3.92,3.93,-89.0,-88.0,-25.0
2023-03-01,4.89,4.27,4.01,3.97,-88.0,-92.0,-30.0
2023-03-02,4.89,4.32,4.08,4.03,-81.0,-86.0,-29.0
2023-03-03,4.86,4.26,3.97,3.9,-89.0,-96.0,-36.0
2023-03-06,4.89,4.27,3.98,3.92,-91.0,-97.0,-35.0
2023-03-07,5.0,4.31,3.97,3.88,-103.0,-112.0,-43.0
2023-03-08,5.05,4.34,3.98,3.88,-107.0,-117.0,-46.0
2023-03-09,4.9,4.22,3.93,3.88,-97.0,-102.0,-34.0
2023-03-10,4.6,3.96,3.7,3.7,-90.0,-90.0,-26.0
2023-03-13,4.03,3.68,3.55,3.7,-48.0,-33.0,2.0
2023-03-14,4.2,3.78,3.64,3.77,-56.0,-43.0,-1.0
2023-03-15,3.93,3.59,3.51,3.7,-42.0,-23.0,11.0
2023-03-16,4.14,3.72,3.56,3.71,-58.0,-43.0,-1.0
2023-03-17,3.81,3.44,3.39,3.6,-42.0,-21.0,16.0
2023-03-20,3.92,3.56,3.47,3.65,-45.0,-27.0,9.0
2023-03-21,4.17,3.73,3.59,3.73,-58.0,-44.0,0.0
2023-03-22,3.96,3.54,3.48,3.68,-48.0,-28.0,14.0
2023-03-23,3.76,3.39,3.38,3.66,-38.0,-10.0,27.0
2023-03-24,3.76,3.41,3.38,3.64,-38.0,-12.0,23.0
2023-03-27,3.94,3.59,3.53,3.77,-41.0,-17.0,18.0
2023-03-28,4.02,3.63,3.55,3.77,-47.0,-25.0,14.0
2023-03-29,4.08,3.67,3.57,3.78,-51.0,-30.0,11.0
2023-03-30,4.1,3.66,3.55,3.74,-55.0,-36.0,8.0
2023-03-31,4.06,3.6,3.48,3.67,-58.0,-39.0,7.0
2023-04-03,3.97,3.52,3.43,3.64,-54.0,-33.0,12.0
2023-04-04,3.84,3.39,3.35,3.6,-49.0,-24.0,21.0
2023-04-05,3.79,3.36,3.3,3.56,-49.0,-23.0,20.0
2023-04-06,3.82,3.37,3.3,3.54,-52.0,-28.0,17.0
2023-04-07,3.97,3.49,3.39,3.61,-58.0,-36.0,12.0
2023-04-10,4.0,3.52,3.41,3.62,-59.0,-38.0,10.0
2023-04-11,4.03,3.54,3.43,3.62,-60.0,-41.0,8.0
2023-04-12,3.95,3.46,3.41,3.64,-54.0,-31.0,18.0
2023-04-13,3.96,3.51,3.45,3.69,-51.0,-27.0,18.0
2023-04-14,4.08,3.6,3.52,3.74,-56.0,-34.0,14.0
2023-04-17,4.18,3.69,3.6,3.81,-58.0,-37.0,12.0
2023-04-18,4.19,3.69,3.58,3.79,-61.0,-40.0,10.0
2023-04-19,4.24,3.71,3.6,3.79,-64.0,-45.0,8.0
2023-04-20,4.14,3.63,3.54,3.75,-60.0,-39.0,12.0
2023-04-21,4.17,3.66,3.57,3.78,-60.0,-39.0,12.0
2023-04-24,4.12,3.6,3.52,3.73,-60.0,-39.0,13.0
2023-04-25,3.86,3.43,3.4,3.65,-46.0,-21.0,22.0
2023-04-26,3.9,3.46,3.43,3.7,-47.0,-20.0,24.0
2023-04-27,4.07,3.6,3.53,3.76,-54.0,-31.0,16.0
2023-04-28,4.04,3.51,3.44,3.67,-60.0,-37.0,16.0
2023-05-01,4.14,3.64,3.59,3.84,-55.0,-30.0,20.0
2023-05-02,3.97,3.46,3.44,3.72,-53.0,-25.0,26.0
2023-05-03,3.89,3.37,3.38,3.7,-51.0,-19.0,33.0
2023-05-04,3.75,3.29,3.37,3.73,-38.0,-2.0,44.0
2023-05-05,3.92,3.41,3.44,3.76,-48.0,-16.0,35.0
2023-05-08,4.0,3.49,3.52,3.84,-48.0,-16.0,35.0
2023-05-09,4.01,3.51,3.53,3.85,-48.0,-16.0,34.0
2023-05-10,3.9,3.37,3.43,3.8,-47.0,-10.0,43.0
2023-05-11,3.89,3.36,3.39,3.73,-50.0,-16.0,37.0
2023-05-12,3.98,3.45,3.46,3.78,-52.0,-20.0,33.0
2023-05-15,3.99,3.46,3.5,3.84,-49.0,-15.0,38.0
2023-05-16,4.06,3.52,3.54,3.87,-52.0,-19.0,35.0
2023-05-17,4.12,3.58,3.57,3.88,-55.0,-24.0,30.0
2023-05-18,4.24,3.69,3.65,3.91,-59.0,-33.0,22.0
2023-05-19,4.28,3.76,3.7,3.95,-58.0,-33.0,19.0
2023-05-22,4.29,3.77,3.72,3.97,-57.0,-32.0,20.0
2023-05-23,4.26,3.76,3.7,3.96,-56.0,-30.0,20.0
2023-05-24,4.31,3.75,3.73,3.97,-58.0,-34.0,22.0
2023-05-25,4.5,3.9,3.83,4.01,-67.0,-49.0,11.0
2023-05-26,4.54,3.92,3.8,3.96,-74.0,-58.0,4.0
2023-05-30,4.46,3.81,3.69,3.9,-77.0,-56.0,9.0
2023-05-31,4.4,3.74,3.64,3.85,-76.0,-55.0,11.0
2023-06-01,4.33,3.7,3.61,3.84,-72.0,-49.0,14.0
2023-06-02,4.5,3.84,3.69,3.88,-81.0,-62.0,4.0
2023-06-05,4.46,3.82,3.69,3.89,-77.0,-57.0,7.0
2023-06-06,4.51,3.85,3.7,3.87,-81.0,-64.0,2.0
2023-06-07,4.56,3.93,3.79,3.95,-77.0,-61.0,2.0
2023-06-08,4.52,3.87,3.73,3.89,-79.0,-63.0,2.0
2023-06-09,4.59,3.92,3.75,3.89,-84.0,-70.0,-3.0
2023-06-12,4.55,3.89,3.73,3.87,-82.0,-68.0,-2.0
2023-06-13,4.67,4.01,3.84,3.94,-83.0,-73.0,-7.0
2023-06-14,4.74,4.06,3.83,3.9,-91.0,-84.0,-16.0
2023-06-15,4.62,3.91,3.72,3.85,-90.0,-77.0,-6.0
2023-06-16,4.7,3.99,3.77,3.86,-93.0,-84.0,-13.0
2023-06-20,4.68,3.96,3.74,3.83,-94.0,-85.0,-13.0
2023-06-21,4.68,3.95,3.72,3.81,-96.0,-87.0,-14.0
2023-06-22,4.77,4.03,3.8,3.88,-97.0,-89.0,-15.0
2023-06-23,4.71,3.99,3.74,3.82,-97.0,-89.0,-17.0
2023-06-26,4.65,3.96,3.72,3.83,-93.0,-82.0,-13.0
2023-06-27,4.74,4.02,3.77,3.84,-97.0,-90.0,-18.0
2023-06-28,4.71,3.97,3.71,3.81,-100.0,-90.0,-16.0
2023-06-29,4.87,4.14,3.85,3.92,-102.0,-95.0,-22.0
2023-06-30,4.87,4.13,3.81,3.85,-106.0,-102.0,-28.0
2023-07-03,4.94,4.19,3.86,3.87,-108.0,-107.0,-32.0
2023-07-05,4.94,4.25,3.95,3.95,-99.0,-99.0,-30.0
2023-07-06,4.99,4.37,4.05,4.01,-94.0,-98.0,-36.0
2023-07-07,4.94,4.35,4.06,4.05,-88.0,-89.0,-30.0
2023-07-10,4.85,4.25,4.01,4.05,-84.0,-80.0,-20.0
2023-07-11,4.88,4.24,3.99,4.03,-89.0,-85.0,-21.0
2023-07-12,4.72,4.07,3.86,3.96,-86.0,-76.0,-11.0
2023-07-13,4.59,3.93,3.76,3.9,-83.0,-69.0,-3.0
2023-07-14,4.74,4.04,3.83,3.93,-91.0,-81.0,-11.0
2023-07-17,4.74,4.02,3.81,3.94,-93.0,-80.0,-8.0
2023-07-18,4.74,4.0,3.8,3.91,-94.0,-83.0,-9.0
2023-07-19,4.74,3.98,3.75,3.84,-99.0,-90.0,-14.0
2023-07-20,4.8,4.08,3.85,3.91,-95.0,-89.0,-17.0
2023-07-21,4.82,4.09,3.84,3.91,-98.0,-91.0,-18.0
2023-07-24,4.81,4.13,3.86,3.92,-95.0,-89.0,-21.0
2023-07-25,4.85,4.15,3.91,3.95,-94.0,-90.0,-20.0
2023-07-26,4.82,4.09,3.86,3.94,-96.0,-88.0,-15.0
2023-07-27,4.91,4.24,4.01,4.06,-90.0,-85.0,-18.0
2023-07-28,4.87,4.18,3.96,4.03,-91.0,-84.0,-15.0
2023-07-31,4.88,4.18,3.97,4.02,-91.0,-86.0,-16.0
2023-08-01,4.92,4.24,4.05,4.11,-87.0,-81.0,-13.0
2023-08-02,4.88,4.24,4.08,4.17,-80.0,-71.0,-7.0
2023-08-03,4.9,4.3,4.2,4.32,-70.0,-58.0,2.0
2023-08-04,4.78,4.15,4.05,4.21,-73.0,-57.0,6.0
2023-08-07,4.76,4.16,4.09,4.27,-67.0,-49.0,11.0
2023-08-08,4.74,4.1,4.02,4.2,-72.0,-54.0,10.0
2023-08-09,4.79,4.12,4.0,4.18,-79.0,-61.0,6.0
2023-08-10,4.82,4.21,4.09,4.24,-73.0,-58.0,3.0
2023-08-11,4.89,4.31,4.16,4.27,-73.0,-62.0,-4.0
2023-08-14,4.96,4.36,4.19,4.29,-77.0,-67.0,-7.0
2023-08-15,4.92,4.36,4.21,4.32,-71.0,-60.0,-4.0
2023-08-16,4.97,4.42,4.28,4.38,-69.0,-59.0,-4.0
2023-08-17,4.94,4.42,4.3,4.41,-64.0,-53.0,-1.0
2023-08-18,4.92,4.38,4.26,4.38,-66.0,-54.0,0.0
2023-08-21,4.97,4.46,4.34,4.45,-63.0,-52.0,-1.0
2023-08-22,5.02,4.49,4.34,4.42,-68.0,-60.0,-7.0
2023-08-23,4.95,4.36,4.19,4.27,-76.0,-68.0,-9.0
2023-08-24,4.98,4.39,4.23,4.3,-75.0,-68.0,-9.0
2023-08-25,5.03,4.44,4.25,4.3,-78.0,-73.0,-14.0
2023-08-28,4.98,4.38,4.2,4.29,-78.0,-69.0,-9.0
2023-08-29,4.87,4.26,4.12,4.23,-75.0,-64.0,-3.0
2023-08-30,4.9,4.27,4.12,4.23,-78.0,-67.0,-4.0
2023-08-31,4.85,4.23,4.09,4.2,-76.0,-65.0,-3.0
2023-09-01,4.87,4.29,4.18,4.29,-69.0,-58.0,0.0
2023-09-05,4.94,4.37,4.27,4.38,-67.0,-56.0,1.0
2023-09-06,5.01,4.44,4.3,4.37,-71.0,-64.0,-7.0
2023-09-07,4.94,4.38,4.27,4.36,-67.0,-58.0,-2.0
2023-09-08,4.98,4.39,4.26,4.33,-72.0,-65.0,-6.0
2023-09-11,4.97,4.4,4.29,4.37,-68.0,-60.0,-3.0
2023-09-12,4.98,4.41,4.27,4.35,-71.0,-63.0,-6.0
2023-09-13,4.96,4.39,4.25,4.34,-71.0,-62.0,-5.0
2023-09-14,5.0,4.42,4.29,4.39,-71.0,-61.0,-3.0
2023-09-15,5.02,4.45,4.33,4.42,-69.0,-60.0,-3.0
2023-09-18,5.05,4.46,4.32,4.4,-73.0,-65.0,-6.0
2023-09-19,5.08,4.51,4.37,4.43,-71.0,-65.0,-8.0
2023-09-20,5.12,4.52,4.35,4.4,-77.0,-72.0,-12.0
2023-09-21,5.12,4.61,4.49,4.56,-63.0,-56.0,-5.0
2023-09-22,5.1,4.57,4.44,4.53,-66.0,-57.0,-4.0
2023-09-25,5.09,4.62,4.55,4.67,-54.0,-42.0,5.0
2023-09-26,5.04,4.62,4.56,4.7,-48.0,-34.0,8.0
2023-09-27,5.1,4.67,4.61,4.73,-49.0,-37.0,6.0
2023-09-28,5.04,4.62,4.59,4.71,-45.0,-33.0,9.0
2023-09-29,5.03,4.6,4.59,4.73,-44.0,-30.0,13.0
2023-10-02,5.12,4.72,4.69,4.81,-43.0,-31.0,9.0
2023-10-03,5.15,4.8,4.81,4.95,-34.0,-20.0,15.0
2023-10-04,5.05,4.72,4.73,4.87,-32.0,-18.0,15.0
2023-10-05,5.03,4.68,4.72,4.89,-31.0,-14.0,21.0
2023-10-06,5.08,4.75,4.78,4.95,-30.0,-13.0,20.0
2023-10-10,4.96,4.62,4.66,4.85,-30.0,-11.0,23.0
2023-10-11,4.99,4.59,4.58,4.73,-41.0,-26.0,14.0
2023-10-12,5.06,4.69,4.7,4.86,-36.0,-20.0,17.0
2023-10-13,5.04,4.65,4.63,4.78,-41.0,-26.0,13.0
2023-10-16,5.09,4.72,4.71,4.87,-38.0,-22.0,15.0
2023-10-17,5.19,4.86,4.83,4.94,-36.0,-25.0,8.0
2023-10-18,5.19,4.92,4.91,5.0,-28.0,-19.0,8.0
2023-10-19,5.14,4.95,4.98,5.11,-16.0,-3.0,16.0
2023-10-20,5.07,4.86,4.93,5.09,-14.0,2.0,23.0
2023-10-23,5.05,4.81,4.86,5.01,-19.0,-4.0,20.0
2023-10-24,5.02,4.82,4.83,4.96,-19.0,-6.0,14.0
2023-10-25,5.08,4.89,4.95,5.09,-13.0,1.0,20.0
2023-10-26,5.02,4.79,4.86,5.01,-16.0,-1.0,22.0
2023-10-27,4.99,4.76,4.84,5.03,-15.0,4.0,27.0
2023-10-30,5.03,4.8,4.88,5.04,-15.0,1.0,24.0
2023-10-31,5.07,4.82,4.88,5.04,-19.0,-3.0,22.0
2023-11-01,4.95,4.67,4.77,4.96,-18.0,1.0,29.0
2023-11-02,4.98,4.65,4.67,4.82,-31.0,-16.0,17.0
2023-11-03,4.83,4.49,4.57,4.77,-26.0,-6.0,28.0
2023-11-06,4.93,4.6,4.67,4.84,-26.0,-9.0,24.0
2023-11-07,4.91,4.53,4.58,4.75,-33.0,-16.0,22.0
2023-11-08,4.93,4.51,4.49,4.64,-44.0,-29.0,13.0
2023-11-09,5.03,4.65,4.62,4.77,-41.0,-26.0,12.0
2023-11-10,5.04,4.65,4.61,4.73,-43.0,-31.0,8.0
2023-11-13,5.02,4.66,4.63,4.75,-39.0,-27.0,9.0
2023-11-14,4.8,4.42,4.44,4.61,-36.0,-19.0,19.0
2023-11-15,4.9,4.52,4.53,4.68,-37.0,-22.0,16.0
2023-11-16,4.83,4.43,4.45,4.63,-38.0,-20.0,20.0
2023-11-17,4.88,4.45,4.44,4.59,-44.0,-29.0,14.0
2023-11-20,4.89,4.44,4.42,4.57,-47.0,-32.0,13.0
2023-11-21,4.86,4.41,4.41,4.57,-45.0,-29.0,16.0
2023-11-22,4.89,4.44,4.42,4.55,-47.0,-34.0,11.0
2023-11-24,4.92,4.49,4.47,4.6,-45.0,-32.0,11.0
2023-11-27,4.84,4.38,4.39,4.53,-45.0,-31.0,15.0
2023-11-28,4.73,4.29,4.34,4.52,-39.0,-21.0,23.0
2023-11-29,4.64,4.22,4.27,4.44,-37.0,-20.0,22.0
2023-11-30,4.73,4.31,4.37,4.54,-36.0,-19.0,23.0
2023-12-01,4.56,4.14,4.22,4.4,-34.0,-16.0,26.0
2023-12-04,4.64,4.23,4.28,4.43,-36.0,-21.0,20.0
2023-12-05,4.57,4.14,4.18,4.3,-39.0,-27.0,16.0
2023-12-06,4.6,4.12,4.12,4.22,-48.0,-38.0,10.0
2023-12-07,4.58,4.11,4.14,4.25,-44.0,-33.0,14.0
2023-12-08,4.71,4.24,4.23,4.31,-48.0,-40.0,7.0
2023-12-11,4.71,4.25,4.23,4.32,-48.0,-39.0,7.0
2023-12-12,4.73,4.23,4.2,4.3,-53.0,-43.0,7.0
2023-12-13,4.46,4.0,4.04,4.19,-42.0,-27.0,19.0
2023-12-14,4.37,3.9,3.92,4.03,-45.0,-34.0,13.0
2023-12-15,4.44,3.91,3.91,4.0,-53.0,-44.0,9.0
2023-12-18,4.43,3.94,3.95,4.05,-48.0,-38.0,11.0
2023-12-19,4.41,3.94,3.93,4.03,-48.0,-38.0,9.0
2023-12-20,4.34,3.86,3.86,3.98,-48.0,-36.0,12.0
2023-12-21,4.33,3.87,3.89,4.03,-44.0,-30.0,16.0
2023-12-22,4.31,3.87,3.9,4.05,-41.0,-26.0,18.0
2023-12-26,4.26,3.89,3.89,4.04,-37.0,-22.0,15.0
2023-12-27,4.2,3.78,3.79,3.95,-41.0,-25.0,17.0
2023-12-28,4.26,3.83,3.84,3.98,-42.0,-28.0,15.0
2023-12-29,4.23,3.84,3.88,4.03,-35.0,-20.0,19.0
2024-01-02,4.33,3.93,3.95,4.08,-38.0,-25.0,15.0
2024-01-03,4.33,3.9,3.91,4.05,-42.0,-28.0,15.0
2024-01-04,4.38,3.97,3.99,4.13,-39.0,-25.0,16.0
2024-01-05,4.4,4.02,4.05,4.21,-35.0,-19.0,19.0
2024-01-08,4.36,3.97,4.01,4.17,-35.0,-19.0,20.0
2024-01-09,4.36,3.97,4.02,4.18,-34.0,-18.0,21.0
2024-01-10,4.37,3.99,4.04,4.2,-33.0,-17.0,21.0
2024-01-11,4.26,3.9,3.98,4.18,-28.0,-8.0,28.0
2024-01-12,4.14,3.84,3.96,4.2,-18.0,6.0,36.0
2024-01-16,4.22,3.95,4.07,4.3,-15.0,8.0,35.0
2024-01-17,4.34,4.02,4.1,4.31,-24.0,-3.0,29.0
2024-01-18,4.34,4.04,4.14,4.37,-20.0,3.0,33.0
2024-01-19,4.39,4.08,4.15,4.36,-24.0,-3.0,28.0
2024-01-22,4.37,4.03,4.11,4.32,-26.0,-5.0,29.0
2024-01-23,4.31,4.06,4.14,4.38,-17.0,7.0,32.0
2024-01-24,4.34,4.06,4.18,4.41,-16.0,7.0,35.0
2024-01-25,4.28,4.01,4.14,4.38,-14.0,10.0,37.0
2024-01-26,4.34,4.04,4.15,4.38,-19.0,4.0,34.0
2024-01-29,4.29,3.97,4.08,4.31,-21.0,2.0,34.0
2024-01-30,4.36,4.0,4.06,4.28,-30.0,-8.0,28.0
2024-01-31,4.27,3.91,3.99,4.22,-28.0,-5.0,31.0
2024-02-01,4.2,3.8,3.87,4.1,-33.0,-10.0,30.0
2024-02-02,4.36,3.99,4.03,4.22,-33.0,-14.0,23.0
2024-02-05,4.46,4.13,4.17,4.35,-29.0,-11.0,22.0
2024-02-06,4.39,4.03,4.09,4.29,-30.0,-10.0,26.0
2024-02-07,4.41,4.06,4.09,4.31,-32.0,-10.0,25.0
2024-02-08,4.46,4.12,4.15,4.36,-31.0,-10.0,24.0
2024-02-09,4.48,4.14,4.17,4.37,-31.0,-11.0,23.0
2024-02-12,4.46,4.13,4.17,4.37,-29.0,-9.0,24.0
2024-02-13,4.64,4.31,4.31,4.46,-33.0,-18.0,15.0
2024-02-14,4.56,4.25,4.27,4.45,-29.0,-11.0,20.0
2024-02-15,4.56,4.22,4.24,4.42,-32.0,-14.0,20.0
2024-02-16,4.64,4.29,4.3,4.45,-34.0,-19.0,16.0
2024-02-20,4.59,4.25,4.27,4.44,-32.0,-15.0,19.0
2024-02-21,4.64,4.3,4.32,4.49,-32.0,-15.0,19.0
2024-02-22,4.69,4.33,4.33,4.47,-36.0,-22.0,14.0
2024-02-23,4.67,4.28,4.26,4.37,-41.0,-30.0,9.0
2024-02-26,4.69,4.29,4.28,4.4,-41.0,-29.0,11.0
2024-02-27,4.7,4.32,4.31,4.44,-39.0,-26.0,12.0
2024-02-28,4.64,4.26,4.27,4.4,-37.0,-24.0,14.0
2024-02-29,4.64,4.26,4.25,4.38,-39.0,-26.0,12.0
2024-03-01,4.54,4.17,4.19,4.33,-35.0,-21.0,16.0
2024-03-04,4.61,4.21,4.22,4.36,-39.0,-25.0,15.0
2024-03-05,4.54,4.13,4.13,4.27,-41.0,-27.0,14.0
2024-03-06,4.55,4.12,4.11,4.24,-44.0,-31.0,12.0
2024-03-07,4.5,4.07,4.09,4.25,-41.0,-25.0,18.0
2024-03-08,4.48,4.06,4.09,4.26,-39.0,-22.0,20.0
2024-03-11,4.51,4.08,4.1,4.26,-41.0,-25.0,18.0
2024-03-12,4.58,4.15,4.16,4.31,-42.0,-27.0,16.0
2024-03-13,4.61,4.19,4.19,4.35,-42.0,-26.0,16.0
2024-03-14,4.68,4.29,4.29,4.44,-39.0,-24.0,15.0
2024-03-15,4.72,4.33,4.31,4.43,-41.0,-29.0,10.0
2024-03-18,4.73,4.36,4.34,4.46,-39.0,-27.0,10.0
2024-03-19,4.68,4.31,4.3,4.44,-38.0,-24.0,13.0
2024-03-20,4.59,4.25,4.27,4.45,-32.0,-14.0,20.0
2024-03-21,4.62,4.26,4.27,4.44,-35.0,-18.0,18.0
2024-03-22,4.59,4.2,4.22,4.39,-37.0,-20.0,19.0
2024-03-25,4.54,4.23,4.25,4.42,-29.0,-12.0,19.0
2024-03-26,4.56,4.22,4.24,4.4,-32.0,-16.0,18.0
2024-03-27,4.54,4.18,4.2,4.36,-34.0,-18.0,18.0
2024-03-28,4.59,4.21,4.2,4.34,-39.0,-25.0,13.0
2024-04-01,4.72,4.34,4.33,4.47,-39.0,-25.0,13.0
2024-04-02,4.7,4.35,4.36,4.51,-34.0,-19.0,16.0
2024-04-03,4.68,4.34,4.36,4.51,-32.0,-17.0,17.0
2024-04-04,4.65,4.3,4.31,4.47,-34.0,-18.0,17.0
2024-04-05,4.73,4.38,4.39,4.54,-34.0,-19.0,16.0
2024-04-08,4.78,4.43,4.42,4.55,-36.0,-23.0,12.0
2024-04-09,4.74,4.37,4.36,4.5,-38.0,-24.0,13.0
2024-04-10,4.97,4.61,4.55,4.64,-42.0,-33.0,3.0
2024-04-11,4.93,4.61,4.56,4.65,-37.0,-28.0,4.0
2024-04-12,4.88,4.54,4.5,4.61,-38.0,-27.0,7.0
2024-04-15,4.93,4.65,4.63,4.74,-30.0,-19.0,9.0
2024-04-16,4.97,4.69,4.67,4.77,-30.0,-20.0,8.0
2024-04-17,4.93,4.62,4.59,4.71,-34.0,-22.0,9.0
2024-04-18,4.98,4.68,4.64,4.74,-34.0,-24.0,6.0
2024-04-19,4.97,4.66,4.62,4.72,-35.0,-25.0,6.0
2024-04-22,4.97,4.66,4.62,4.72,-35.0,-25.0,6.0
2024-04-23,4.86,4.63,4.61,4.73,-25.0,-13.0,10.0
2024-04-24,4.89,4.64,4.65,4.78,-24.0,-11.0,14.0
2024-04-25,4.96,4.7,4.7,4.82,-26.0,-14.0,12.0
2024-04-26,4.96,4.68,4.67,4.78,-29.0,-18.0,10.0
2024-04-29,4.97,4.65,4.63,4.75,-34.0,-22.0,10.0
2024-04-30,5.04,4.72,4.69,4.79,-35.0,-25.0,7.0
2024-05-01,4.96,4.64,4.63,4.74,-33.0,-22.0,10.0
2024-05-02,4.87,4.57,4.58,4.72,-29.0,-15.0,15.0
2024-05-03,4.81,4.48,4.5,4.66,-31.0,-15.0,18.0
2024-05-06,4.82,4.48,4.49,4.64,-33.0,-18.0,16.0
2024-05-07,4.82,4.48,4.47,4.61,-35.0,-21.0,13.0
2024-05-08,4.84,4.5,4.48,4.64,-36.0,-20.0,14.0
2024-05-09,4.8,4.47,4.45,4.6,-35.0,-20.0,13.0
2024-05-10,4.87,4.52,4.5,4.64,-37.0,-23.0,12.0
2024-05-13,4.85,4.5,4.48,4.63,-37.0,-22.0,13.0
2024-05-14,4.81,4.46,4.45,4.59,-36.0,-22.0,13.0
2024-05-15,4.73,4.35,4.36,4.52,-37.0,-21.0,17.0
2024-05-16,4.78,4.4,4.38,4.52,-40.0,-26.0,12.0
2024-05-17,4.83,4.44,4.42,4.56,-41.0,-27.0,12.0
2024-05-20,4.82,4.46,4.44,4.58,-38.0,-24.0,12.0
2024-05-21,4.82,4.43,4.41,4.55,-41.0,-27.0,12.0
2024-05-22,4.86,4.47,4.43,4.55,-43.0,-31.0,8.0
2024-05-23,4.91,4.52,4.47,4.58,-44.0,-33.0,6.0
2024-05-24,4.93,4.53,4.46,4.57,-47.0,-36.0,4.0
2024-05-28,4.94,4.56,4.54,4.66,-40.0,-28.0,10.0
2024-05-29,4.96,4.63,4.61,4.74,-35.0,-22.0,11.0
2024-05-30,4.92,4.57,4.55,4.69,-37.0,-23.0,12.0
2024-05-31,4.89,4.52,4.51,4.65,-38.0,-24.0,13.0
2024-06-03,4.82,4.42,4.41,4.55,-41.0,-27.0,13.0
2024-06-04,4.77,4.35,4.33,4.48,-44.0,-29.0,13.0
2024-06-05,4.72,4.31,4.29,4.44,-43.0,-28.0,13.0
2024-06-06,4.72,4.29,4.28,4.43,-44.0,-29.0,14.0
2024-06-07,4.87,4.46,4.43,4.55,-44.0,-32.0,9.0
2024-06-10,4.87,4.48,4.47,4.59,-40.0,-28.0,11.0
2024-06-11,4.81,4.41,4.39,4.53,-42.0,-28.0,12.0
2024-06-12,4.75,4.32,4.31,4.47,-44.0,-28.0,15.0
2024-06-13,4.68,4.24,4.24,4.4,-44.0,-28.0,16.0
2024-06-14,4.67,4.22,4.2,4.34,-47.0,-33.0,12.0
2024-06-17,4.75,4.3,4.28,4.4,-47.0,-35.0,10.0
2024-06-18,4.69,4.24,4.22,4.36,-47.0,-33.0,12.0
2024-06-20,4.7,4.26,4.25,4.39,-45.0,-31.0,13.0
2024-06-21,4.7,4.26,4.25,4.39,-45.0,-31.0,13.0
2024-06-24,4.71,4.27,4.25,4.38,-46.0,-33.0,11.0
2024-06-25,4.65,4.25,4.23,4.36,-42.0,-29.0,11.0
2024-06-26,4.71,4.32,4.32,4.45,-39.0,-26.0,13.0
2024-06-27,4.7,4.29,4.29,4.43,-41.0,-27.0,14.0
2024-06-28,4.71,4.33,4.36,4.51,-35.0,-20.0,18.0
2024-07-01,4.77,4.44,4.48,4.64,-29.0,-13.0,20.0
2024-07-02,4.74,4.39,4.43,4.6,-31.0,-14.0,21.0
2024-07-03,4.71,4.33,4.36,4.53,-35.0,-18.0,20.0
2024-07-05,4.6,4.22,4.28,4.47,-32.0,-13.0,25.0
2024-07-08,4.62,4.23,4.28,4.46,-34.0,-16.0,23.0
2024-07-09,4.62,4.24,4.3,4.49,-32.0,-13.0,25.0
2024-07-10,4.62,4.24,4.28,4.47,-34.0,-15.0,23.0
2024-07-11,4.5,4.13,4.2,4.41,-30.0,-9.0,28.0
2024-07-12,4.45,4.1,4.18,4.39,-27.0,-6.0,29.0
2024-07-15,4.44,4.13,4.23,4.46,-21.0,2.0,33.0
2024-07-16,4.43,4.09,4.17,4.38,-26.0,-5.0,29.0
2024-07-17,4.42,4.07,4.16,4.37,-26.0,-5.0,30.0
2024-07-18,4.46,4.11,4.2,4.41,-26.0,-5.0,30.0
2024-07-19,4.49,4.16,4.25,4.45,-24.0,-4.0,29.0
2024-07-22,4.5,4.17,4.26,4.48,-24.0,-2.0,31.0
2024-07-23,4.4,4.15,4.25,4.48,-15.0,8.0,33.0
2024-07-24,4.37,4.12,4.28,4.54,-9.0,17.0,42.0
2024-07-25,4.41,4.13,4.27,4.5,-14.0,9.0,37.0
2024-07-26,4.36,4.06,4.2,4.45,-16.0,9.0,39.0
2024-07-29,4.36,4.05,4.17,4.42,-19.0,6.0,37.0
2024-07-30,4.35,4.03,4.15,4.4,-20.0,5.0,37.0
2024-07-31,4.29,3.97,4.09,4.35,-20.0,6.0,38.0
2024-08-01,4.16,3.84,3.99,4.27,-17.0,11.0,43.0
2024-08-02,3.88,3.62,3.8,4.11,-8.0,23.0,49.0
2024-08-05,3.89,3.62,3.78,4.06,-11.0,17.0,44.0
2024-08-06,3.99,3.73,3.9,4.18,-9.0,19.0,45.0
2024-08-07,4.0,3.79,3.96,4.26,-4.0,26.0,47.0
2024-08-08,4.04,3.83,3.99,4.28,-5.0,24.0,45.0
2024-08-09,4.05,3.8,3.94,4.23,-11.0,18.0,43.0
2024-08-12,4.01,3.75,3.9,4.19,-11.0,18.0,44.0
2024-08-13,3.93,3.68,3.85,4.16,-8.0,23.0,48.0
2024-08-14,3.94,3.67,3.83,4.12,-11.0,18.0,45.0
2024-08-15,4.08,3.79,3.92,4.18,-16.0,10.0,39.0
2024-08-16,4.06,3.77,3.89,4.15,-17.0,9.0,38.0
2024-08-19,4.06,3.75,3.86,4.11,-20.0,5.0,36.0
2024-08-20,3.99,3.7,3.82,4.07,-17.0,8.0,37.0
2024-08-21,3.92,3.64,3.79,4.06,-13.0,14.0,42.0
2024-08-22,3.99,3.72,3.86,4.13,-13.0,14.0,41.0
2024-08-23,3.9,3.65,3.81,4.1,-9.0,20.0,45.0
2024-08-26,3.91,3.66,3.82,4.11,-9.0,20.0,45.0
2024-08-27,3.83,3.66,3.83,4.13,0.0,30.0,47.0
2024-08-28,3.83,3.63,3.84,4.13,1.0,30.0,50.0
2024-08-29,3.87,3.66,3.87,4.15,0.0,28.0,49.0
2024-08-30,3.91,3.71,3.91,4.2,0.0,29.0,49.0
2024-09-03,3.88,3.65,3.84,4.13,-4.0,25.0,48.0
2024-09-04,3.76,3.56,3.77,4.06,1.0,30.0,50.0
2024-09-05,3.75,3.54,3.73,4.02,-2.0,27.0,48.0
2024-09-06,3.66,3.5,3.72,4.03,6.0,37.0,53.0
2024-09-09,3.68,3.49,3.7,4.0,2.0,32.0,51.0
2024-09-10,3.59,3.43,3.65,3.97,6.0,38.0,54.0
2024-09-11,3.62,3.45,3.65,3.96,3.0,34.0,51.0
2024-09-12,3.64,3.47,3.68,4.0,4.0,36.0,53.0
2024-09-13,3.57,3.43,3.66,3.98,9.0,41.0,55.0
2024-09-16,3.56,3.41,3.63,3.94,7.0,38.0,53.0
2024-09-17,3.59,3.44,3.65,3.96,6.0,37.0,52.0
2024-09-18,3.61,3.47,3.7,4.03,9.0,42.0,56.0
2024-09-19,3.59,3.49,3.73,4.06,14.0,47.0,57.0
2024-09-20,3.55,3.48,3.73,4.07,18.0,52.0,59.0
2024-09-23,3.57,3.51,3.75,4.09,18.0,52.0,58.0
2024-09-24,3.49,3.47,3.74,4.09,25.0,60.0,62.0
2024-09-25,3.53,3.52,3.79,4.14,26.0,61.0,62.0
2024-09-26,3.6,3.55,3.79,4.12,19.0,52.0,57.0
2024-09-27,3.55,3.5,3.75,4.1,20.0,55.0,60.0
2024-09-30,3.66,3.58,3.81,4.14,15.0,48.0,56.0
2024-10-01,3.61,3.51,3.74,4.08,13.0,47.0,57.0
2024-10-02,3.63,3.55,3.79,4.14,16.0,51.0,59.0
2024-10-03,3.7,3.62,3.85,4.18,15.0,48.0,56.0
2024-10-04,3.93,3.81,3.98,4.26,5.0,33.0,45.0
2024-10-07,3.99,3.86,4.03,4.3,4.0,31.0,44.0
2024-10-08,3.98,3.86,4.04,4.32,6.0,34.0,46.0
2024-10-09,3.99,3.91,4.06,4.34,7.0,35.0,43.0
2024-10-10,3.98,3.91,4.09,4.38,11.0,40.0,47.0
2024-10-11,3.95,3.88,4.08,4.39,13.0,44.0,51.0
2024-10-15,3.95,3.86,4.03,4.32,8.0,37.0,46.0
2024-10-16,3.93,3.84,4.02,4.3,9.0,37.0,46.0
2024-10-17,3.96,3.9,4.09,4.39,13.0,43.0,49.0
2024-10-18,3.95,3.88,4.08,4.38,13.0,43.0,50.0
2024-10-21,4.02,3.98,4.19,4.49,17.0,47.0,51.0
2024-10-22,4.03,4.0,4.2,4.49,17.0,46.0,49.0
2024-10-23,4.07,4.05,4.24,4.51,17.0,44.0,46.0
2024-10-24,4.07,4.03,4.21,4.47,14.0,40.0,44.0
2024-10-25,4.11,4.07,4.25,4.51,14.0,40.0,44.0
2024-10-28,4.12,4.11,4.28,4.53,16.0,41.0,42.0
2024-10-29,4.11,4.11,4.28,4.52,17.0,41.0,41.0
2024-10-30,4.15,4.14,4.29,4.49,14.0,34.0,35.0
2024-10-31,4.16,4.15,4.28,4.47,12.0,31.0,32.0
2024-11-01,4.21,4.22,4.37,4.57,16.0,36.0,35.0
2024-11-04,4.17,4.17,4.31,4.5,14.0,33.0,33.0
2024-11-05,4.19,4.16,4.26,4.44,7.0,25.0,28.0
2024-11-06,4.27,4.27,4.42,4.6,15.0,33.0,33.0
2024-11-07,4.21,4.17,4.31,4.52,10.0,31.0,35.0
2024-11-08,4.26,4.2,4.3,4.47,4.0,21.0,27.0
2024-11-12,4.34,4.32,4.43,4.58,9.0,24.0,26.0
2024-11-13,4.27,4.3,4.44,4.63,17.0,36.0,33.0
2024-11-14,4.34,4.32,4.43,4.58,9.0,24.0,26.0
2024-11-15,4.31,4.3,4.43,4.6,12.0,29.0,30.0
2024-11-18,4.29,4.28,4.42,4.61,13.0,32.0,33.0
2024-11-19,4.27,4.25,4.39,4.57,12.0,30.0,32.0
2024-11-20,4.31,4.28,4.41,4.59,10.0,28.0,31.0
2024-11-21,4.34,4.3,4.43,4.61,9.0,27.0,31.0
2024-11-22,4.37,4.3,4.41,4.6,4.0,23.0,30.0
2024-11-25,4.21,4.17,4.27,4.45,6.0,24.0,28.0
2024-11-26,4.21,4.17,4.3,4.48,9.0,27.0,31.0
2024-11-27,4.19,4.11,4.25,4.44,6.0,25.0,33.0
2024-11-29,4.13,4.05,4.18,4.36,5.0,23.0,31.0
2024-12-02,4.17,4.08,4.19,4.36,2.0,19.0,28.0
2024-12-03,4.17,4.11,4.23,4.4,6.0,23.0,29.0
2024-12-04,4.13,4.07,4.19,4.35,6.0,22.0,28.0
2024-12-05,4.15,4.07,4.17,4.33,2.0,18.0,26.0
2024-12-06,4.1,4.03,4.15,4.34,5.0,24.0,31.0
2024-12-09,4.13,4.07,4.2,4.39,7.0,26.0,32.0
2024-12-10,4.15,4.09,4.22,4.41,7.0,26.0,32.0
2024-12-11,4.15,4.13,4.26,4.48,11.0,33.0,35.0
2024-12-12,4.18,4.18,4.32,4.55,14.0,37.0,37.0
2024-12-13,4.25,4.25,4.4,4.61,15.0,36.0,36.0
2024-12-16,4.25,4.25,4.39,4.6,14.0,35.0,35.0
2024-12-17,4.25,4.26,4.4,4.59,15.0,34.0,33.0
2024-12-18,4.35,4.4,4.5,4.65,15.0,30.0,25.0
2024-12-19,4.32,4.43,4.57,4.74,25.0,42.0,31.0
2024-12-20,4.3,4.37,4.52,4.72,22.0,42.0,35.0
2024-12-23,4.3,4.44,4.59,4.78,29.0,48.0,34.0
2024-12-24,4.29,4.43,4.59,4.76,30.0,47.0,33.0
2024-12-26,4.3,4.42,4.58,4.76,28.0,46.0,34.0
2024-12-27,4.31,4.45,4.62,4.82,31.0,51.0,37.0
2024-12-30,4.24,4.37,4.55,4.77,31.0,53.0,40.0
2024-12-31,4.25,4.38,4.58,4.78,33.0,53.0,40.0
2025-01-02,4.25,4.38,4.57,4.79,32.0,54.0,41.0
2025-01-03,4.28,4.41,4.6,4.82,32.0,54.0,41.0
2025-01-06,4.28,4.42,4.62,4.85,34.0,57.0,43.0
2025-01-07,4.3,4.46,4.67,4.91,37.0,61.0,45.0
2025-01-08,4.28,4.45,4.67,4.91,39.0,63.0,46.0
2025-01-09,4.27,4.46,4.68,4.92,41.0,65.0,46.0
2025-01-10,4.4,4.59,4.77,4.96,37.0,56.0,37.0
2025-01-13,4.4,4.61,4.79,4.97,39.0,57.0,36.0
2025-01-14,4.37,4.59,4.78,4.98,41.0,61.0,39.0
2025-01-15,4.27,4.45,4.66,4.88,39.0,61.0,43.0
2025-01-16,4.23,4.39,4.61,4.84,38.0,61.0,45.0
2025-01-17,4.27,4.42,4.61,4.84,34.0,57.0,42.0
2025-01-21,4.29,4.4,4.57,4.8,28.0,51.0,40.0
2025-01-22,4.29,4.43,4.6,4.82,31.0,53.0,39.0
2025-01-23,4.29,4.45,4.65,4.87,36.0,58.0,42.0
2025-01-24,4.27,4.43,4.63,4.85,36.0,58.0,42.0
2025-01-27,4.17,4.32,4.53,4.76,36.0,59.0,44.0
2025-01-28,4.19,4.33,4.55,4.78,36.0,59.0,45.0
2025-01-29,4.21,4.35,4.55,4.79,34.0,58.0,44.0
2025-01-30,4.18,4.31,4.52,4.76,34.0,58.0,45.0
2025-01-31,4.22,4.36,4.58,4.83,36.0,61.0,47.0
2025-02-03,4.26,4.35,4.54,4.77,28.0,51.0,42.0
2025-02-04,4.21,4.31,4.52,4.75,31.0,54.0,44.0
2025-02-05,4.17,4.24,4.43,4.64,26.0,47.0,40.0
2025-02-06,4.21,4.28,4.45,4.65,24.0,44.0,37.0
2025-02-07,4.29,4.34,4.49,4.69,20.0,40.0,35.0
2025-02-10,4.28,4.34,4.51,4.71,23.0,43.0,37.0
2025-02-11,4.29,4.37,4.54,4.75,25.0,46.0,38.0
2025-02-12,4.36,4.48,4.62,4.83,26.0,47.0,35.0
2025-02-13,4.31,4.39,4.52,4.72,21.0,41.0,33.0
2025-02-14,4.26,4.33,4.47,4.69,21.0,43.0,36.0
2025-02-18,4.29,4.4,4.55,4.77,26.0,48.0,37.0
2025-02-19,4.28,4.37,4.53,4.76,25.0,48.0,39.0
2025-02-20,4.28,4.34,4.5,4.74,22.0,46.0,40.0
2025-02-21,4.19,4.26,4.42,4.67,23.0,48.0,41.0
2025-02-24,4.13,4.23,4.4,4.66,27.0,53.0,43.0
2025-02-25,4.07,4.12,4.3,4.55,23.0,48.0,43.0
2025-02-26,4.05,4.06,4.25,4.51,20.0,46.0,45.0
2025-02-27,4.07,4.09,4.29,4.56,22.0,49.0,47.0
2025-02-28,3.99,4.03,4.24,4.51,25.0,52.0,48.0
2025-03-03,3.96,3.97,4.16,4.45,20.0,49.0,48.0
2025-03-04,3.96,4.01,4.22,4.53,26.0,57.0,52.0
2025-03-05,3.99,4.08,4.28,4.57,29.0,58.0,49.0
2025-03-06,3.96,4.06,4.29,4.58,33.0,62.0,52.0
2025-03-07,3.99,4.09,4.32,4.62,33.0,63.0,53.0
2025-03-10,3.89,3.98,4.22,4.54,33.0,65.0,56.0
2025-03-11,3.94,4.03,4.28,4.59,34.0,65.0,56.0
2025-03-12,4.01,4.09,4.32,4.63,31.0,62.0,54.0
2025-03-13,3.94,4.02,4.27,4.59,33.0,65.0,57.0
2025-03-14,4.02,4.09,4.31,4.62,29.0,60.0,53.0
2025-03-17,4.06,4.11,4.31,4.6,25.0,54.0,49.0
2025-03-18,4.04,4.07,4.29,4.58,25.0,54.0,51.0
2025-03-19,3.99,4.03,4.25,4.56,26.0,57.0,53.0
2025-03-20,3.95,4.01,4.24,4.55,29.0,60.0,54.0
2025-03-21,3.94,4.0,4.25,4.59,31.0,65.0,59.0
2025-03-24,4.04,4.09,4.34,4.66,30.0,62.0,57.0
2025-03-25,3.96,4.07,4.31,4.65,35.0,69.0,58.0
2025-03-26,3.98,4.08,4.35,4.69,37.0,71.0,61.0
2025-03-27,3.97,4.09,4.38,4.73,41.0,76.0,64.0
2025-03-28,3.89,3.98,4.27,4.64,38.0,75.0,66.0
2025-03-31,3.89,3.96,4.23,4.59,34.0,70.0,63.0
2025-04-01,3.87,3.91,4.17,4.52,30.0,65.0,61.0
2025-04-02,3.91,3.95,4.2,4.54,29.0,63.0,59.0
2025-04-03,3.71,3.75,4.06,4.49,35.0,78.0,74.0
2025-04-04,3.68,3.72,4.01,4.41,33.0,73.0,69.0
2025-04-07,3.73,3.82,4.15,4.58,42.0,85.0,76.0
2025-04-08,3.71,3.88,4.26,4.71,55.0,100.0,83.0
2025-04-09,3.91,4.06,4.34,4.72,43.0,81.0,66.0
2025-04-10,3.84,4.04,4.4,4.86,56.0,102.0,82.0
2025-04-11,3.96,4.15,4.48,4.85,52.0,89.0,70.0
2025-04-14,3.84,4.02,4.38,4.8,54.0,96.0,78.0
2025-04-15,3.84,3.98,4.35,4.79,51.0,95.0,81.0
2025-04-16,3.77,3.91,4.29,4.74,52.0,97.0,83.0
2025-04-17,3.81,3.95,4.34,4.8,53.0,99.0,85.0
2025-04-21,3.75,3.97,4.42,4.91,67.0,116.0,94.0
2025-04-22,3.76,3.98,4.41,4.88,65.0,112.0,90.0
2025-04-23,3.81,4.0,4.4,4.83,59.0,102.0,83.0
2025-04-24,3.77,3.91,4.32,4.77,55.0,100.0,86.0
2025-04-25,3.74,3.88,4.29,4.74,55.0,100.0,86.0
2025-04-28,3.67,3.81,4.23,4.69,56.0,102.0,88.0
2025-04-29,3.65,3.77,4.19,4.64,54.0,99.0,87.0
2025-04-30,3.6,3.72,4.17,4.66,57.0,106.0,94.0
2025-05-01,3.7,3.81,4.25,4.74,55.0,104.0,93.0
2025-05-02,3.83,3.92,4.33,4.79,50.0,96.0,87.0
2025-05-05,3.83,3.95,4.36,4.83,53.0,100.0,88.0
2025-05-06,3.78,3.9,4.3,4.81,52.0,103.0,91.0
2025-05-07,3.78,3.87,4.26,4.77,48.0,99.0,90.0
2025-05-08,3.9,4.0,4.37,4.83,47.0,93.0,83.0
2025-05-09,3.88,4.0,4.37,4.83,49.0,95.0,83.0
2025-05-12,3.98,4.09,4.45,4.89,47.0,91.0,80.0
2025-05-13,4.02,4.12,4.49,4.94,47.0,92.0,82.0
2025-05-14,4.05,4.17,4.53,4.97,48.0,92.0,80.0
2025-05-15,3.96,4.07,4.45,4.91,49.0,95.0,84.0
2025-05-16,3.98,4.06,4.43,4.89,45.0,91.0,83.0
2025-05-19,3.97,4.07,4.46,4.92,49.0,95.0,85.0
2025-05-20,3.97,4.07,4.48,4.96,51.0,99.0,89.0
2025-05-21,4.0,4.15,4.58,5.08,58.0,108.0,93.0
2025-05-22,4.0,4.11,4.54,5.05,54.0,105.0,94.0
2025-05-23,4.0,4.08,4.51,5.04,51.0,104.0,96.0
2025-05-27,3.92,4.04,4.43,4.94,51.0,102.0,90.0
2025-05-28,3.96,4.05,4.47,4.97,51.0,101.0,92.0
2025-05-29,3.92,4.0,4.43,4.92,51.0,100.0,92.0
2025-05-30,3.89,3.96,4.41,4.92,52.0,103.0,96.0
2025-06-02,3.94,4.01,4.46,4.99,52.0,105.0,98.0
2025-06-03,3.96,4.04,4.46,4.98,50.0,102.0,94.0
2025-06-04,3.87,3.93,4.37,4.89,50.0,102.0,96.0
2025-06-05,3.92,3.99,4.4,4.88,48.0,96.0,89.0
2025-06-06,4.04,4.13,4.51,4.97,47.0,93.0,84.0
2025-06-09,4.01,4.09,4.49,4.95,48.0,94.0,86.0
2025-06-10,4.01,4.08,4.47,4.93,46.0,92.0,85.0
2025-06-11,3.94,4.02,4.41,4.91,47.0,97.0,89.0
2025-06-12,3.9,3.97,4.36,4.84,46.0,94.0,87.0
2025-06-13,3.96,4.02,4.41,4.9,45.0,94.0,88.0
2025-06-16,3.97,4.04,4.46,4.96,49.0,99.0,92.0
2025-06-17,3.94,3.99,4.39,4.88,45.0,94.0,89.0
2025-06-18,3.94,3.98,4.38,4.88,44.0,94.0,90.0
2025-06-20,3.9,3.96,4.38,4.89,48.0,99.0,93.0
2025-06-23,3.84,3.91,4.34,4.87,50.0,103.0,96.0
2025-06-24,3.75,3.86,4.3,4.83,55.0,108.0,97.0
2025-06-25,3.74,3.83,4.29,4.83,55.0,109.0,100.0
2025-06-26,3.7,3.79,4.26,4.81,56.0,111.0,102.0
2025-06-27,3.73,3.83,4.29,4.85,56.0,112.0,102.0
2025-06-30,3.72,3.79,4.24,4.78,52.0,106.0,99.0
2025-07-01,3.78,3.84,4.26,4.78,48.0,100.0,94.0
2025-07-02,3.78,3.87,4.3,4.82,52.0,104.0,95.0
2025-07-03,3.88,3.94,4.35,4.86,47.0,98.0,92.0
2025-07-07,3.9,3.96,4.4,4.92,50.0,102.0,96.0
2025-07-08,3.9,3.99,4.42,4.94,52.0,104.0,95.0
2025-07-09,3.86,3.92,4.34,4.87,48.0,101.0,95.0
2025-07-10,3.86,3.93,4.35,4.86,49.0,100.0,93.0
2025-07-11,3.9,3.99,4.43,4.96,53.0,106.0,97.0
2025-07-14,3.9,3.98,4.43,4.97,53.0,107.0,99.0
2025-07-15,3.95,4.05,4.5,5.01,55.0,106.0,96.0
2025-07-16,3.88,3.99,4.46,5.01,58.0,113.0,102.0
2025-07-17,3.91,4.01,4.47,5.01,56.0,110.0,100.0
2025-07-18,3.88,3.96,4.44,5.0,56.0,112.0,104.0
2025-07-21,3.85,3.91,4.38,4.94,53.0,109.0,103.0
2025-07-22,3.83,3.88,4.35,4.9,52.0,107.0,102.0
2025-07-23,3.88,3.94,4.4,4.95,52.0,107.0,101.0
2025-07-24,3.91,3.98,4.43,4.96,52.0,105.0,98.0
2025-07-25,3.91,3.95,4.4,4.92,49.0,101.0,97.0
2025-07-28,3.91,3.96,4.42,4.96,51.0,105.0,100.0
2025-07-29,3.86,3.9,4.34,4.86,48.0,100.0,96.0
2025-07-30,3.94,3.96,4.38,4.89,44.0,95.0,93.0
2025-07-31,3.94,3.96,4.37,4.89,43.0,95.0,93.0
2025-08-01,3.69,3.77,4.23,4.81,54.0,112.0,104.0
2025-08-04,3.69,3.75,4.22,4.8,53.0,111.0,105.0
2025-08-05,3.72,3.77,4.22,4.78,50.0,106.0,101.0
2025-08-06,3.69,3.77,4.22,4.81,53.0,112.0,104.0
2025-08-07,3.72,3.79,4.23,4.81,51.0,109.0,102.0
2025-08-08,3.76,3.84,4.27,4.85,51.0,109.0,101.0
2025-08-11,3.76,3.83,4.27,4.84,51.0,108.0,101.0
2025-08-12,3.72,3.83,4.29,4.88,57.0,116.0,105.0
2025-08-13,3.67,3.77,4.24,4.83,57.0,116.0,106.0
2025-08-14,3.74,3.82,4.29,4.88,55.0,114.0,106.0
2025-08-15,3.75,3.85,4.33,4.92,58.0,117.0,107.0
2025-08-18,3.77,3.86,4.34,4.94,57.0,117.0,108.0
2025-08-19,3.75,3.82,4.3,4.9,55.0,115.0,108.0
2025-08-20,3.74,3.81,4.29,4.89,55.0,115.0,108.0
2025-08-21,3.79,3.86,4.33,4.92,54.0,113.0,106.0
2025-08-22,3.68,3.76,4.26,4.88,58.0,120.0,112.0
2025-08-25,3.73,3.8,4.28,4.89,55.0,116.0,109.0
2025-08-26,3.61,3.75,4.26,4.9,65.0,129.0,115.0
2025-08-27,3.59,3.69,4.24,4.91,65.0,132.0,122.0
2025-08-28,3.62,3.69,4.22,4.88,60.0,126.0,119.0
2025-08-29,3.59,3.68,4.23,4.92,64.0,133.0,124.0
2025-09-02,3.66,3.74,4.28,4.97,62.0,131.0,123.0
2025-09-03,3.61,3.69,4.22,4.9,61.0,129.0,121.0
2025-09-04,3.59,3.65,4.17,4.86,58.0,127.0,121.0
2025-09-05,3.51,3.59,4.1,4.78,59.0,127.0,119.0
2025-09-08,3.49,3.57,4.05,4.69,56.0,120.0,112.0
2025-09-09,3.54,3.61,4.08,4.72,54.0,118.0,111.0
2025-09-10,3.54,3.59,4.04,4.69,50.0,115.0,110.0
2025-09-11,3.52,3.59,4.01,4.65,49.0,113.0,106.0
2025-09-12,3.56,3.63,4.06,4.68,50.0,112.0,105.0
2025-09-15,3.54,3.61,4.05,4.66,51.0,112.0,105.0
2025-09-16,3.51,3.59,4.04,4.65,53.0,114.0,106.0
2025-09-17,3.52,3.62,4.06,4.66,54.0,114.0,104.0
2025-09-18,3.57,3.67,4.11,4.72,54.0,115.0,105.0
2025-09-19,3.57,3.68,4.14,4.75,57.0,118.0,107.0
2025-09-22,3.61,3.71,4.15,4.77,54.0,116.0,106.0
2025-09-23,3.53,3.68,4.12,4.73,59.0,120.0,105.0
2025-09-24,3.57,3.7,4.16,4.76,59.0,119.0,106.0
2025-09-25,3.64,3.75,4.18,4.75,54.0,111.0,100.0
2025-09-26,3.63,3.76,4.2,4.77,57.0,114.0,101.0
2025-09-29,3.63,3.74,4.15,4.71,52.0,108.0,97.0
2025-09-30,3.6,3.74,4.16,4.73,56.0,113.0,99.0
2025-10-01,3.55,3.68,4.12,4.72,57.0,117.0,104.0
2025-10-02,3.55,3.67,4.1,4.69,55.0,114.0,102.0
2025-10-03,3.58,3.72,4.13,4.71,55.0,113.0,99.0
2025-10-06,3.6,3.75,4.18,4.76,58.0,116.0,101.0
2025-10-07,3.57,3.71,4.14,4.73,57.0,116.0,102.0
2025-10-08,3.58,3.72,4.13,4.72,55.0,114.0,100.0
2025-10-09,3.6,3.74,4.14,4.72,54.0,112.0,98.0
2025-10-10,3.52,3.65,4.05,4.63,53.0,111.0,98.0
2025-10-14,3.48,3.6,4.03,4.62,55.0,114.0,102.0
2025-10-15,3.5,3.63,4.05,4.64,55.0,114.0,101.0
2025-10-16,3.41,3.55,3.99,4.58,58.0,117.0,103.0
2025-10-17,3.46,3.59,4.02,4.6,56.0,114.0,101.0
2025-10-20,3.46,3.58,4.0,4.58,54.0,112.0,100.0
2025-10-21,3.45,3.56,3.98,4.55,53.0,110.0,99.0
2025-10-22,3.45,3.56,3.97,4.54,52.0,109.0,98.0
2025-10-23,3.48,3.61,4.01,4.58,53.0,110.0,97.0
2025-10-24,3.48,3.61,4.02,4.59,54.0,111.0,98.0
2025-10-27,3.48,3.61,4.01,4.57,53.0,109.0,96.0
2025-10-28,3.47,3.6,3.99,4.55,52.0,108.0,95.0
2025-10-29,3.59,3.7,4.08,4.61,49.0,102.0,91.0
2025-10-30,3.61,3.72,4.11,4.65,50.0,104.0,93.0
2025-10-31,3.6,3.71,4.11,4.67,51.0,107.0,96.0
2025-11-03,3.6,3.72,4.13,4.69,53.0,109.0,97.0
2025-11-04,3.58,3.69,4.1,4.67,52.0,109.0,98.0
2025-11-05,3.63,3.76,4.17,4.74,54.0,111.0,98.0
2025-11-06,3.57,3.69,4.11,4.69,54.0,112.0,100.0
2025-11-07,3.55,3.67,4.11,4.7,56.0,115.0,103.0
2025-11-10,3.58,3.72,4.13,4.71,55.0,113.0,99.0
2025-11-12,3.56,3.68,4.08,4.67,52.0,111.0,99.0
2025-11-13,3.58,3.71,4.11,4.7,53.0,112.0,99.0
2025-11-14,3.62,3.74,4.14,4.74,52.0,112.0,100.0
2025-11-17,3.6,3.72,4.13,4.73,53.0,113.0,101.0
2025-11-18,3.58,3.7,4.12,4.74,54.0,116.0,104.0
2025-11-19,3.58,3.71,4.13,4.75,55.0,117.0,104.0
2025-11-20,3.55,3.68,4.1,4.73,55.0,118.0,105.0
2025-11-21,3.51,3.62,4.06,4.71,55.0,120.0,109.0
2025-11-24,3.46,3.61,4.04,4.68,58.0,122.0,107.0
2025-11-25,3.43,3.55,4.01,4.67,58.0,124.0,112.0
2025-11-26,3.45,3.56,4.0,4.64,55.0,119.0,108.0
2025-11-28,3.47,3.59,4.02,4.67,55.0,120.0,108.0
2025-12-01,3.54,3.67,4.09,4.74,55.0,120.0,107.0
2025-12-02,3.51,3.66,4.09,4.74,58.0,123.0,108.0
2025-12-03,3.49,3.62,4.06,4.73,57.0,124.0,111.0
2025-12-04,3.52,3.68,4.11,4.76,59.0,124.0,108.0
2025-12-05,3.56,3.72,4.14,4.79,58.0,123.0,107.0
2025-12-08,3.57,3.75,4.17,4.81,60.0,124.0,106.0
2025-12-09,3.61,3.78,4.18,4.8,57.0,119.0,102.0
2025-12-10,3.54,3.72,4.13,4.78,59.0,124.0,106.0
2025-12-11,3.52,3.72,4.14,4.79,62.0,127.0,107.0
2025-12-12,3.52,3.75,4.19,4.85,67.0,133.0,110.0
2025-12-15,3.51,3.73,4.18,4.84,67.0,133.0,111.0
2025-12-16,3.48,3.69,4.15,4.82,67.0,134.0,113.0
2025-12-17,3.49,3.7,4.16,4.83,67.0,134.0,113.0
2025-12-18,3.46,3.66,4.12,4.8,66.0,134.0,114.0
2025-12-19,3.48,3.7,4.16,4.82,68.0,134.0,112.0
2025-12-22,3.44,3.71,4.17,4.84,73.0,140.0,113.0
2025-12-23,3.48,3.72,4.18,4.83,70.0,135.0,111.0
2025-12-24,3.47,3.7,4.15,4.79,68.0,132.0,109.0
2025-12-26,3.46,3.68,4.14,4.81,68.0,135.0,113.0
2025-12-29,3.45,3.67,4.12,4.8,67.0,135.0,113.0
2025-12-30,3.45,3.68,4.14,4.81,69.0,136.0,113.0
2025-12-31,3.47,3.73,4.18,4.84,71.0,137.0,111.0
2026-01-02,3.47,3.74,4.19,4.86,72.0,139.0,112.0
2026-01-05,3.46,3.71,4.17,4.85,71.0,139.0,114.0
2026-01-06,3.47,3.72,4.18,4.86,71.0,139.0,114.0
2026-01-07,3.47,3.7,4.15,4.82,68.0,135.0,112.0
2026-01-08,3.49,3.74,4.19,4.85,70.0,136.0,111.0
2026-01-09,3.54,3.75,4.18,4.82,64.0,128.0,107.0
2026-01-12,3.54,3.77,4.19,4.83,65.0,129.0,106.0
2026-01-13,3.53,3.75,4.18,4.83,65.0,130.0,108.0
2026-01-14,3.51,3.72,4.15,4.79,64.0,128.0,107.0
2026-01-15,3.56,3.77,4.17,4.79,61.0,123.0,102.0
2026-01-16,3.59,3.82,4.24,4.83,65.0,124.0,101.0
2026-01-20,3.6,3.86,4.3,4.91,70.0,131.0,105.0
2026-01-21,3.6,3.83,4.26,4.87,66.0,127.0,104.0
2026-01-22,3.61,3.85,4.26,4.84,65.0,123.0,99.0
2026-01-23,3.6,3.84,4.24,4.82,64.0,122.0,98.0
2026-01-26,3.56,3.82,4.22,4.8,66.0,124.0,98.0
2026-01-27,3.53,3.81,4.24,4.83,71.0,130.0,102.0
2026-01-28,3.56,3.83,4.26,4.85,70.0,129.0,102.0
2026-01-29,3.53,3.8,4.24,4.85,71.0,132.0,105.0
2026-01-30,3.52,3.79,4.26,4.87,74.0,135.0,108.0
2026-02-02,3.57,3.83,4.29,4.9,72.0,133.0,107.0
2026-02-03,3.57,3.83,4.28,4.9,71.0,133.0,107.0
2026-02-04,3.57,3.83,4.29,4.91,72.0,134.0,108.0
2026-02-05,3.47,3.74,4.21,4.85,74.0,138.0,111.0
2026-02-06,3.5,3.76,4.22,4.85,72.0,135.0,109.0
2026-02-09,3.48,3.75,4.22,4.85,74.0,137.0,110.0
2026-02-10,3.45,3.7,4.16,4.78,71.0,133.0,108.0
2026-02-11,3.52,3.75,4.18,4.82,66.0,130.0,107.0
2026-02-12,3.47,3.67,4.09,4.72,62.0,125.0,105.0
2026-02-13,3.4,3.61,4.04,4.69,64.0,129.0,108.0
2026-02-17,3.43,3.63,4.05,4.68,62.0,125.0,105.0
2026-02-18,3.47,3.66,4.09,4.71,62.0,124.0,105.0
2026-02-19,3.47,3.65,4.08,4.7,61.0,123.0,105.0
2026-02-20,3.48,3.65,4.08,4.72,60.0,124.0,107.0
2026-02-23,3.43,3.59,4.03,4.7,60.0,127.0,111.0
2026-02-24,3.43,3.61,4.04,4.7,61.0,127.0,109.0
2026-02-25,3.45,3.61,4.05,4.7,60.0,125.0,109.0
2026-02-26,3.42,3.57,4.02,4.67,60.0,125.0,110.0
2026-02-27,3.38,3.51,3.97,4.64,59.0,126.0,113.0
2026-03-02,3.47,3.62,4.05,4.7,58.0,123.0,108.0
2026-03-03,3.51,3.63,4.06,4.7,55.0,119.0,107.0
2026-03-04,3.54,3.67,4.09,4.72,55.0,118.0,105.0
2026-03-05,3.57,3.72,4.13,4.74,56.0,117.0,102.0
2026-03-06,3.56,3.72,4.15,4.77,59.0,121.0,105.0
2026-03-09,3.56,3.71,4.12,4.72,56.0,116.0,101.0
2026-03-10,3.57,3.73,4.15,4.78,58.0,121.0,105.0
2026-03-11,3.64,3.79,4.21,4.86,57.0,122.0,107.0
2026-03-12,3.76,3.88,4.27,4.88,51.0,112.0,100.0
2026-03-13,3.73,3.87,4.28,4.9,55.0,117.0,103.0
2026-03-16,3.68,3.8,4.23,4.86,55.0,118.0,106.0
2026-03-17,3.68,3.79,4.2,4.85,52.0,117.0,106.0
2026-03-18,3.76,3.87,4.26,4.88,50.0,112.0,101.0
2026-03-19,3.79,3.88,4.25,4.83,46.0,104.0,95.0
2026-03-20,3.88,4.01,4.39,4.96,51.0,108.0,95.0
2026-03-23,3.83,3.95,4.34,4.91,51.0,108.0,96.0
2026-03-24,3.9,4.03,4.39,4.94,49.0,104.0,91.0
2026-03-25,3.84,3.96,4.33,4.89,49.0,105.0,93.0
2026-03-26,3.96,4.08,4.42,4.93,46.0,97.0,85.0
2026-03-27,3.88,4.06,4.44,4.98,56.0,110.0,92.0
2026-03-30,3.82,3.97,4.35,4.91,53.0,109.0,94.0
2026-03-31,3.79,3.92,4.3,4.88,51.0,109.0,96.0
2026-04-01,3.81,3.97,4.33,4.91,52.0,110.0,94.0
2026-04-02,3.79,3.94,4.31,4.88,52.0,109.0,94.0
2026-04-03,3.84,3.99,4.35,4.91,51.0,107.0,92.0
2026-04-06,3.84,3.98,4.34,4.89,50.0,105.0,91.0
2026-04-07,3.81,3.95,4.33,4.9,52.0,109.0,95.0
2026-04-08,3.79,3.92,4.29,4.89,50.0,110.0,97.0
2026-04-09,3.78,3.91,4.29,4.9,51.0,112.0,99.0
2026-04-10,3.81,3.94,4.31,4.91,50.0,110.0,97.0
2026-04-13,3.78,3.92,4.3,4.9,52.0,112.0,98.0
2026-04-14,3.76,3.87,4.26,4.87,50.0,111.0,100.0
2026-04-15,3.76,3.9,4.29,4.89,53.0,113.0,99.0
2026-04-16,3.78,3.91,4.32,4.93,54.0,115.0,102.0
2026-04-17,3.71,3.84,4.26,4.88,55.0,117.0,104.0
2026-04-20,3.72,3.86,4.26,4.88,54.0,116.0,102.0
2026-04-21,3.78,3.91,4.3,4.89,52.0,111.0,98.0
2026-04-22,3.79,3.91,4.3,4.9,51.0,111.0,99.0
2026-04-23,3.83,3.96,4.34,4.92,51.0,109.0,96.0
2026-04-24,3.78,3.92,4.31,4.91,53.0,113.0,99.0
2026-04-27,3.78,3.94,4.35,4.94,57.0,116.0,100.0
2026-04-28,3.84,3.97,4.36,4.94,52.0,110.0,97.0
2026-04-29,3.92,4.05,4.42,4.98,50.0,106.0,93.0
2026-04-30,3.88,4.02,4.4,4.98,52.0,110.0,96.0
2026-05-01,3.88,4.02,4.39,4.97,51.0,109.0,95.0
2026-05-04,3.95,4.08,4.45,5.02,50.0,107.0,94.0
2026-05-05,3.93,4.08,4.43,4.98,50.0,105.0,90.0
2026-05-06,3.87,3.99,4.36,4.94,49.0,107.0,95.0
2026-05-07,3.92,4.04,4.41,4.97,49.0,105.0,93.0
2026-05-08,3.9,4.02,4.38,4.95,48.0,105.0,93.0
2026-05-11,3.95,4.07,4.42,4.98,47.0,103.0,91.0
2026-05-12,4.0,4.12,4.46,5.03,46.0,103.0,91.0
2026-05-13,3.98,4.12,4.46,5.03,48.0,105.0,91.0
2026-05-14,4.0,4.13,4.47,5.02,47.0,102.0,89.0
2026-05-15,4.09,4.26,4.59,5.12,50.0,103.0,86.0
2026-05-18,4.07,4.27,4.61,5.14,54.0,107.0,87.0
2026-05-19,4.13,4.32,4.67,5.18,54.0,105.0,86.0
2026-05-20,4.04,4.22,4.57,5.11,53.0,107.0,89.0
2026-05-21,4.08,4.25,4.57,5.1,49.0,102.0,85.0
2026-05-22,4.13,4.27,4.56,5.07,43.0,94.0,80.0
2026-05-26,4.01,4.19,4.5,5.03,49.0,102.0,84.0
2026-05-27,4.0,4.17,4.48,5.01,48.0,101.0,84.0
2026-05-28,3.99,4.15,4.45,4.98,46.0,99.0,83.0
2026-05-29,3.98,4.13,4.45,4.99,47.0,101.0,86.0
2026-06-01,4.05,4.18,4.47,4.99,42.0,94.0,81.0
2026-06-02,4.05,4.17,4.46,4.97,41.0,92.0,80.0
2026-06-03,4.08,4.21,4.49,4.99,41.0,91.0,78.0
2026-06-04,4.05,4.18,4.47,4.97,42.0,92.0,79.0
2026-06-05,4.17,4.29,4.55,5.01,38.0,84.0,72.0
2026-06-08,4.15,4.29,4.56,5.03,41.0,88.0,74.0
2026-06-09,4.13,4.26,4.53,5.01,40.0,88.0,75.0
2026-06-10,4.13,4.27,4.55,5.03,42.0,90.0,76.0
2026-06-11,4.05,4.18,4.45,4.95,40.0,90.0,77.0
2026-06-12,4.09,4.21,4.48,4.97,39.0,88.0,76.0
2026-06-15,4.07,4.18,4.47,4.97,40.0,90.0,79.0
2026-06-16,4.05,4.16,4.43,4.93,38.0,88.0,77.0
2026-06-17,4.2,4.27,4.49,4.93,29.0,73.0,66.0
2026-06-18,4.19,4.23,4.46,4.9,27.0,71.0,67.0
2026-06-22,4.24,4.29,4.51,4.95,27.0,71.0,66.0
2026-06-23,4.16,4.27,4.5,4.94,34.0,78.0,67.0
2026-06-24,4.11,4.17,4.41,4.86,30.0,75.0,69.0
2026-06-25,4.09,4.15,4.4,4.86,31.0,77.0,71.0
2026-06-26,4.07,4.12,4.38,4.87,31.0,80.0,75.0
2026-06-29,4.1,4.14,4.38,4.86,28.0,76.0,72.0
2026-06-30,4.14,4.19,4.44,4.91,30.0,77.0,72.0
2026-07-01,4.17,4.24,4.48,4.97,31.0,80.0,73.0
2026-07-02,4.14,4.23,4.49,4.98,35.0,84.0,75.0
2026-07-06,4.13,4.21,4.48,4.99,35.0,86.0,78.0
2026-07-07,4.19,4.27,4.55,5.05,36.0,86.0,78.0
2026-07-08,4.21,4.31,4.56,5.06,35.0,85.0,75.0
2026-07-09,4.16,4.27,4.54,5.05,38.0,89.0,78.0
2026-07-10,4.21,4.3,4.56,5.06,35.0,85.0,76.0
2026-07-13,4.26,4.37,4.62,5.1,36.0,84.0,73.0
2026-07-14,4.18,4.31,4.58,5.08,40.0,90.0,77.0
2026-07-15,4.13,4.26,4.55,5.08,42.0,95.0,82.0
2026-07-16,4.16,4.28,4.57,5.09,41.0,93.0,81.0
2026-07-17,4.18,4.28,4.55,5.06,37.0,88.0,78.0
2026-07-20,4.21,4.33,4.6,5.11,39.0,90.0,78.0
2026-07-21,4.26,4.37,4.63,5.13,37.0,87.0,76.0
2026-07-22,4.31,4.41,4.67,5.15,36.0,84.0,74.0
2026-07-23,4.37,4.46,4.71,5.17,34.0,80.0,71.0
2026-07-24,4.33,4.43,4.69,5.16,36.0,83.0,73.0
2026-07-27,4.31,4.4,4.65,5.12,34.0,81.0,72.0
2026-07-28,4.26,4.35,4.61,5.09,35.0,83.0,74.0
2026-07-29,4.22,4.37,4.67,5.2,45.0,98.0,83.0
2026-07-30,4.23,4.38,4.68,5.21,45.0,98.0,83.0
2026-07-31,4.28,4.45,4.75,5.27,47.0,99.0,82.0
2026-08-03,4.25,4.4,4.7,5.23,45.0,98.0,83.0
2026-08-04,4.2,4.33,4.63,5.18,43.0,98.0,85.0
2026-08-05,4.18,4.33,4.63,5.17,45.0,99.0,84.0
2026-08-06,4.25,4.4,4.69,5.22,44.0,97.0,82.0
2026-08-07,4.19,4.35,4.65,5.19,46.0,100.0,84.0
2026-08-10,4.25,4.41,4.72,5.25,47.0,100.0,84.0
2026-08-11,4.22,4.39,4.7,5.24,48.0,102.0,85.0
2026-08-12,4.2,4.38,4.68,5.24,48.0,104.0,86.0
2026-08-13,4.15,4.32,4.63,5.21,48.0,106.0,89.0
2026-08-14,4.17,4.36,4.68,5.25,51.0,108.0,89.0
2026-08-17,4.19,4.38,4.72,5.31,53.0,112.0,93.0
